/*
 Navicat Premium Dump SQL

 Source Server         : 我的数据库
 Source Server Type    : MySQL
 Source Server Version : 80044 (8.0.44)
 Source Host           : 127.0.0.1:3306
 Source Schema         : sarcopenia

 Target Server Type    : MySQL
 Target Server Version : 80044 (8.0.44)
 File Encoding         : 65001

 Date: 18/06/2026 17:37:22
*/

SET NAMES utf8mb4;
SET FOREIGN_KEY_CHECKS = 0;

-- ----------------------------
-- Table structure for acga_option
-- ----------------------------
DROP TABLE IF EXISTS `acga_option`;
CREATE TABLE `acga_option`  (
  `id` int NOT NULL AUTO_INCREMENT COMMENT '主键',
  `question_id` bigint NOT NULL COMMENT '题目id',
  `label` varchar(10) CHARACTER SET utf8mb4 COLLATE utf8mb4_general_ci NOT NULL COMMENT '选项标识(a/b/c/d)',
  `content` varchar(255) CHARACTER SET utf8mb4 COLLATE utf8mb4_general_ci NOT NULL COMMENT '选项内容',
  `score` int NULL DEFAULT 0 COMMENT '选项得分',
  `sort` int NULL DEFAULT 0 COMMENT '排序',
  `del_flag` char(1) CHARACTER SET utf8mb4 COLLATE utf8mb4_general_ci NULL DEFAULT '0',
  `create_time` datetime NULL DEFAULT CURRENT_TIMESTAMP COMMENT '创建时间',
  `update_time` datetime NULL DEFAULT CURRENT_TIMESTAMP ON UPDATE CURRENT_TIMESTAMP COMMENT '更新时间',
  `create_by` varchar(64) CHARACTER SET utf8mb4 COLLATE utf8mb4_general_ci NULL DEFAULT '' COMMENT '创建者',
  `update_by` varchar(64) CHARACTER SET utf8mb4 COLLATE utf8mb4_general_ci NULL DEFAULT '' COMMENT '更新者',
  PRIMARY KEY (`id`) USING BTREE
) ENGINE = InnoDB AUTO_INCREMENT = 577 CHARACTER SET = utf8mb4 COLLATE = utf8mb4_general_ci COMMENT = 'cga-选项表' ROW_FORMAT = Dynamic;

-- ----------------------------
-- Records of acga_option
-- ----------------------------
INSERT INTO `acga_option` VALUES (1, 1, 'A', '否', 1, 1, '0', '2026-05-29 10:30:33', '2026-05-29 10:30:33', '', '');
INSERT INTO `acga_option` VALUES (2, 1, 'B', '是', 0, 2, '0', '2026-05-29 10:30:33', '2026-05-29 10:30:33', '', '');
INSERT INTO `acga_option` VALUES (3, 2, 'A', '能看清书报上的标准字体', 4, 1, '0', '2026-05-29 10:30:33', '2026-05-29 10:30:33', '', '');
INSERT INTO `acga_option` VALUES (4, 2, 'B', '能看清楚大字体，但看不清书报上的标准字体', 3, 2, '0', '2026-05-29 10:30:33', '2026-05-29 10:30:33', '', '');
INSERT INTO `acga_option` VALUES (5, 2, 'C', '视力有限，看不清报纸大标题，但能辨认物体', 2, 3, '0', '2026-05-29 10:30:33', '2026-05-29 10:30:33', '', '');
INSERT INTO `acga_option` VALUES (6, 2, 'D', '辨认物体有困难，但眼睛能跟随物体移动，只能看到光、颜色和形状', 1, 4, '0', '2026-05-29 10:30:33', '2026-05-29 10:30:33', '', '');
INSERT INTO `acga_option` VALUES (7, 2, 'E', '没有视力，眼睛不能跟随物体移动', 0, 5, '0', '2026-05-29 10:30:33', '2026-05-29 10:30:33', '', '');
INSERT INTO `acga_option` VALUES (8, 3, 'A', '阅读、行走和看电视时,觉得吃力', 0, 1, '0', '2026-05-29 10:30:33', '2026-05-29 10:30:33', '', '');
INSERT INTO `acga_option` VALUES (9, 3, 'B', '看东西时觉得有东西遮挡或视物有缺损', 1, 2, '0', '2026-05-29 10:30:33', '2026-05-29 10:30:33', '', '');
INSERT INTO `acga_option` VALUES (10, 3, 'C', '看东西时实物变形、扭曲', 1, 3, '0', '2026-05-29 10:30:33', '2026-05-29 10:30:33', '', '');
INSERT INTO `acga_option` VALUES (11, 3, 'D', '以上均没有', 3, 4, '0', '2026-05-29 10:30:33', '2026-05-29 10:30:33', '', '');
INSERT INTO `acga_option` VALUES (12, 4, 'A', '可正常交谈，能听到电视、电话、门铃的声音', 4, 1, '0', '2026-05-29 10:30:33', '2026-05-29 10:30:33', '', '');
INSERT INTO `acga_option` VALUES (13, 4, 'B', '在轻声说话或说话距离超过 2 m 时听不清', 3, 2, '0', '2026-05-29 10:30:33', '2026-05-29 10:30:33', '', '');
INSERT INTO `acga_option` VALUES (14, 4, 'C', '正常交流有些困难，需在安静的环境或大声说话才能听到', 2, 3, '0', '2026-05-29 10:30:33', '2026-05-29 10:30:33', '', '');
INSERT INTO `acga_option` VALUES (15, 4, 'D', '讲话者大声说话或说话很慢，才能部分听见', 1, 4, '0', '2026-05-29 10:30:33', '2026-05-29 10:30:33', '', '');
INSERT INTO `acga_option` VALUES (16, 4, 'E', '完全听不见', 0, 5, '0', '2026-05-29 10:30:33', '2026-05-29 10:30:33', '', '');
INSERT INTO `acga_option` VALUES (17, 5, 'A', '回忆出 0 个词', 0, 1, '0', '2026-05-29 10:30:33', '2026-05-29 10:30:33', '', '');
INSERT INTO `acga_option` VALUES (18, 5, 'B', '回忆出 1 个词', 1, 2, '0', '2026-05-29 10:30:33', '2026-05-29 10:30:33', '', '');
INSERT INTO `acga_option` VALUES (19, 5, 'C', '回忆出 2个词', 2, 3, '0', '2026-05-29 10:30:33', '2026-05-29 10:30:33', '', '');
INSERT INTO `acga_option` VALUES (20, 5, 'D', '回忆出 3 个词', 3, 4, '0', '2026-05-29 10:30:33', '2026-05-29 10:30:33', '', '');
INSERT INTO `acga_option` VALUES (21, 6, 'A', '画钟试验错误', 0, 1, '0', '2026-05-29 10:30:33', '2026-05-29 10:30:33', '', '');
INSERT INTO `acga_option` VALUES (22, 6, 'B', '画钟试验正确', 2, 2, '0', '2026-05-29 10:30:33', '2026-05-29 10:30:33', '', '');
INSERT INTO `acga_option` VALUES (23, 7, 'A', '否', 1, 1, '0', '2026-05-29 10:30:33', '2026-05-29 10:30:33', '', '');
INSERT INTO `acga_option` VALUES (24, 7, 'B', '是', 0, 2, '0', '2026-05-29 10:30:33', '2026-05-29 10:30:33', '', '');
INSERT INTO `acga_option` VALUES (25, 8, 'A', '否', 1, 1, '0', '2026-05-29 10:30:33', '2026-05-29 10:30:33', '', '');
INSERT INTO `acga_option` VALUES (26, 8, 'B', '是', 0, 2, '0', '2026-05-29 10:30:33', '2026-05-29 10:30:33', '', '');
INSERT INTO `acga_option` VALUES (27, 9, 'A', '通道是否无杂乱物品', 1, 1, '0', '2026-05-29 10:30:33', '2026-05-29 10:30:33', '', '');
INSERT INTO `acga_option` VALUES (28, 9, 'B', '地板状况是否良好', 1, 2, '0', '2026-05-29 10:30:33', '2026-05-29 10:30:33', '', '');
INSERT INTO `acga_option` VALUES (29, 9, 'C', '地板是否防滑', 1, 3, '0', '2026-05-29 10:30:33', '2026-05-29 10:30:33', '', '');
INSERT INTO `acga_option` VALUES (30, 9, 'D', '地板上是否有固定的防滑垫', 1, 4, '0', '2026-05-29 10:30:33', '2026-05-29 10:30:33', '', '');
INSERT INTO `acga_option` VALUES (31, 9, 'E', '灯的亮度是否能够让您看清东西', 1, 5, '0', '2026-05-29 10:30:33', '2026-05-29 10:30:33', '', '');
INSERT INTO `acga_option` VALUES (32, 9, 'F', '在床上开关灯是否方便', 1, 6, '0', '2026-05-29 10:30:33', '2026-05-29 10:30:33', '', '');
INSERT INTO `acga_option` VALUES (33, 9, 'G', '晚上外边的路灯、楼道的灯照明是否良好', 1, 7, '0', '2026-05-29 10:30:33', '2026-05-29 10:30:33', '', '');
INSERT INTO `acga_option` VALUES (34, 9, 'H', '淋浴室和浴池旁是否有扶手', 1, 8, '0', '2026-05-29 10:30:33', '2026-05-29 10:30:33', '', '');
INSERT INTO `acga_option` VALUES (35, 9, 'I', '在浴池和浴室是否有固定的防滑垫', 1, 9, '0', '2026-05-29 10:30:33', '2026-05-29 10:30:33', '', '');
INSERT INTO `acga_option` VALUES (36, 9, 'J', '厕所是否接近浴室', 1, 10, '0', '2026-05-29 10:30:33', '2026-05-29 10:30:33', '', '');
INSERT INTO `acga_option` VALUES (37, 9, 'K', '室内的楼梯旁是否都有可用的扶手', 1, 11, '0', '2026-05-29 10:30:33', '2026-05-29 10:30:33', '', '');
INSERT INTO `acga_option` VALUES (38, 9, 'L', '室外的楼梯旁是否都有可用的扶手', 1, 12, '0', '2026-05-29 10:30:33', '2026-05-29 10:30:33', '', '');
INSERT INTO `acga_option` VALUES (39, 9, 'M', '楼梯的边缘是否清晰', 1, 13, '0', '2026-05-29 10:30:33', '2026-05-29 10:30:33', '', '');
INSERT INTO `acga_option` VALUES (40, 9, 'N', '房屋周围的路况是否良好', 1, 14, '0', '2026-05-29 10:30:33', '2026-05-29 10:30:33', '', '');
INSERT INTO `acga_option` VALUES (41, 10, 'A', '否', 1, 1, '0', '2026-05-29 10:30:33', '2026-05-29 10:30:33', '', '');
INSERT INTO `acga_option` VALUES (42, 10, 'B', '是', 0, 2, '0', '2026-05-29 10:30:33', '2026-05-29 10:30:33', '', '');
INSERT INTO `acga_option` VALUES (43, 11, 'A', '疲乏：过去 4 周内大部分时间或者所有时间感到疲乏', 1, 1, '0', '2026-05-29 10:30:33', '2026-05-29 10:30:33', '', '');
INSERT INTO `acga_option` VALUES (44, 11, 'B', '阻力增加 / 耐力减退：不用辅助工具、他人帮助，中途不休息爬 1 层楼有困难', 1, 2, '0', '2026-05-29 10:30:33', '2026-05-29 10:30:33', '', '');
INSERT INTO `acga_option` VALUES (45, 11, 'C', '自由活动下降：不用辅助工具、他人帮助，走完 1 个街区（100m）较困难', 1, 3, '0', '2026-05-29 10:30:33', '2026-05-29 10:30:33', '', '');
INSERT INTO `acga_option` VALUES (46, 11, 'D', '疾病情况：存在 5 种以上相关疾病', 1, 4, '0', '2026-05-29 10:30:33', '2026-05-29 10:30:33', '', '');
INSERT INTO `acga_option` VALUES (47, 11, 'E', '体重下降：1 年或更短时间内体重下降≥5%', 1, 5, '0', '2026-05-29 10:30:33', '2026-05-29 10:30:33', '', '');
INSERT INTO `acga_option` VALUES (48, 11, 'F', '以上均无', 6, 6, '0', '2026-05-29 10:30:33', '2026-05-29 10:30:33', '', '');
INSERT INTO `acga_option` VALUES (49, 12, 'A', '否', 1, 1, '0', '2026-05-29 10:30:33', '2026-05-29 10:30:33', '', '');
INSERT INTO `acga_option` VALUES (50, 12, 'B', '是', 0, 2, '0', '2026-05-29 10:30:33', '2026-05-29 10:30:33', '', '');
INSERT INTO `acga_option` VALUES (51, 13, 'A', '否', 1, 1, '0', '2026-05-29 10:30:33', '2026-05-29 10:30:33', '', '');
INSERT INTO `acga_option` VALUES (52, 13, 'B', '是', 0, 2, '0', '2026-05-29 10:30:33', '2026-05-29 10:30:33', '', '');
INSERT INTO `acga_option` VALUES (53, 14, 'A', '否', 1, 1, '0', '2026-05-29 10:30:33', '2026-05-29 10:30:33', '', '');
INSERT INTO `acga_option` VALUES (54, 14, 'B', '是', 0, 2, '0', '2026-05-29 10:30:33', '2026-05-29 10:30:33', '', '');
INSERT INTO `acga_option` VALUES (55, 15, 'A', '否', 1, 1, '0', '2026-05-29 10:30:33', '2026-05-29 10:30:33', '', '');
INSERT INTO `acga_option` VALUES (56, 15, 'B', '是', 0, 2, '0', '2026-05-29 10:30:33', '2026-05-29 10:30:33', '', '');
INSERT INTO `acga_option` VALUES (57, 16, 'A', '否', 1, 1, '0', '2026-05-29 10:30:33', '2026-05-29 10:30:33', '', '');
INSERT INTO `acga_option` VALUES (58, 16, 'B', '是', 0, 2, '0', '2026-05-29 10:30:33', '2026-05-29 10:30:33', '', '');
INSERT INTO `acga_option` VALUES (59, 17, 'A', '无', 2, 1, '0', '2026-05-29 10:30:33', '2026-05-29 10:30:33', '', '');
INSERT INTO `acga_option` VALUES (60, 17, 'B', '轻度（5～9 种）', 1, 2, '0', '2026-05-29 10:30:33', '2026-05-29 10:30:33', '', '');
INSERT INTO `acga_option` VALUES (61, 17, 'C', '重度（≥10 种）', 0, 3, '0', '2026-05-29 10:30:33', '2026-05-29 10:30:33', '', '');
INSERT INTO `acga_option` VALUES (62, 18, 'A', '否', 1, 1, '0', '2026-05-29 10:30:33', '2026-05-29 10:30:33', '', '');
INSERT INTO `acga_option` VALUES (63, 18, 'B', '是', 0, 2, '0', '2026-05-29 10:30:33', '2026-05-29 10:30:33', '', '');
INSERT INTO `acga_option` VALUES (64, 19, 'A', '食量严重减少', 0, 1, '0', '2026-05-29 10:30:33', '2026-05-29 10:30:33', '', '');
INSERT INTO `acga_option` VALUES (65, 19, 'B', '食量中度减少', 1, 2, '0', '2026-05-29 10:30:33', '2026-05-29 10:30:33', '', '');
INSERT INTO `acga_option` VALUES (66, 19, 'C', '食量没有改变', 2, 3, '0', '2026-05-29 10:30:33', '2026-05-29 10:30:33', '', '');
INSERT INTO `acga_option` VALUES (67, 20, 'A', '＞3 kg', 0, 1, '0', '2026-05-29 10:30:33', '2026-05-29 10:30:33', '', '');
INSERT INTO `acga_option` VALUES (68, 20, 'B', '不知道', 1, 2, '0', '2026-05-29 10:30:33', '2026-05-29 10:30:33', '', '');
INSERT INTO `acga_option` VALUES (69, 20, 'C', '1～3 kg', 2, 3, '0', '2026-05-29 10:30:33', '2026-05-29 10:30:33', '', '');
INSERT INTO `acga_option` VALUES (70, 20, 'D', '无', 3, 4, '0', '2026-05-29 10:30:33', '2026-05-29 10:30:33', '', '');
INSERT INTO `acga_option` VALUES (71, 21, 'A', '长期卧床或坐轮椅', 0, 1, '0', '2026-05-29 10:30:33', '2026-05-29 10:30:33', '', '');
INSERT INTO `acga_option` VALUES (72, 21, 'B', '可以下床或离开轮椅，但不能外出', 1, 2, '0', '2026-05-29 10:30:33', '2026-05-29 10:30:33', '', '');
INSERT INTO `acga_option` VALUES (73, 21, 'C', '可以外出', 2, 3, '0', '2026-05-29 10:30:33', '2026-05-29 10:30:33', '', '');
INSERT INTO `acga_option` VALUES (74, 22, 'A', '是', 0, 1, '0', '2026-05-29 10:30:33', '2026-05-29 10:30:33', '', '');
INSERT INTO `acga_option` VALUES (75, 22, 'B', '否', 2, 2, '0', '2026-05-29 10:30:33', '2026-05-29 10:30:33', '', '');
INSERT INTO `acga_option` VALUES (76, 23, 'A', '严重痴呆或抑郁', 0, 1, '0', '2026-05-29 10:30:33', '2026-05-29 10:30:33', '', '');
INSERT INTO `acga_option` VALUES (77, 23, 'B', '轻度痴呆', 1, 2, '0', '2026-05-29 10:30:33', '2026-05-29 10:30:33', '', '');
INSERT INTO `acga_option` VALUES (78, 23, 'C', '无精神心理问题', 2, 3, '0', '2026-05-29 10:30:33', '2026-05-29 10:30:33', '', '');
INSERT INTO `acga_option` VALUES (79, 24, 'A', 'BMI＜19', 0, 1, '0', '2026-05-29 10:30:33', '2026-05-29 10:30:33', '', '');
INSERT INTO `acga_option` VALUES (80, 24, 'B', '19≤BMI＜21', 1, 2, '0', '2026-05-29 10:30:33', '2026-05-29 10:30:33', '', '');
INSERT INTO `acga_option` VALUES (81, 24, 'C', '21≤BMI＜23', 2, 3, '0', '2026-05-29 10:30:33', '2026-05-29 10:30:33', '', '');
INSERT INTO `acga_option` VALUES (82, 24, 'D', 'BMI≥23', 3, 4, '0', '2026-05-29 10:30:33', '2026-05-29 10:30:33', '', '');
INSERT INTO `acga_option` VALUES (83, 25, 'A', 'CC＜31 cm', 0, 1, '0', '2026-05-29 10:30:33', '2026-05-29 10:30:33', '', '');
INSERT INTO `acga_option` VALUES (84, 25, 'B', 'CC≥31 cm', 3, 2, '0', '2026-05-29 10:30:33', '2026-05-29 10:30:33', '', '');
INSERT INTO `acga_option` VALUES (85, 26, 'A', '否', 1, 1, '0', '2026-05-29 10:30:33', '2026-05-29 10:30:33', '', '');
INSERT INTO `acga_option` VALUES (86, 26, 'B', '是', 0, 2, '0', '2026-05-29 10:30:33', '2026-05-29 10:30:33', '', '');
INSERT INTO `acga_option` VALUES (87, 27, 'A', '否', 1, 1, '0', '2026-05-29 10:30:33', '2026-05-29 10:30:33', '', '');
INSERT INTO `acga_option` VALUES (88, 27, 'B', '是', 0, 2, '0', '2026-05-29 10:30:33', '2026-05-29 10:30:33', '', '');
INSERT INTO `acga_option` VALUES (89, 28, 'A', '否', 1, 1, '0', '2026-05-29 10:30:33', '2026-05-29 10:30:33', '', '');
INSERT INTO `acga_option` VALUES (90, 28, 'B', '是', 0, 2, '0', '2026-05-29 10:30:33', '2026-05-29 10:30:33', '', '');
INSERT INTO `acga_option` VALUES (91, 29, 'A', '否', 1, 1, '0', '2026-05-29 10:30:33', '2026-05-29 10:30:33', '', '');
INSERT INTO `acga_option` VALUES (92, 29, 'B', '是', 0, 2, '0', '2026-05-29 10:30:33', '2026-05-29 10:30:33', '', '');
INSERT INTO `acga_option` VALUES (93, 30, 'A', '否', 1, 1, '0', '2026-05-29 10:30:33', '2026-05-29 10:30:33', '', '');
INSERT INTO `acga_option` VALUES (94, 30, 'B', '是', 0, 2, '0', '2026-05-29 10:30:33', '2026-05-29 10:30:33', '', '');
INSERT INTO `acga_option` VALUES (96, 31, 'A', '可独立进食', 10, 1, '0', '2026-06-01 09:36:21', '2026-06-01 09:36:21', '', '');
INSERT INTO `acga_option` VALUES (97, 31, 'B', '需部分帮助', 5, 2, '0', '2026-06-01 09:36:21', '2026-06-01 09:36:21', '', '');
INSERT INTO `acga_option` VALUES (98, 31, 'C', '需极大帮助或完全依赖他人，或留置胃管', 0, 3, '0', '2026-06-01 09:36:21', '2026-06-01 09:36:21', '', '');
INSERT INTO `acga_option` VALUES (99, 32, 'A', '准备好洗澡水后，可自己独立完成洗澡过程', 5, 1, '0', '2026-06-01 09:36:21', '2026-06-01 09:36:21', '', '');
INSERT INTO `acga_option` VALUES (100, 32, 'B', '在洗澡过程需要他人帮助', 0, 2, '0', '2026-06-01 09:36:21', '2026-06-01 09:36:21', '', '');
INSERT INTO `acga_option` VALUES (101, 33, 'A', '可自己独立完成', 5, 1, '0', '2026-06-01 09:36:21', '2026-06-01 09:36:21', '', '');
INSERT INTO `acga_option` VALUES (102, 33, 'B', '需他人帮助', 0, 2, '0', '2026-06-01 09:36:21', '2026-06-01 09:36:21', '', '');
INSERT INTO `acga_option` VALUES (103, 34, 'A', '可独立完成', 10, 1, '0', '2026-06-01 09:36:21', '2026-06-01 09:36:21', '', '');
INSERT INTO `acga_option` VALUES (104, 34, 'B', '需部分帮助', 5, 2, '0', '2026-06-01 09:36:21', '2026-06-01 09:36:21', '', '');
INSERT INTO `acga_option` VALUES (105, 34, 'C', '需极大帮助或完全依赖他人', 0, 3, '0', '2026-06-01 09:36:21', '2026-06-01 09:36:21', '', '');
INSERT INTO `acga_option` VALUES (106, 35, 'A', '可控制大便', 10, 1, '0', '2026-06-01 09:36:21', '2026-06-01 09:36:21', '', '');
INSERT INTO `acga_option` VALUES (107, 35, 'B', '偶尔失控，或需要他人提示', 5, 2, '0', '2026-06-01 09:36:21', '2026-06-01 09:36:21', '', '');
INSERT INTO `acga_option` VALUES (108, 35, 'C', '完全失控', 0, 3, '0', '2026-06-01 09:36:21', '2026-06-01 09:36:21', '', '');
INSERT INTO `acga_option` VALUES (109, 36, 'A', '可控制小便', 10, 1, '0', '2026-06-01 09:36:21', '2026-06-01 09:36:21', '', '');
INSERT INTO `acga_option` VALUES (110, 36, 'B', '偶尔失控，或需要他人提示', 5, 2, '0', '2026-06-01 09:36:21', '2026-06-01 09:36:21', '', '');
INSERT INTO `acga_option` VALUES (111, 36, 'C', '完全失控，或留置导尿管', 0, 3, '0', '2026-06-01 09:36:21', '2026-06-01 09:36:21', '', '');
INSERT INTO `acga_option` VALUES (112, 37, 'A', '可独立完成', 10, 1, '0', '2026-06-01 09:36:21', '2026-06-01 09:36:21', '', '');
INSERT INTO `acga_option` VALUES (113, 37, 'B', '需部分帮助', 5, 2, '0', '2026-06-01 09:36:21', '2026-06-01 09:36:21', '', '');
INSERT INTO `acga_option` VALUES (114, 37, 'C', '需极大帮助或完全依赖他人', 0, 3, '0', '2026-06-01 09:36:21', '2026-06-01 09:36:21', '', '');
INSERT INTO `acga_option` VALUES (115, 38, 'A', '可独立完成', 15, 1, '0', '2026-06-01 09:36:21', '2026-06-01 09:36:21', '', '');
INSERT INTO `acga_option` VALUES (116, 38, 'B', '需部分帮助', 10, 2, '0', '2026-06-01 09:36:21', '2026-06-01 09:36:21', '', '');
INSERT INTO `acga_option` VALUES (117, 38, 'C', '需极大帮助', 5, 3, '0', '2026-06-01 09:36:21', '2026-06-01 09:36:21', '', '');
INSERT INTO `acga_option` VALUES (118, 38, 'D', '完全依赖他人', 0, 4, '0', '2026-06-01 09:36:21', '2026-06-01 09:36:21', '', '');
INSERT INTO `acga_option` VALUES (119, 39, 'A', '可独立在平地上行走45m', 15, 1, '0', '2026-06-01 09:36:21', '2026-06-01 09:36:21', '', '');
INSERT INTO `acga_option` VALUES (120, 39, 'B', '需部分帮助', 10, 2, '0', '2026-06-01 09:36:21', '2026-06-01 09:36:21', '', '');
INSERT INTO `acga_option` VALUES (121, 39, 'C', '需极大帮助', 5, 3, '0', '2026-06-01 09:36:21', '2026-06-01 09:36:21', '', '');
INSERT INTO `acga_option` VALUES (122, 39, 'D', '完全依赖他人', 0, 4, '0', '2026-06-01 09:36:21', '2026-06-01 09:36:21', '', '');
INSERT INTO `acga_option` VALUES (123, 40, 'A', '可独立上下楼梯', 10, 1, '0', '2026-06-01 09:36:21', '2026-06-01 09:36:21', '', '');
INSERT INTO `acga_option` VALUES (124, 40, 'B', '需部分帮助', 5, 2, '0', '2026-06-01 09:36:21', '2026-06-01 09:36:21', '', '');
INSERT INTO `acga_option` VALUES (125, 40, 'C', '需极大帮助或完全依赖他人', 0, 3, '0', '2026-06-01 09:36:21', '2026-06-01 09:36:21', '', '');
INSERT INTO `acga_option` VALUES (126, 41, 'A', '保持10s', 1, 1, '0', '2026-06-01 15:04:02', '2026-06-01 15:04:02', '', '');
INSERT INTO `acga_option` VALUES (127, 41, 'B', '未保持10s', 0, 2, '0', '2026-06-01 15:04:02', '2026-06-01 15:04:02', '', '');
INSERT INTO `acga_option` VALUES (128, 41, 'C', '不尝试（结束平衡测试）', 0, 3, '0', '2026-06-01 15:04:02', '2026-06-01 15:04:02', '', '');
INSERT INTO `acga_option` VALUES (129, 42, 'A', '保持10s', 1, 1, '0', '2026-06-01 15:04:02', '2026-06-01 15:04:02', '', '');
INSERT INTO `acga_option` VALUES (130, 42, 'B', '未保持10s', 0, 2, '0', '2026-06-01 15:04:02', '2026-06-01 15:04:02', '', '');
INSERT INTO `acga_option` VALUES (131, 42, 'C', '不尝试（结束平衡测试）', 0, 3, '0', '2026-06-01 15:04:02', '2026-06-01 15:04:02', '', '');
INSERT INTO `acga_option` VALUES (132, 43, 'A', '保持10s', 2, 1, '0', '2026-06-01 15:04:02', '2026-06-01 15:04:02', '', '');
INSERT INTO `acga_option` VALUES (133, 43, 'B', '保持3~9.99s', 1, 2, '0', '2026-06-01 15:04:02', '2026-06-01 15:04:02', '', '');
INSERT INTO `acga_option` VALUES (134, 43, 'C', '保持<3s', 0, 3, '0', '2026-06-01 15:04:02', '2026-06-01 15:04:02', '', '');
INSERT INTO `acga_option` VALUES (135, 43, 'D', '不尝试', 0, 4, '0', '2026-06-01 15:04:02', '2026-06-01 15:04:02', '', '');
INSERT INTO `acga_option` VALUES (136, 44, 'A', '<4.82s', 4, 1, '0', '2026-06-01 15:04:02', '2026-06-01 15:04:02', '', '');
INSERT INTO `acga_option` VALUES (137, 44, 'B', '4.82~6.20s', 3, 2, '0', '2026-06-01 15:04:02', '2026-06-01 15:04:02', '', '');
INSERT INTO `acga_option` VALUES (138, 44, 'C', '6.21~8.70s', 2, 3, '0', '2026-06-01 15:04:02', '2026-06-01 15:04:02', '', '');
INSERT INTO `acga_option` VALUES (139, 44, 'D', '>8.70s', 1, 4, '0', '2026-06-01 15:04:02', '2026-06-01 15:04:02', '', '');
INSERT INTO `acga_option` VALUES (140, 44, 'E', '不能完成', 0, 5, '0', '2026-06-01 15:04:02', '2026-06-01 15:04:02', '', '');
INSERT INTO `acga_option` VALUES (141, 45, 'A', '≤11.19s', 4, 1, '0', '2026-06-01 15:04:02', '2026-06-01 15:04:02', '', '');
INSERT INTO `acga_option` VALUES (142, 45, 'B', '11.20~13.69s', 3, 2, '0', '2026-06-01 15:04:02', '2026-06-01 15:04:02', '', '');
INSERT INTO `acga_option` VALUES (143, 45, 'C', '13.70~16.69s', 2, 3, '0', '2026-06-01 15:04:02', '2026-06-01 15:04:02', '', '');
INSERT INTO `acga_option` VALUES (144, 45, 'D', '16.70~60s', 1, 4, '0', '2026-06-01 15:04:02', '2026-06-01 15:04:02', '', '');
INSERT INTO `acga_option` VALUES (145, 45, 'E', '>60s或不能完成', 0, 5, '0', '2026-06-01 15:04:02', '2026-06-01 15:04:02', '', '');
INSERT INTO `acga_option` VALUES (146, 46, 'A', '能看清书报上的标准字体', 4, 1, '0', '2026-06-01 15:43:34', '2026-06-01 15:43:34', 'admin', 'admin');
INSERT INTO `acga_option` VALUES (147, 46, 'B', '能看清楚大字体,但看不清书报上的标准字体', 3, 2, '0', '2026-06-01 15:43:34', '2026-06-01 15:43:34', 'admin', 'admin');
INSERT INTO `acga_option` VALUES (148, 46, 'C', '视力有限,看不清报纸大标题,但能辨认物体', 2, 3, '0', '2026-06-01 15:43:34', '2026-06-01 15:43:34', 'admin', 'admin');
INSERT INTO `acga_option` VALUES (149, 46, 'D', '辨认物体有困难,但眼睛能跟随物体移动,只能看到光、颜色和形状', 1, 4, '0', '2026-06-01 15:43:34', '2026-06-01 15:43:34', 'admin', 'admin');
INSERT INTO `acga_option` VALUES (150, 46, 'E', '没有视力,眼睛不能跟随物体移动', 0, 5, '0', '2026-06-01 15:43:34', '2026-06-01 15:43:34', 'admin', 'admin');
INSERT INTO `acga_option` VALUES (151, 47, 'A', '是', 0, 1, '0', '2026-06-01 15:43:34', '2026-06-01 15:43:34', 'admin', 'admin');
INSERT INTO `acga_option` VALUES (152, 47, 'B', '否', 1, 2, '0', '2026-06-01 15:43:34', '2026-06-01 15:43:34', 'admin', 'admin');
INSERT INTO `acga_option` VALUES (153, 48, 'A', '是', 0, 1, '0', '2026-06-01 15:43:34', '2026-06-01 15:43:34', 'admin', 'admin');
INSERT INTO `acga_option` VALUES (154, 48, 'B', '否', 1, 2, '0', '2026-06-01 15:43:34', '2026-06-01 15:43:34', 'admin', 'admin');
INSERT INTO `acga_option` VALUES (155, 49, 'A', '是', 0, 1, '0', '2026-06-01 15:43:34', '2026-06-01 15:43:34', 'admin', 'admin');
INSERT INTO `acga_option` VALUES (156, 49, 'B', '否', 1, 2, '0', '2026-06-01 15:43:34', '2026-06-01 15:43:34', 'admin', 'admin');
INSERT INTO `acga_option` VALUES (157, 50, 'A', '可正常交谈,能听到电视、电话、门铃的声音', 4, 1, '0', '2026-06-01 15:43:34', '2026-06-01 15:43:34', 'admin', 'admin');
INSERT INTO `acga_option` VALUES (158, 50, 'B', '在轻声说话或说话距离超过2m时听不清', 3, 2, '0', '2026-06-01 15:43:34', '2026-06-01 15:43:34', 'admin', 'admin');
INSERT INTO `acga_option` VALUES (159, 50, 'C', '正常交流有些困难,需在安静的环境或大声说话才能听到', 2, 3, '0', '2026-06-01 15:43:34', '2026-06-01 15:43:34', 'admin', 'admin');
INSERT INTO `acga_option` VALUES (160, 50, 'D', '讲话者大声说话或说话很慢,才能部分听见', 1, 4, '0', '2026-06-01 15:43:34', '2026-06-01 15:43:34', 'admin', 'admin');
INSERT INTO `acga_option` VALUES (161, 50, 'E', '完全听不见', 0, 5, '0', '2026-06-01 15:43:34', '2026-06-01 15:43:34', 'admin', 'admin');
INSERT INTO `acga_option` VALUES (162, 51, 'A', '通过（能正确重复3个及以上词语）', 0, 1, '0', '2026-06-01 15:43:34', '2026-06-01 15:43:34', 'admin', 'admin');
INSERT INTO `acga_option` VALUES (163, 51, 'B', '阳性（无法正确重复3个及以上词语）', 1, 2, '0', '2026-06-01 15:43:34', '2026-06-01 15:43:34', 'admin', 'admin');
INSERT INTO `acga_option` VALUES (164, 52, 'A', '是', 0, 1, '0', '2026-06-02 09:36:14', '2026-06-02 09:59:06', '', '');
INSERT INTO `acga_option` VALUES (165, 52, 'B', '否', 1, 2, '0', '2026-06-02 09:36:14', '2026-06-02 09:59:08', '', '');
INSERT INTO `acga_option` VALUES (166, 53, 'A', '是', 1, 1, '0', '2026-06-02 09:36:14', '2026-06-02 09:59:10', '', '');
INSERT INTO `acga_option` VALUES (167, 53, 'B', '否', 0, 2, '0', '2026-06-02 09:36:14', '2026-06-02 09:59:11', '', '');
INSERT INTO `acga_option` VALUES (168, 54, 'A', '是', 1, 1, '0', '2026-06-02 09:36:14', '2026-06-02 09:59:13', '', '');
INSERT INTO `acga_option` VALUES (169, 54, 'B', '否', 0, 2, '0', '2026-06-02 09:36:14', '2026-06-02 09:59:16', '', '');
INSERT INTO `acga_option` VALUES (170, 55, 'A', '是', 1, 1, '0', '2026-06-02 09:36:14', '2026-06-02 09:59:17', '', '');
INSERT INTO `acga_option` VALUES (171, 55, 'B', '否', 0, 2, '0', '2026-06-02 09:36:14', '2026-06-02 09:59:18', '', '');
INSERT INTO `acga_option` VALUES (172, 56, 'A', '是', 0, 1, '0', '2026-06-02 09:36:14', '2026-06-02 09:59:19', '', '');
INSERT INTO `acga_option` VALUES (173, 56, 'B', '否', 1, 2, '0', '2026-06-02 09:36:14', '2026-06-02 09:59:20', '', '');
INSERT INTO `acga_option` VALUES (174, 57, 'A', '是', 1, 1, '0', '2026-06-02 09:36:14', '2026-06-02 09:59:23', '', '');
INSERT INTO `acga_option` VALUES (175, 57, 'B', '否', 0, 2, '0', '2026-06-02 09:36:14', '2026-06-02 09:59:24', '', '');
INSERT INTO `acga_option` VALUES (176, 58, 'A', '是', 0, 1, '0', '2026-06-02 09:36:14', '2026-06-02 09:59:25', '', '');
INSERT INTO `acga_option` VALUES (177, 58, 'B', '否', 1, 2, '0', '2026-06-02 09:36:14', '2026-06-02 09:59:27', '', '');
INSERT INTO `acga_option` VALUES (178, 59, 'A', '是', 1, 1, '0', '2026-06-02 09:36:14', '2026-06-02 09:59:29', '', '');
INSERT INTO `acga_option` VALUES (179, 59, 'B', '否', 0, 2, '0', '2026-06-02 09:36:14', '2026-06-02 09:59:30', '', '');
INSERT INTO `acga_option` VALUES (180, 60, 'A', '是', 1, 1, '0', '2026-06-02 09:36:14', '2026-06-02 09:59:33', '', '');
INSERT INTO `acga_option` VALUES (181, 60, 'B', '否', 0, 2, '0', '2026-06-02 09:36:14', '2026-06-02 09:59:35', '', '');
INSERT INTO `acga_option` VALUES (182, 61, 'A', '是', 1, 1, '0', '2026-06-02 09:36:14', '2026-06-02 09:59:38', '', '');
INSERT INTO `acga_option` VALUES (183, 61, 'B', '否', 0, 2, '0', '2026-06-02 09:36:14', '2026-06-02 09:59:43', '', '');
INSERT INTO `acga_option` VALUES (184, 62, 'A', '是', 0, 1, '0', '2026-06-02 09:36:14', '2026-06-02 09:59:45', '', '');
INSERT INTO `acga_option` VALUES (185, 62, 'B', '否', 1, 2, '0', '2026-06-02 09:36:14', '2026-06-02 09:59:46', '', '');
INSERT INTO `acga_option` VALUES (186, 63, 'A', '是', 1, 1, '0', '2026-06-02 09:36:14', '2026-06-02 09:59:48', '', '');
INSERT INTO `acga_option` VALUES (187, 63, 'B', '否', 0, 2, '0', '2026-06-02 09:36:14', '2026-06-02 09:59:49', '', '');
INSERT INTO `acga_option` VALUES (188, 64, 'A', '是', 0, 1, '0', '2026-06-02 09:36:14', '2026-06-02 09:59:51', '', '');
INSERT INTO `acga_option` VALUES (189, 64, 'B', '否', 1, 2, '0', '2026-06-02 09:36:14', '2026-06-02 09:59:52', '', '');
INSERT INTO `acga_option` VALUES (190, 65, 'A', '是', 1, 1, '0', '2026-06-02 09:36:14', '2026-06-02 09:59:54', '', '');
INSERT INTO `acga_option` VALUES (191, 65, 'B', '否', 0, 2, '0', '2026-06-02 09:36:14', '2026-06-02 09:59:57', '', '');
INSERT INTO `acga_option` VALUES (192, 66, 'A', '是', 1, 1, '0', '2026-06-02 09:36:14', '2026-06-02 09:59:58', '', '');
INSERT INTO `acga_option` VALUES (193, 66, 'B', '否', 0, 2, '0', '2026-06-02 09:36:14', '2026-06-02 10:00:02', '', '');
INSERT INTO `acga_option` VALUES (194, 67, 'A', '否', 0, 1, '0', '2026-06-02 15:21:26', '2026-06-02 15:21:26', '', '');
INSERT INTO `acga_option` VALUES (195, 67, 'B', '是', 1, 2, '0', '2026-06-02 15:21:26', '2026-06-02 15:21:26', '', '');
INSERT INTO `acga_option` VALUES (196, 68, 'A', '否', 0, 1, '0', '2026-06-02 15:21:26', '2026-06-02 15:21:26', '', '');
INSERT INTO `acga_option` VALUES (197, 68, 'B', '是', 1, 2, '0', '2026-06-02 15:21:26', '2026-06-02 15:21:26', '', '');
INSERT INTO `acga_option` VALUES (198, 69, 'A', '否', 0, 1, '0', '2026-06-02 15:21:26', '2026-06-02 15:21:26', '', '');
INSERT INTO `acga_option` VALUES (199, 69, 'B', '是', 1, 2, '0', '2026-06-02 15:21:26', '2026-06-02 15:21:26', '', '');
INSERT INTO `acga_option` VALUES (200, 70, 'A', '否', 0, 1, '0', '2026-06-02 15:21:26', '2026-06-02 15:21:26', '', '');
INSERT INTO `acga_option` VALUES (201, 70, 'B', '是', 1, 2, '0', '2026-06-02 15:21:26', '2026-06-02 15:21:26', '', '');
INSERT INTO `acga_option` VALUES (202, 71, 'A', '否', 0, 1, '0', '2026-06-02 15:21:26', '2026-06-02 15:21:26', '', '');
INSERT INTO `acga_option` VALUES (203, 71, 'B', '是', 1, 2, '0', '2026-06-02 15:21:26', '2026-06-02 15:21:26', '', '');
INSERT INTO `acga_option` VALUES (204, 72, 'A', '否', 0, 1, '0', '2026-06-02 15:21:26', '2026-06-02 15:21:26', '', '');
INSERT INTO `acga_option` VALUES (205, 72, 'B', '是', 1, 2, '0', '2026-06-02 15:21:26', '2026-06-02 15:21:26', '', '');
INSERT INTO `acga_option` VALUES (206, 73, 'A', '否', 0, 1, '0', '2026-06-02 15:21:26', '2026-06-02 15:21:26', '', '');
INSERT INTO `acga_option` VALUES (207, 73, 'B', '是', 1, 2, '0', '2026-06-02 15:21:26', '2026-06-02 15:21:26', '', '');
INSERT INTO `acga_option` VALUES (208, 74, 'A', '汉族', 0, 1, '0', '2026-06-04 16:23:16', '2026-06-04 16:23:16', '', '');
INSERT INTO `acga_option` VALUES (209, 74, 'B', '少数民族', 0, 2, '0', '2026-06-04 16:23:16', '2026-06-04 16:23:16', '', '');
INSERT INTO `acga_option` VALUES (210, 75, 'A', '文盲', 0, 1, '0', '2026-06-04 16:23:16', '2026-06-04 16:23:16', '', '');
INSERT INTO `acga_option` VALUES (211, 75, 'B', '小学', 0, 2, '0', '2026-06-04 16:23:16', '2026-06-04 16:23:16', '', '');
INSERT INTO `acga_option` VALUES (212, 75, 'C', '初中', 0, 3, '0', '2026-06-04 16:23:16', '2026-06-04 16:23:16', '', '');
INSERT INTO `acga_option` VALUES (213, 75, 'D', '高中/技校/中专', 0, 4, '0', '2026-06-04 16:23:16', '2026-06-04 16:23:16', '', '');
INSERT INTO `acga_option` VALUES (214, 75, 'E', '大学专科及以上', 0, 5, '0', '2026-06-04 16:23:16', '2026-06-04 16:23:16', '', '');
INSERT INTO `acga_option` VALUES (215, 75, 'F', '不详', 0, 6, '0', '2026-06-04 16:23:16', '2026-06-04 16:23:16', '', '');
INSERT INTO `acga_option` VALUES (216, 76, 'A', '无', 0, 1, '0', '2026-06-04 16:23:16', '2026-06-04 16:23:16', '', '');
INSERT INTO `acga_option` VALUES (217, 76, 'B', '有', 0, 2, '0', '2026-06-04 16:23:16', '2026-06-04 16:23:16', '', '');
INSERT INTO `acga_option` VALUES (218, 77, 'A', '未婚', 0, 1, '0', '2026-06-04 16:23:16', '2026-06-04 16:23:16', '', '');
INSERT INTO `acga_option` VALUES (219, 77, 'B', '已婚', 0, 2, '0', '2026-06-04 16:23:16', '2026-06-04 16:23:16', '', '');
INSERT INTO `acga_option` VALUES (220, 77, 'C', '丧偶', 0, 3, '0', '2026-06-04 16:23:16', '2026-06-04 16:23:16', '', '');
INSERT INTO `acga_option` VALUES (221, 77, 'D', '离婚', 0, 4, '0', '2026-06-04 16:23:16', '2026-06-04 16:23:16', '', '');
INSERT INTO `acga_option` VALUES (222, 77, 'E', '未说明婚姻状况', 0, 5, '0', '2026-06-04 16:23:16', '2026-06-04 16:23:16', '', '');
INSERT INTO `acga_option` VALUES (223, 78, 'A', '有子女', 0, 1, '0', '2026-06-04 16:23:16', '2026-06-04 16:23:16', '', '');
INSERT INTO `acga_option` VALUES (224, 78, 'B', '无子女', 0, 2, '0', '2026-06-04 16:23:16', '2026-06-04 16:23:16', '', '');
INSERT INTO `acga_option` VALUES (225, 79, 'A', '独居', 0, 1, '0', '2026-06-04 16:23:16', '2026-06-04 16:23:16', '', '');
INSERT INTO `acga_option` VALUES (226, 79, 'B', '与配偶/伴侣居住', 0, 2, '0', '2026-06-04 16:23:16', '2026-06-04 16:23:16', '', '');
INSERT INTO `acga_option` VALUES (227, 79, 'C', '与子女居住', 0, 3, '0', '2026-06-04 16:23:16', '2026-06-04 16:23:16', '', '');
INSERT INTO `acga_option` VALUES (228, 79, 'D', '父母居住', 0, 4, '0', '2026-06-04 16:23:16', '2026-06-04 16:23:16', '', '');
INSERT INTO `acga_option` VALUES (229, 79, 'E', '与兄弟姐妹居住', 0, 5, '0', '2026-06-04 16:23:16', '2026-06-04 16:23:16', '', '');
INSERT INTO `acga_option` VALUES (230, 79, 'F', '与其他亲属居住', 0, 6, '0', '2026-06-04 16:23:16', '2026-06-04 16:23:16', '', '');
INSERT INTO `acga_option` VALUES (231, 79, 'G', '与非亲属关系的人居住', 0, 7, '0', '2026-06-04 16:23:16', '2026-06-04 16:23:16', '', '');
INSERT INTO `acga_option` VALUES (232, 79, 'H', '养老机构', 0, 8, '0', '2026-06-04 16:23:16', '2026-06-04 16:23:16', '', '');
INSERT INTO `acga_option` VALUES (233, 80, 'A', '日常生活不需要人照顾', 0, 1, '0', '2026-06-04 16:23:16', '2026-06-04 16:23:16', '', '');
INSERT INTO `acga_option` VALUES (234, 80, 'B', '日常生活需要人照顾', 0, 2, '0', '2026-06-04 16:23:16', '2026-06-04 16:23:16', '', '');
INSERT INTO `acga_option` VALUES (235, 81, 'A', '城镇职工基本医疗保险', 0, 1, '0', '2026-06-04 16:23:16', '2026-06-04 16:23:16', '', '');
INSERT INTO `acga_option` VALUES (236, 81, 'B', '城镇居民基本医疗保险', 0, 2, '0', '2026-06-04 16:23:16', '2026-06-04 16:23:16', '', '');
INSERT INTO `acga_option` VALUES (237, 81, 'C', '新型农村合作医疗', 0, 3, '0', '2026-06-04 16:23:16', '2026-06-04 16:23:16', '', '');
INSERT INTO `acga_option` VALUES (238, 81, 'D', '医疗救助', 0, 4, '0', '2026-06-04 16:23:16', '2026-06-04 16:23:16', '', '');
INSERT INTO `acga_option` VALUES (239, 81, 'E', '商业医疗保险', 0, 5, '0', '2026-06-04 16:23:16', '2026-06-04 16:23:16', '', '');
INSERT INTO `acga_option` VALUES (240, 81, 'F', '公务员补助', 0, 6, '0', '2026-06-04 16:23:16', '2026-06-04 16:23:16', '', '');
INSERT INTO `acga_option` VALUES (241, 81, 'G', '企业补充保险', 0, 7, '0', '2026-06-04 16:23:16', '2026-06-04 16:23:16', '', '');
INSERT INTO `acga_option` VALUES (242, 81, 'H', '自费', 0, 8, '0', '2026-06-04 16:23:16', '2026-06-04 16:23:16', '', '');
INSERT INTO `acga_option` VALUES (243, 81, 'I', '公费医疗及医疗照顾对象', 0, 9, '0', '2026-06-04 16:23:16', '2026-06-04 16:23:16', '', '');
INSERT INTO `acga_option` VALUES (244, 81, 'J', '其他', 0, 10, '0', '2026-06-04 16:23:16', '2026-06-04 16:23:16', '', '');
INSERT INTO `acga_option` VALUES (245, 82, 'A', '退休金/养老金', 0, 1, '0', '2026-06-04 16:23:16', '2026-06-04 16:23:16', '', '');
INSERT INTO `acga_option` VALUES (246, 82, 'B', '子女补助', 0, 2, '0', '2026-06-04 16:23:16', '2026-06-04 16:23:16', '', '');
INSERT INTO `acga_option` VALUES (247, 82, 'C', '亲友资助', 0, 3, '0', '2026-06-04 16:23:16', '2026-06-04 16:23:16', '', '');
INSERT INTO `acga_option` VALUES (248, 82, 'D', '国家普惠型补贴', 0, 4, '0', '2026-06-04 16:23:16', '2026-06-04 16:23:16', '', '');
INSERT INTO `acga_option` VALUES (249, 82, 'E', '个人储蓄', 0, 5, '0', '2026-06-04 16:23:16', '2026-06-04 16:23:16', '', '');
INSERT INTO `acga_option` VALUES (250, 82, 'F', '个人资产', 0, 6, '0', '2026-06-04 16:23:16', '2026-06-04 16:23:16', '', '');
INSERT INTO `acga_option` VALUES (251, 82, 'G', '其他', 0, 7, '0', '2026-06-04 16:23:16', '2026-06-04 16:23:16', '', '');
INSERT INTO `acga_option` VALUES (252, 83, 'A', '从未抽烟 / 戒烟≥1年', 0, 1, '0', '2026-06-04 16:23:16', '2026-06-04 16:23:16', '', '');
INSERT INTO `acga_option` VALUES (253, 83, 'B', '戒烟<1年', 0, 2, '0', '2026-06-04 16:23:16', '2026-06-04 16:23:16', '', '');
INSERT INTO `acga_option` VALUES (254, 83, 'C', '正在吸烟', 0, 3, '0', '2026-06-04 16:23:16', '2026-06-04 16:23:16', '', '');
INSERT INTO `acga_option` VALUES (255, 84, 'A', '从未饮酒 / 戒酒≥1年', 0, 1, '0', '2026-06-04 16:23:16', '2026-06-04 16:23:16', '', '');
INSERT INTO `acga_option` VALUES (256, 84, 'B', '戒酒<1年', 0, 2, '0', '2026-06-04 16:23:16', '2026-06-04 16:23:16', '', '');
INSERT INTO `acga_option` VALUES (257, 84, 'C', '正在饮酒（至少每月1次）', 0, 3, '0', '2026-06-04 16:23:16', '2026-06-04 16:23:16', '', '');
INSERT INTO `acga_option` VALUES (258, 85, 'A', '从未喝过', 0, 1, '0', '2026-06-04 16:23:16', '2026-06-04 16:23:16', '', '');
INSERT INTO `acga_option` VALUES (259, 85, 'B', '每月1次或不到1次', 1, 2, '0', '2026-06-04 16:23:16', '2026-06-04 16:23:16', '', '');
INSERT INTO `acga_option` VALUES (260, 85, 'C', '每月2-4次', 2, 3, '0', '2026-06-04 16:23:16', '2026-06-04 16:23:16', '', '');
INSERT INTO `acga_option` VALUES (261, 85, 'D', '每周2-3次', 3, 4, '0', '2026-06-04 16:23:16', '2026-06-04 16:23:16', '', '');
INSERT INTO `acga_option` VALUES (262, 85, 'E', '每周4次或更多', 4, 5, '0', '2026-06-04 16:23:16', '2026-06-04 16:23:16', '', '');
INSERT INTO `acga_option` VALUES (263, 86, 'A', '半瓶啤酒到1瓶啤酒；38度1两到1两半；52度白酒5钱到1两', 0, 1, '0', '2026-06-04 16:23:16', '2026-06-04 16:23:16', '', '');
INSERT INTO `acga_option` VALUES (264, 86, 'B', '1瓶半到2瓶啤酒；38度2两到2两半；52度白酒1两半到2两', 1, 2, '0', '2026-06-04 16:23:16', '2026-06-04 16:23:16', '', '');
INSERT INTO `acga_option` VALUES (265, 86, 'C', '2瓶半到3瓶啤酒；38度3两半到4两；52度白酒2两半到3两半', 2, 3, '0', '2026-06-04 16:23:16', '2026-06-04 16:23:16', '', '');
INSERT INTO `acga_option` VALUES (266, 86, 'D', '3瓶半到4瓶半啤酒；38度4两半到6两；52度白酒3两半到4两半', 3, 4, '0', '2026-06-04 16:23:16', '2026-06-04 16:23:16', '', '');
INSERT INTO `acga_option` VALUES (267, 86, 'E', '5瓶啤酒或更多；38度7两或更多；52度白酒半斤或更多', 4, 5, '0', '2026-06-04 16:23:16', '2026-06-04 16:23:16', '', '');
INSERT INTO `acga_option` VALUES (268, 87, 'A', '从未有过', 0, 1, '0', '2026-06-04 16:23:16', '2026-06-04 16:23:16', '', '');
INSERT INTO `acga_option` VALUES (269, 87, 'B', '每月不到1次', 1, 2, '0', '2026-06-04 16:23:16', '2026-06-04 16:23:16', '', '');
INSERT INTO `acga_option` VALUES (270, 87, 'C', '每月1次', 2, 3, '0', '2026-06-04 16:23:16', '2026-06-04 16:23:16', '', '');
INSERT INTO `acga_option` VALUES (271, 87, 'D', '每周1次', 3, 4, '0', '2026-06-04 16:23:16', '2026-06-04 16:23:16', '', '');
INSERT INTO `acga_option` VALUES (272, 87, 'E', '每天1次或几乎每天1次', 4, 5, '0', '2026-06-04 16:23:16', '2026-06-04 16:23:16', '', '');
INSERT INTO `acga_option` VALUES (273, 88, 'A', '从未有过', 0, 1, '0', '2026-06-04 16:23:16', '2026-06-04 16:23:16', '', '');
INSERT INTO `acga_option` VALUES (274, 88, 'B', '每月不到1次', 1, 2, '0', '2026-06-04 16:23:16', '2026-06-04 16:23:16', '', '');
INSERT INTO `acga_option` VALUES (275, 88, 'C', '每月1次', 2, 3, '0', '2026-06-04 16:23:16', '2026-06-04 16:23:16', '', '');
INSERT INTO `acga_option` VALUES (276, 88, 'D', '每周1次', 3, 4, '0', '2026-06-04 16:23:16', '2026-06-04 16:23:16', '', '');
INSERT INTO `acga_option` VALUES (277, 88, 'E', '每天1次或几乎每天1次', 4, 5, '0', '2026-06-04 16:23:16', '2026-06-04 16:23:16', '', '');
INSERT INTO `acga_option` VALUES (278, 89, 'A', '从未有过', 0, 1, '0', '2026-06-04 16:23:16', '2026-06-04 16:23:16', '', '');
INSERT INTO `acga_option` VALUES (279, 89, 'B', '每月不到1次', 1, 2, '0', '2026-06-04 16:23:16', '2026-06-04 16:23:16', '', '');
INSERT INTO `acga_option` VALUES (280, 89, 'C', '每月1次', 2, 3, '0', '2026-06-04 16:23:16', '2026-06-04 16:23:16', '', '');
INSERT INTO `acga_option` VALUES (281, 89, 'D', '每周1次', 3, 4, '0', '2026-06-04 16:23:16', '2026-06-04 16:23:16', '', '');
INSERT INTO `acga_option` VALUES (282, 89, 'E', '每天1次或几乎每天1次', 4, 5, '0', '2026-06-04 16:23:16', '2026-06-04 16:23:16', '', '');
INSERT INTO `acga_option` VALUES (283, 90, 'A', '从未有过', 0, 1, '0', '2026-06-04 16:23:16', '2026-06-04 16:23:16', '', '');
INSERT INTO `acga_option` VALUES (284, 90, 'B', '每月不到1次', 1, 2, '0', '2026-06-04 16:23:16', '2026-06-04 16:23:16', '', '');
INSERT INTO `acga_option` VALUES (285, 90, 'C', '每月1次', 2, 3, '0', '2026-06-04 16:23:16', '2026-06-04 16:23:16', '', '');
INSERT INTO `acga_option` VALUES (286, 90, 'D', '每周1次', 3, 4, '0', '2026-06-04 16:23:16', '2026-06-04 16:23:16', '', '');
INSERT INTO `acga_option` VALUES (287, 90, 'E', '每天1次或几乎每天1次', 4, 5, '0', '2026-06-04 16:23:16', '2026-06-04 16:23:16', '', '');
INSERT INTO `acga_option` VALUES (288, 91, 'A', '从未有过', 0, 1, '0', '2026-06-04 16:23:16', '2026-06-04 16:23:16', '', '');
INSERT INTO `acga_option` VALUES (289, 91, 'B', '每月不到1次', 1, 2, '0', '2026-06-04 16:23:16', '2026-06-04 16:23:16', '', '');
INSERT INTO `acga_option` VALUES (290, 91, 'C', '每月1次', 2, 3, '0', '2026-06-04 16:23:16', '2026-06-04 16:23:16', '', '');
INSERT INTO `acga_option` VALUES (291, 91, 'D', '每周1次', 3, 4, '0', '2026-06-04 16:23:16', '2026-06-04 16:23:16', '', '');
INSERT INTO `acga_option` VALUES (292, 91, 'E', '每天1次或几乎每天1次', 4, 5, '0', '2026-06-04 16:23:16', '2026-06-04 16:23:16', '', '');
INSERT INTO `acga_option` VALUES (293, 92, 'A', '没有过', 0, 1, '0', '2026-06-04 16:23:16', '2026-06-04 16:23:16', '', '');
INSERT INTO `acga_option` VALUES (294, 92, 'B', '是的，但近1年没有', 2, 2, '0', '2026-06-04 16:23:16', '2026-06-04 16:23:16', '', '');
INSERT INTO `acga_option` VALUES (295, 92, 'C', '是的，近1年有过', 4, 3, '0', '2026-06-04 16:23:16', '2026-06-04 16:23:16', '', '');
INSERT INTO `acga_option` VALUES (296, 93, 'A', '没有过', 0, 1, '0', '2026-06-04 16:23:16', '2026-06-04 16:23:16', '', '');
INSERT INTO `acga_option` VALUES (297, 93, 'B', '是的，但近1年没有', 2, 2, '0', '2026-06-04 16:23:16', '2026-06-04 16:23:16', '', '');
INSERT INTO `acga_option` VALUES (298, 93, 'C', '是的，近1年有过', 4, 3, '0', '2026-06-04 16:23:16', '2026-06-04 16:23:16', '', '');
INSERT INTO `acga_option` VALUES (299, 94, 'A', '≤5分钟', 3, 1, '0', '2026-06-04 16:23:16', '2026-06-04 16:23:16', '', '');
INSERT INTO `acga_option` VALUES (300, 94, 'B', '6-30分钟', 2, 2, '0', '2026-06-04 16:23:16', '2026-06-04 16:23:16', '', '');
INSERT INTO `acga_option` VALUES (301, 94, 'C', '31-60分钟', 1, 3, '0', '2026-06-04 16:23:16', '2026-06-04 16:23:16', '', '');
INSERT INTO `acga_option` VALUES (302, 94, 'D', '>60分钟', 0, 4, '0', '2026-06-04 16:23:16', '2026-06-04 16:23:16', '', '');
INSERT INTO `acga_option` VALUES (303, 95, 'A', '是', 1, 1, '0', '2026-06-04 16:23:16', '2026-06-04 16:23:16', '', '');
INSERT INTO `acga_option` VALUES (304, 95, 'B', '否', 0, 2, '0', '2026-06-04 16:23:16', '2026-06-04 16:23:16', '', '');
INSERT INTO `acga_option` VALUES (305, 96, 'A', '早晨第一支', 1, 1, '0', '2026-06-04 16:23:16', '2026-06-04 16:23:16', '', '');
INSERT INTO `acga_option` VALUES (306, 96, 'B', '其它时间', 0, 2, '0', '2026-06-04 16:23:16', '2026-06-04 16:23:16', '', '');
INSERT INTO `acga_option` VALUES (307, 97, 'A', '≤10', 0, 1, '0', '2026-06-04 16:23:16', '2026-06-04 16:23:16', '', '');
INSERT INTO `acga_option` VALUES (308, 97, 'B', '11-20', 1, 2, '0', '2026-06-04 16:23:16', '2026-06-04 16:23:16', '', '');
INSERT INTO `acga_option` VALUES (309, 97, 'C', '21-30', 2, 3, '0', '2026-06-04 16:23:16', '2026-06-04 16:23:16', '', '');
INSERT INTO `acga_option` VALUES (310, 97, 'D', '≥31', 3, 4, '0', '2026-06-04 16:23:16', '2026-06-04 16:23:16', '', '');
INSERT INTO `acga_option` VALUES (311, 98, 'A', '是', 1, 1, '0', '2026-06-04 16:23:16', '2026-06-04 16:23:16', '', '');
INSERT INTO `acga_option` VALUES (312, 98, 'B', '否', 0, 2, '0', '2026-06-04 16:23:16', '2026-06-04 16:23:16', '', '');
INSERT INTO `acga_option` VALUES (313, 99, 'A', '是', 1, 1, '0', '2026-06-04 16:23:16', '2026-06-04 16:23:16', '', '');
INSERT INTO `acga_option` VALUES (314, 99, 'B', '否', 0, 2, '0', '2026-06-04 16:23:16', '2026-06-04 16:23:16', '', '');
INSERT INTO `acga_option` VALUES (316, 100, 'A', '从未有过', 0, 1, '0', '2026-06-04 17:45:28', '2026-06-04 17:45:28', '', '');
INSERT INTO `acga_option` VALUES (317, 100, 'B', '每月不到1次', 1, 2, '0', '2026-06-04 17:45:28', '2026-06-04 17:45:28', '', '');
INSERT INTO `acga_option` VALUES (318, 100, 'C', '每月1次', 2, 3, '0', '2026-06-04 17:45:28', '2026-06-04 17:45:28', '', '');
INSERT INTO `acga_option` VALUES (319, 100, 'D', '每周1次', 3, 4, '0', '2026-06-04 17:45:28', '2026-06-04 17:45:28', '', '');
INSERT INTO `acga_option` VALUES (320, 100, 'E', '每天1次或几乎每天1次', 4, 5, '0', '2026-06-04 17:45:28', '2026-06-04 17:45:28', '', '');
INSERT INTO `acga_option` VALUES (321, 101, 'A', '高血压', 0, 1, '0', '2026-06-05 09:14:22', '2026-06-05 09:14:22', '', '');
INSERT INTO `acga_option` VALUES (322, 101, 'B', '糖尿病', 0, 2, '0', '2026-06-05 09:14:22', '2026-06-05 09:14:22', '', '');
INSERT INTO `acga_option` VALUES (323, 101, 'C', '高血脂', 0, 3, '0', '2026-06-05 09:14:22', '2026-06-05 09:14:22', '', '');
INSERT INTO `acga_option` VALUES (324, 101, 'D', '冠心病', 0, 4, '0', '2026-06-05 09:14:22', '2026-06-05 09:14:22', '', '');
INSERT INTO `acga_option` VALUES (325, 101, 'E', '心衰或心功能不全', 0, 5, '0', '2026-06-05 09:14:22', '2026-06-05 09:14:22', '', '');
INSERT INTO `acga_option` VALUES (326, 101, 'F', '脑卒中', 0, 6, '0', '2026-06-05 09:14:22', '2026-06-05 09:14:22', '', '');
INSERT INTO `acga_option` VALUES (327, 101, 'G', '帕金森', 0, 7, '0', '2026-06-05 09:14:22', '2026-06-05 09:14:22', '', '');
INSERT INTO `acga_option` VALUES (328, 101, 'H', '阿尔茨海默症', 0, 8, '0', '2026-06-05 09:14:22', '2026-06-05 09:14:22', '', '');
INSERT INTO `acga_option` VALUES (329, 101, 'I', '哮喘', 0, 9, '0', '2026-06-05 09:14:22', '2026-06-05 09:14:22', '', '');
INSERT INTO `acga_option` VALUES (330, 101, 'J', '慢性阻塞性肺疾病', 0, 10, '0', '2026-06-05 09:14:22', '2026-06-05 09:14:22', '', '');
INSERT INTO `acga_option` VALUES (331, 101, 'K', '慢性胃炎', 0, 11, '0', '2026-06-05 09:14:22', '2026-06-05 09:14:22', '', '');
INSERT INTO `acga_option` VALUES (332, 101, 'L', '肾衰或肾功能不全', 0, 12, '0', '2026-06-05 09:14:22', '2026-06-05 09:14:22', '', '');
INSERT INTO `acga_option` VALUES (333, 101, 'M', '骨质疏松', 0, 13, '0', '2026-06-05 09:14:22', '2026-06-05 09:14:22', '', '');
INSERT INTO `acga_option` VALUES (334, 101, 'N', '骨关节炎', 0, 14, '0', '2026-06-05 09:14:22', '2026-06-05 09:14:22', '', '');
INSERT INTO `acga_option` VALUES (335, 101, 'O', '脂肪肝', 0, 15, '0', '2026-06-05 09:14:22', '2026-06-05 09:14:22', '', '');
INSERT INTO `acga_option` VALUES (336, 101, 'P', '恶性肿瘤', 0, 16, '0', '2026-06-05 09:14:22', '2026-06-05 09:14:22', '', '');
INSERT INTO `acga_option` VALUES (337, 101, 'Q', '无', 0, 17, '0', '2026-06-05 09:14:22', '2026-06-05 09:14:22', '', '');
INSERT INTO `acga_option` VALUES (338, 101, 'R', '其他', 0, 18, '0', '2026-06-05 09:14:22', '2026-06-05 09:14:22', '', '');
INSERT INTO `acga_option` VALUES (339, 102, 'A', '无', 0, 1, '0', '2026-06-05 09:14:30', '2026-06-05 09:14:30', '', '');
INSERT INTO `acga_option` VALUES (340, 102, 'B', '有', 1, 2, '0', '2026-06-05 09:14:30', '2026-06-05 09:14:30', '', '');
INSERT INTO `acga_option` VALUES (341, 103, 'A', '无', 0, 1, '0', '2026-06-05 09:14:30', '2026-06-05 09:14:30', '', '');
INSERT INTO `acga_option` VALUES (342, 103, 'B', '有', 1, 2, '0', '2026-06-05 09:14:30', '2026-06-05 09:14:30', '', '');
INSERT INTO `acga_option` VALUES (343, 104, 'A', '无', 0, 1, '0', '2026-06-05 09:14:30', '2026-06-05 09:14:30', '', '');
INSERT INTO `acga_option` VALUES (344, 104, 'B', '有', 1, 2, '0', '2026-06-05 09:14:30', '2026-06-05 09:14:30', '', '');
INSERT INTO `acga_option` VALUES (345, 105, 'A', '无', 0, 1, '0', '2026-06-05 09:14:30', '2026-06-05 09:14:30', '', '');
INSERT INTO `acga_option` VALUES (346, 105, 'B', '有', 1, 2, '0', '2026-06-05 09:14:30', '2026-06-05 09:14:30', '', '');
INSERT INTO `acga_option` VALUES (347, 106, 'A', '无', 0, 1, '0', '2026-06-05 09:14:30', '2026-06-05 09:14:30', '', '');
INSERT INTO `acga_option` VALUES (348, 106, 'B', '有', 1, 2, '0', '2026-06-05 09:14:30', '2026-06-05 09:14:30', '', '');
INSERT INTO `acga_option` VALUES (349, 107, 'A', '无', 0, 1, '0', '2026-06-05 09:14:30', '2026-06-05 09:14:30', '', '');
INSERT INTO `acga_option` VALUES (350, 107, 'B', '有', 1, 2, '0', '2026-06-05 09:14:30', '2026-06-05 09:14:30', '', '');
INSERT INTO `acga_option` VALUES (351, 108, 'A', '无', 0, 1, '0', '2026-06-05 09:14:30', '2026-06-05 09:14:30', '', '');
INSERT INTO `acga_option` VALUES (352, 108, 'B', '有', 1, 2, '0', '2026-06-05 09:14:30', '2026-06-05 09:14:30', '', '');
INSERT INTO `acga_option` VALUES (353, 109, 'A', '无', 0, 1, '0', '2026-06-05 09:14:30', '2026-06-05 09:14:30', '', '');
INSERT INTO `acga_option` VALUES (354, 109, 'B', '有', 1, 2, '0', '2026-06-05 09:14:30', '2026-06-05 09:14:30', '', '');
INSERT INTO `acga_option` VALUES (355, 110, 'A', '无', 0, 1, '0', '2026-06-05 09:14:30', '2026-06-05 09:14:30', '', '');
INSERT INTO `acga_option` VALUES (356, 110, 'B', '有', 1, 2, '0', '2026-06-05 09:14:30', '2026-06-05 09:14:30', '', '');
INSERT INTO `acga_option` VALUES (357, 111, 'A', '无', 0, 1, '0', '2026-06-05 09:14:30', '2026-06-05 09:14:30', '', '');
INSERT INTO `acga_option` VALUES (358, 111, 'B', '有', 1, 2, '0', '2026-06-05 09:14:30', '2026-06-05 09:14:30', '', '');
INSERT INTO `acga_option` VALUES (359, 112, 'A', '无', 0, 1, '0', '2026-06-05 09:14:30', '2026-06-05 09:14:30', '', '');
INSERT INTO `acga_option` VALUES (360, 112, 'B', '有', 2, 2, '0', '2026-06-05 09:14:30', '2026-06-05 09:14:30', '', '');
INSERT INTO `acga_option` VALUES (361, 113, 'A', '无', 0, 1, '0', '2026-06-05 09:14:30', '2026-06-05 09:14:30', '', '');
INSERT INTO `acga_option` VALUES (362, 113, 'B', '有', 2, 2, '0', '2026-06-05 09:14:30', '2026-06-05 09:14:30', '', '');
INSERT INTO `acga_option` VALUES (363, 114, 'A', '无', 0, 1, '0', '2026-06-05 09:14:30', '2026-06-05 09:14:30', '', '');
INSERT INTO `acga_option` VALUES (364, 114, 'B', '有', 2, 2, '0', '2026-06-05 09:14:30', '2026-06-05 09:14:30', '', '');
INSERT INTO `acga_option` VALUES (365, 115, 'A', '无', 0, 1, '0', '2026-06-05 09:14:30', '2026-06-05 09:14:30', '', '');
INSERT INTO `acga_option` VALUES (366, 115, 'B', '有', 2, 2, '0', '2026-06-05 09:14:30', '2026-06-05 09:14:30', '', '');
INSERT INTO `acga_option` VALUES (367, 116, 'A', '无', 0, 1, '0', '2026-06-05 09:14:30', '2026-06-05 09:14:30', '', '');
INSERT INTO `acga_option` VALUES (368, 116, 'B', '有', 2, 2, '0', '2026-06-05 09:14:30', '2026-06-05 09:14:30', '', '');
INSERT INTO `acga_option` VALUES (369, 117, 'A', '无', 0, 1, '0', '2026-06-05 09:14:30', '2026-06-05 09:14:30', '', '');
INSERT INTO `acga_option` VALUES (370, 117, 'B', '有', 2, 2, '0', '2026-06-05 09:14:30', '2026-06-05 09:14:30', '', '');
INSERT INTO `acga_option` VALUES (371, 118, 'A', '无', 0, 1, '0', '2026-06-05 09:14:30', '2026-06-05 09:14:30', '', '');
INSERT INTO `acga_option` VALUES (372, 118, 'B', '有', 3, 2, '0', '2026-06-05 09:14:30', '2026-06-05 09:14:30', '', '');
INSERT INTO `acga_option` VALUES (373, 119, 'A', '无', 0, 1, '0', '2026-06-05 09:14:30', '2026-06-05 09:14:30', '', '');
INSERT INTO `acga_option` VALUES (374, 119, 'B', '有', 3, 2, '0', '2026-06-05 09:14:30', '2026-06-05 09:14:30', '', '');
INSERT INTO `acga_option` VALUES (375, 120, 'A', '无', 0, 1, '0', '2026-06-05 09:14:30', '2026-06-05 09:14:30', '', '');
INSERT INTO `acga_option` VALUES (376, 120, 'B', '有', 6, 2, '0', '2026-06-05 09:14:30', '2026-06-05 09:14:30', '', '');
INSERT INTO `acga_option` VALUES (377, 121, 'A', '是', 0, 1, '0', '2026-06-05 09:14:30', '2026-06-05 09:14:30', '', '');
INSERT INTO `acga_option` VALUES (378, 121, 'B', '否', 0, 2, '0', '2026-06-05 09:14:30', '2026-06-05 09:14:30', '', '');
INSERT INTO `acga_option` VALUES (379, 122, 'A', '无异常', 0, 1, '0', '2026-06-05 09:14:38', '2026-06-05 09:14:38', '', '');
INSERT INTO `acga_option` VALUES (380, 122, 'B', '现有轻度异常，或既往有明显异常', 1, 2, '0', '2026-06-05 09:14:38', '2026-06-05 09:14:38', '', '');
INSERT INTO `acga_option` VALUES (381, 122, 'C', '中度功能不良或致死率，需要治疗', 2, 3, '0', '2026-06-05 09:14:38', '2026-06-05 09:14:38', '', '');
INSERT INTO `acga_option` VALUES (382, 122, 'D', '严重或持久的功能不良，或无法控制的慢性症状', 3, 4, '0', '2026-06-05 09:14:38', '2026-06-05 09:14:38', '', '');
INSERT INTO `acga_option` VALUES (383, 122, 'E', '极重功能不良，或需要立即治疗，或终末器官损伤，或严重功能受损', 4, 5, '0', '2026-06-05 09:14:38', '2026-06-05 09:14:38', '', '');
INSERT INTO `acga_option` VALUES (384, 123, 'A', '无异常', 0, 1, '0', '2026-06-05 09:14:38', '2026-06-05 09:14:38', '', '');
INSERT INTO `acga_option` VALUES (385, 123, 'B', '现有轻度异常，或既往有明显异常', 1, 2, '0', '2026-06-05 09:14:38', '2026-06-05 09:14:38', '', '');
INSERT INTO `acga_option` VALUES (386, 123, 'C', '中度功能不良或致死率，需要治疗', 2, 3, '0', '2026-06-05 09:14:38', '2026-06-05 09:14:38', '', '');
INSERT INTO `acga_option` VALUES (387, 123, 'D', '严重或持久的功能不良，或无法控制的慢性症状', 3, 4, '0', '2026-06-05 09:14:38', '2026-06-05 09:14:38', '', '');
INSERT INTO `acga_option` VALUES (388, 123, 'E', '极重功能不良，或需要立即治疗，或终末器官损伤，或严重功能受损', 4, 5, '0', '2026-06-05 09:14:38', '2026-06-05 09:14:38', '', '');
INSERT INTO `acga_option` VALUES (389, 124, 'A', '无异常', 0, 1, '0', '2026-06-05 09:14:38', '2026-06-05 09:14:38', '', '');
INSERT INTO `acga_option` VALUES (390, 124, 'B', '现有轻度异常，或既往有明显异常', 1, 2, '0', '2026-06-05 09:14:38', '2026-06-05 09:14:38', '', '');
INSERT INTO `acga_option` VALUES (391, 124, 'C', '中度功能不良或致死率，需要治疗', 2, 3, '0', '2026-06-05 09:14:38', '2026-06-05 09:14:38', '', '');
INSERT INTO `acga_option` VALUES (392, 124, 'D', '严重或持久的功能不良，或无法控制的慢性症状', 3, 4, '0', '2026-06-05 09:14:38', '2026-06-05 09:14:38', '', '');
INSERT INTO `acga_option` VALUES (393, 124, 'E', '极重功能不良，或需要立即治疗，或终末器官损伤，或严重功能受损', 4, 5, '0', '2026-06-05 09:14:38', '2026-06-05 09:14:38', '', '');
INSERT INTO `acga_option` VALUES (394, 125, 'A', '无异常', 0, 1, '0', '2026-06-05 09:14:38', '2026-06-05 09:14:38', '', '');
INSERT INTO `acga_option` VALUES (395, 125, 'B', '现有轻度异常，或既往有明显异常', 1, 2, '0', '2026-06-05 09:14:38', '2026-06-05 09:14:38', '', '');
INSERT INTO `acga_option` VALUES (396, 125, 'C', '中度功能不良或致死率，需要治疗', 2, 3, '0', '2026-06-05 09:14:38', '2026-06-05 09:14:38', '', '');
INSERT INTO `acga_option` VALUES (397, 125, 'D', '严重或持久的功能不良，或无法控制的慢性症状', 3, 4, '0', '2026-06-05 09:14:38', '2026-06-05 09:14:38', '', '');
INSERT INTO `acga_option` VALUES (398, 125, 'E', '极重功能不良，或需要立即治疗，或终末器官损伤，或严重功能受损', 4, 5, '0', '2026-06-05 09:14:38', '2026-06-05 09:14:38', '', '');
INSERT INTO `acga_option` VALUES (399, 126, 'A', '无异常', 0, 1, '0', '2026-06-05 09:14:38', '2026-06-05 09:14:38', '', '');
INSERT INTO `acga_option` VALUES (400, 126, 'B', '现有轻度异常，或既往有明显异常', 1, 2, '0', '2026-06-05 09:14:38', '2026-06-05 09:14:38', '', '');
INSERT INTO `acga_option` VALUES (401, 126, 'C', '中度功能不良或致死率，需要治疗', 2, 3, '0', '2026-06-05 09:14:38', '2026-06-05 09:14:38', '', '');
INSERT INTO `acga_option` VALUES (402, 126, 'D', '严重或持久的功能不良，或无法控制的慢性症状', 3, 4, '0', '2026-06-05 09:14:38', '2026-06-05 09:14:38', '', '');
INSERT INTO `acga_option` VALUES (403, 126, 'E', '极重功能不良，或需要立即治疗，或终末器官损伤，或严重功能受损', 4, 5, '0', '2026-06-05 09:14:38', '2026-06-05 09:14:38', '', '');
INSERT INTO `acga_option` VALUES (404, 127, 'A', '无异常', 0, 1, '0', '2026-06-05 09:14:38', '2026-06-05 09:14:38', '', '');
INSERT INTO `acga_option` VALUES (405, 127, 'B', '现有轻度异常，或既往有明显异常', 1, 2, '0', '2026-06-05 09:14:38', '2026-06-05 09:14:38', '', '');
INSERT INTO `acga_option` VALUES (406, 127, 'C', '中度功能不良或致死率，需要治疗', 2, 3, '0', '2026-06-05 09:14:38', '2026-06-05 09:14:38', '', '');
INSERT INTO `acga_option` VALUES (407, 127, 'D', '严重或持久的功能不良，或无法控制的慢性症状', 3, 4, '0', '2026-06-05 09:14:38', '2026-06-05 09:14:38', '', '');
INSERT INTO `acga_option` VALUES (408, 127, 'E', '极重功能不良，或需要立即治疗，或终末器官损伤，或严重功能受损', 4, 5, '0', '2026-06-05 09:14:38', '2026-06-05 09:14:38', '', '');
INSERT INTO `acga_option` VALUES (409, 128, 'A', '无异常', 0, 1, '0', '2026-06-05 09:14:38', '2026-06-05 09:14:38', '', '');
INSERT INTO `acga_option` VALUES (410, 128, 'B', '现有轻度异常，或既往有明显异常', 1, 2, '0', '2026-06-05 09:14:38', '2026-06-05 09:14:38', '', '');
INSERT INTO `acga_option` VALUES (411, 128, 'C', '中度功能不良或致死率，需要治疗', 2, 3, '0', '2026-06-05 09:14:38', '2026-06-05 09:14:38', '', '');
INSERT INTO `acga_option` VALUES (412, 128, 'D', '严重或持久的功能不良，或无法控制的慢性症状', 3, 4, '0', '2026-06-05 09:14:38', '2026-06-05 09:14:38', '', '');
INSERT INTO `acga_option` VALUES (413, 128, 'E', '极重功能不良，或需要立即治疗，或终末器官损伤，或严重功能受损', 4, 5, '0', '2026-06-05 09:14:38', '2026-06-05 09:14:38', '', '');
INSERT INTO `acga_option` VALUES (414, 129, 'A', '无异常', 0, 1, '0', '2026-06-05 09:14:38', '2026-06-05 09:14:38', '', '');
INSERT INTO `acga_option` VALUES (415, 129, 'B', '现有轻度异常，或既往有明显异常', 1, 2, '0', '2026-06-05 09:14:38', '2026-06-05 09:14:38', '', '');
INSERT INTO `acga_option` VALUES (416, 129, 'C', '中度功能不良或致死率，需要治疗', 2, 3, '0', '2026-06-05 09:14:38', '2026-06-05 09:14:38', '', '');
INSERT INTO `acga_option` VALUES (417, 129, 'D', '严重或持久的功能不良，或无法控制的慢性症状', 3, 4, '0', '2026-06-05 09:14:38', '2026-06-05 09:14:38', '', '');
INSERT INTO `acga_option` VALUES (418, 129, 'E', '极重功能不良，或需要立即治疗，或终末器官损伤，或严重功能受损', 4, 5, '0', '2026-06-05 09:14:38', '2026-06-05 09:14:38', '', '');
INSERT INTO `acga_option` VALUES (419, 130, 'A', '无异常', 0, 1, '0', '2026-06-05 09:14:38', '2026-06-05 09:14:38', '', '');
INSERT INTO `acga_option` VALUES (420, 130, 'B', '现有轻度异常，或既往有明显异常', 1, 2, '0', '2026-06-05 09:14:38', '2026-06-05 09:14:38', '', '');
INSERT INTO `acga_option` VALUES (421, 130, 'C', '中度功能不良或致死率，需要治疗', 2, 3, '0', '2026-06-05 09:14:38', '2026-06-05 09:14:38', '', '');
INSERT INTO `acga_option` VALUES (422, 130, 'D', '严重或持久的功能不良，或无法控制的慢性症状', 3, 4, '0', '2026-06-05 09:14:38', '2026-06-05 09:14:38', '', '');
INSERT INTO `acga_option` VALUES (423, 130, 'E', '极重功能不良，或需要立即治疗，或终末器官损伤，或严重功能受损', 4, 5, '0', '2026-06-05 09:14:38', '2026-06-05 09:14:38', '', '');
INSERT INTO `acga_option` VALUES (424, 131, 'A', '无异常', 0, 1, '0', '2026-06-05 09:14:38', '2026-06-05 09:14:38', '', '');
INSERT INTO `acga_option` VALUES (425, 131, 'B', '现有轻度异常，或既往有明显异常', 1, 2, '0', '2026-06-05 09:14:38', '2026-06-05 09:14:38', '', '');
INSERT INTO `acga_option` VALUES (426, 131, 'C', '中度功能不良或致死率，需要治疗', 2, 3, '0', '2026-06-05 09:14:38', '2026-06-05 09:14:38', '', '');
INSERT INTO `acga_option` VALUES (427, 131, 'D', '严重或持久的功能不良，或无法控制的慢性症状', 3, 4, '0', '2026-06-05 09:14:38', '2026-06-05 09:14:38', '', '');
INSERT INTO `acga_option` VALUES (428, 131, 'E', '极重功能不良，或需要立即治疗，或终末器官损伤，或严重功能受损', 4, 5, '0', '2026-06-05 09:14:38', '2026-06-05 09:14:38', '', '');
INSERT INTO `acga_option` VALUES (429, 132, 'A', '无异常', 0, 1, '0', '2026-06-05 09:14:38', '2026-06-05 09:14:38', '', '');
INSERT INTO `acga_option` VALUES (430, 132, 'B', '现有轻度异常，或既往有明显异常', 1, 2, '0', '2026-06-05 09:14:38', '2026-06-05 09:14:38', '', '');
INSERT INTO `acga_option` VALUES (431, 132, 'C', '中度功能不良或致死率，需要治疗', 2, 3, '0', '2026-06-05 09:14:38', '2026-06-05 09:14:38', '', '');
INSERT INTO `acga_option` VALUES (432, 132, 'D', '严重或持久的功能不良，或无法控制的慢性症状', 3, 4, '0', '2026-06-05 09:14:38', '2026-06-05 09:14:38', '', '');
INSERT INTO `acga_option` VALUES (433, 132, 'E', '极重功能不良，或需要立即治疗，或终末器官损伤，或严重功能受损', 4, 5, '0', '2026-06-05 09:14:38', '2026-06-05 09:14:38', '', '');
INSERT INTO `acga_option` VALUES (434, 133, 'A', '无异常', 0, 1, '0', '2026-06-05 09:14:38', '2026-06-05 09:14:38', '', '');
INSERT INTO `acga_option` VALUES (435, 133, 'B', '现有轻度异常，或既往有明显异常', 1, 2, '0', '2026-06-05 09:14:38', '2026-06-05 09:14:38', '', '');
INSERT INTO `acga_option` VALUES (436, 133, 'C', '中度功能不良或致死率，需要治疗', 2, 3, '0', '2026-06-05 09:14:38', '2026-06-05 09:14:38', '', '');
INSERT INTO `acga_option` VALUES (437, 133, 'D', '严重或持久的功能不良，或无法控制的慢性症状', 3, 4, '0', '2026-06-05 09:14:38', '2026-06-05 09:14:38', '', '');
INSERT INTO `acga_option` VALUES (438, 133, 'E', '极重功能不良，或需要立即治疗，或终末器官损伤，或严重功能受损', 4, 5, '0', '2026-06-05 09:14:38', '2026-06-05 09:14:38', '', '');
INSERT INTO `acga_option` VALUES (439, 134, 'A', '无异常', 0, 1, '0', '2026-06-05 09:14:38', '2026-06-05 09:14:38', '', '');
INSERT INTO `acga_option` VALUES (440, 134, 'B', '现有轻度异常，或既往有明显异常', 1, 2, '0', '2026-06-05 09:14:38', '2026-06-05 09:14:38', '', '');
INSERT INTO `acga_option` VALUES (441, 134, 'C', '中度功能不良或致死率，需要治疗', 2, 3, '0', '2026-06-05 09:14:38', '2026-06-05 09:14:38', '', '');
INSERT INTO `acga_option` VALUES (442, 134, 'D', '严重或持久的功能不良，或无法控制的慢性症状', 3, 4, '0', '2026-06-05 09:14:38', '2026-06-05 09:14:38', '', '');
INSERT INTO `acga_option` VALUES (443, 134, 'E', '极重功能不良，或需要立即治疗，或终末器官损伤，或严重功能受损', 4, 5, '0', '2026-06-05 09:14:38', '2026-06-05 09:14:38', '', '');
INSERT INTO `acga_option` VALUES (444, 135, 'A', '无异常', 0, 1, '0', '2026-06-05 09:14:38', '2026-06-05 09:14:38', '', '');
INSERT INTO `acga_option` VALUES (445, 135, 'B', '现有轻度异常，或既往有明显异常', 1, 2, '0', '2026-06-05 09:14:38', '2026-06-05 09:14:38', '', '');
INSERT INTO `acga_option` VALUES (446, 135, 'C', '中度功能不良或致死率，需要治疗', 2, 3, '0', '2026-06-05 09:14:38', '2026-06-05 09:14:38', '', '');
INSERT INTO `acga_option` VALUES (447, 135, 'D', '严重或持久的功能不良，或无法控制的慢性症状', 3, 4, '0', '2026-06-05 09:14:38', '2026-06-05 09:14:38', '', '');
INSERT INTO `acga_option` VALUES (448, 135, 'E', '极重功能不良，或需要立即治疗，或终末器官损伤，或严重功能受损', 4, 5, '0', '2026-06-05 09:14:38', '2026-06-05 09:14:38', '', '');
INSERT INTO `acga_option` VALUES (449, 136, 'A', '不正确', 0, 1, '0', '2026-06-05 10:16:08', '2026-06-05 10:16:08', '', '');
INSERT INTO `acga_option` VALUES (450, 136, 'B', '正确', 2, 2, '0', '2026-06-05 10:16:08', '2026-06-05 10:16:08', '', '');
INSERT INTO `acga_option` VALUES (451, 137, 'A', '0个', 0, 1, '0', '2026-06-05 10:16:08', '2026-06-05 10:16:08', '', '');
INSERT INTO `acga_option` VALUES (452, 137, 'B', '1个', 1, 2, '0', '2026-06-05 10:16:08', '2026-06-05 10:16:08', '', '');
INSERT INTO `acga_option` VALUES (453, 137, 'C', '2个', 2, 3, '0', '2026-06-05 10:16:08', '2026-06-05 10:16:08', '', '');
INSERT INTO `acga_option` VALUES (454, 137, 'D', '3个', 3, 4, '0', '2026-06-05 10:16:08', '2026-06-05 10:16:08', '', '');
INSERT INTO `acga_option` VALUES (455, 138, 'A', '错误', 0, 1, '0', '2026-06-05 10:16:08', '2026-06-05 10:16:08', '', '');
INSERT INTO `acga_option` VALUES (456, 138, 'B', '正确', 1, 2, '0', '2026-06-05 10:16:08', '2026-06-05 10:16:08', '', '');
INSERT INTO `acga_option` VALUES (457, 139, 'A', '错误', 0, 1, '0', '2026-06-05 10:16:08', '2026-06-05 10:16:08', '', '');
INSERT INTO `acga_option` VALUES (458, 139, 'B', '正确', 1, 2, '0', '2026-06-05 10:16:08', '2026-06-05 10:16:08', '', '');
INSERT INTO `acga_option` VALUES (459, 140, 'A', '错误', 0, 1, '0', '2026-06-05 10:16:08', '2026-06-05 10:16:08', '', '');
INSERT INTO `acga_option` VALUES (460, 140, 'B', '正确', 1, 2, '0', '2026-06-05 10:16:08', '2026-06-05 10:16:08', '', '');
INSERT INTO `acga_option` VALUES (461, 141, 'A', '错误', 0, 1, '0', '2026-06-05 10:16:08', '2026-06-05 10:16:08', '', '');
INSERT INTO `acga_option` VALUES (462, 141, 'B', '正确', 1, 2, '0', '2026-06-05 10:16:08', '2026-06-05 10:16:08', '', '');
INSERT INTO `acga_option` VALUES (463, 142, 'A', '错误', 0, 1, '0', '2026-06-05 10:16:08', '2026-06-05 10:16:08', '', '');
INSERT INTO `acga_option` VALUES (464, 142, 'B', '正确', 1, 2, '0', '2026-06-05 10:16:08', '2026-06-05 10:16:08', '', '');
INSERT INTO `acga_option` VALUES (465, 143, 'A', '错误', 0, 1, '0', '2026-06-05 10:16:08', '2026-06-05 10:16:08', '', '');
INSERT INTO `acga_option` VALUES (466, 143, 'B', '正确', 1, 2, '0', '2026-06-05 10:16:08', '2026-06-05 10:16:08', '', '');
INSERT INTO `acga_option` VALUES (467, 144, 'A', '错误', 0, 1, '0', '2026-06-05 10:16:08', '2026-06-05 10:16:08', '', '');
INSERT INTO `acga_option` VALUES (468, 144, 'B', '正确', 1, 2, '0', '2026-06-05 10:16:08', '2026-06-05 10:16:08', '', '');
INSERT INTO `acga_option` VALUES (469, 145, 'A', '错误', 0, 1, '0', '2026-06-05 10:16:08', '2026-06-05 10:16:08', '', '');
INSERT INTO `acga_option` VALUES (470, 145, 'B', '正确', 1, 2, '0', '2026-06-05 10:16:08', '2026-06-05 10:16:08', '', '');
INSERT INTO `acga_option` VALUES (471, 146, 'A', '错误', 0, 1, '0', '2026-06-05 10:16:08', '2026-06-05 10:16:08', '', '');
INSERT INTO `acga_option` VALUES (472, 146, 'B', '正确', 1, 2, '0', '2026-06-05 10:16:08', '2026-06-05 10:16:08', '', '');
INSERT INTO `acga_option` VALUES (473, 147, 'A', '错误', 0, 1, '0', '2026-06-05 10:16:08', '2026-06-05 10:16:08', '', '');
INSERT INTO `acga_option` VALUES (474, 147, 'B', '正确', 1, 2, '0', '2026-06-05 10:16:08', '2026-06-05 10:16:08', '', '');
INSERT INTO `acga_option` VALUES (475, 148, 'A', '错误', 0, 1, '0', '2026-06-05 10:16:08', '2026-06-05 10:16:08', '', '');
INSERT INTO `acga_option` VALUES (476, 148, 'B', '正确', 1, 2, '0', '2026-06-05 10:16:08', '2026-06-05 10:16:08', '', '');
INSERT INTO `acga_option` VALUES (477, 149, 'A', '错误', 0, 1, '0', '2026-06-05 10:16:08', '2026-06-05 10:16:08', '', '');
INSERT INTO `acga_option` VALUES (478, 149, 'B', '正确', 1, 2, '0', '2026-06-05 10:16:08', '2026-06-05 10:16:08', '', '');
INSERT INTO `acga_option` VALUES (479, 150, 'A', '错误', 0, 1, '0', '2026-06-05 10:16:08', '2026-06-05 10:16:08', '', '');
INSERT INTO `acga_option` VALUES (480, 150, 'B', '正确', 1, 2, '0', '2026-06-05 10:16:08', '2026-06-05 10:16:08', '', '');
INSERT INTO `acga_option` VALUES (481, 151, 'A', '错误', 0, 1, '0', '2026-06-05 10:16:08', '2026-06-05 10:16:08', '', '');
INSERT INTO `acga_option` VALUES (482, 151, 'B', '正确', 1, 2, '0', '2026-06-05 10:16:08', '2026-06-05 10:16:08', '', '');
INSERT INTO `acga_option` VALUES (483, 152, 'A', '错误', 0, 1, '0', '2026-06-05 10:16:08', '2026-06-05 10:16:08', '', '');
INSERT INTO `acga_option` VALUES (484, 152, 'B', '正确', 1, 2, '0', '2026-06-05 10:16:08', '2026-06-05 10:16:08', '', '');
INSERT INTO `acga_option` VALUES (485, 153, 'A', '错误', 0, 1, '0', '2026-06-05 10:16:08', '2026-06-05 10:16:08', '', '');
INSERT INTO `acga_option` VALUES (486, 153, 'B', '正确', 1, 2, '0', '2026-06-05 10:16:08', '2026-06-05 10:16:08', '', '');
INSERT INTO `acga_option` VALUES (487, 154, 'A', '错误', 0, 1, '0', '2026-06-05 10:16:08', '2026-06-05 10:16:08', '', '');
INSERT INTO `acga_option` VALUES (488, 154, 'B', '正确', 1, 2, '0', '2026-06-05 10:16:08', '2026-06-05 10:16:08', '', '');
INSERT INTO `acga_option` VALUES (489, 155, 'A', '错误', 0, 1, '0', '2026-06-05 10:16:08', '2026-06-05 10:16:08', '', '');
INSERT INTO `acga_option` VALUES (490, 155, 'B', '正确', 1, 2, '0', '2026-06-05 10:16:08', '2026-06-05 10:16:08', '', '');
INSERT INTO `acga_option` VALUES (491, 156, 'A', '错误', 0, 1, '0', '2026-06-05 10:16:08', '2026-06-05 10:16:08', '', '');
INSERT INTO `acga_option` VALUES (492, 156, 'B', '正确', 1, 2, '0', '2026-06-05 10:16:08', '2026-06-05 10:16:08', '', '');
INSERT INTO `acga_option` VALUES (493, 157, 'A', '错误', 0, 1, '0', '2026-06-05 10:16:08', '2026-06-05 10:16:08', '', '');
INSERT INTO `acga_option` VALUES (494, 157, 'B', '正确', 1, 2, '0', '2026-06-05 10:16:08', '2026-06-05 10:16:08', '', '');
INSERT INTO `acga_option` VALUES (495, 158, 'A', '错误', 0, 1, '0', '2026-06-05 10:16:08', '2026-06-05 10:16:08', '', '');
INSERT INTO `acga_option` VALUES (496, 158, 'B', '正确', 1, 2, '0', '2026-06-05 10:16:08', '2026-06-05 10:16:08', '', '');
INSERT INTO `acga_option` VALUES (497, 159, 'A', '错误', 0, 1, '0', '2026-06-05 10:16:08', '2026-06-05 10:16:08', '', '');
INSERT INTO `acga_option` VALUES (498, 159, 'B', '正确', 1, 2, '0', '2026-06-05 10:16:08', '2026-06-05 10:16:08', '', '');
INSERT INTO `acga_option` VALUES (499, 160, 'A', '错误', 0, 1, '0', '2026-06-05 10:16:08', '2026-06-05 10:16:08', '', '');
INSERT INTO `acga_option` VALUES (500, 160, 'B', '正确', 1, 2, '0', '2026-06-05 10:16:08', '2026-06-05 10:16:08', '', '');
INSERT INTO `acga_option` VALUES (501, 161, 'A', '错误', 0, 1, '0', '2026-06-05 10:16:08', '2026-06-05 10:16:08', '', '');
INSERT INTO `acga_option` VALUES (502, 161, 'B', '正确', 1, 2, '0', '2026-06-05 10:16:08', '2026-06-05 10:16:08', '', '');
INSERT INTO `acga_option` VALUES (503, 162, 'A', '错误', 0, 1, '0', '2026-06-05 10:16:08', '2026-06-05 10:16:08', '', '');
INSERT INTO `acga_option` VALUES (504, 162, 'B', '正确', 1, 2, '0', '2026-06-05 10:16:08', '2026-06-05 10:16:08', '', '');
INSERT INTO `acga_option` VALUES (505, 163, 'A', '错误', 0, 1, '0', '2026-06-05 10:16:08', '2026-06-05 10:16:08', '', '');
INSERT INTO `acga_option` VALUES (506, 163, 'B', '正确', 1, 2, '0', '2026-06-05 10:16:08', '2026-06-05 10:16:08', '', '');
INSERT INTO `acga_option` VALUES (507, 164, 'A', '错误', 0, 1, '0', '2026-06-05 10:16:08', '2026-06-05 10:16:08', '', '');
INSERT INTO `acga_option` VALUES (508, 164, 'B', '正确', 1, 2, '0', '2026-06-05 10:16:08', '2026-06-05 10:16:08', '', '');
INSERT INTO `acga_option` VALUES (509, 165, 'A', '错误', 0, 1, '0', '2026-06-05 10:16:08', '2026-06-05 10:16:08', '', '');
INSERT INTO `acga_option` VALUES (510, 165, 'B', '正确', 1, 2, '0', '2026-06-05 10:16:08', '2026-06-05 10:16:08', '', '');
INSERT INTO `acga_option` VALUES (511, 166, 'A', '错误', 0, 1, '0', '2026-06-05 10:16:08', '2026-06-05 10:16:08', '', '');
INSERT INTO `acga_option` VALUES (512, 166, 'B', '正确', 1, 2, '0', '2026-06-05 10:16:08', '2026-06-05 10:16:08', '', '');
INSERT INTO `acga_option` VALUES (513, 167, 'A', '错误', 0, 1, '0', '2026-06-05 10:16:08', '2026-06-05 10:16:08', '', '');
INSERT INTO `acga_option` VALUES (514, 167, 'B', '正确', 1, 2, '0', '2026-06-05 10:16:08', '2026-06-05 10:16:08', '', '');
INSERT INTO `acga_option` VALUES (515, 168, 'A', '错误', 0, 1, '0', '2026-06-05 10:16:08', '2026-06-05 10:16:08', '', '');
INSERT INTO `acga_option` VALUES (516, 168, 'B', '正确', 1, 2, '0', '2026-06-05 10:16:08', '2026-06-05 10:16:08', '', '');
INSERT INTO `acga_option` VALUES (517, 169, 'A', '错误', 0, 1, '0', '2026-06-05 10:16:08', '2026-06-05 10:16:08', '', '');
INSERT INTO `acga_option` VALUES (518, 169, 'B', '正确', 1, 2, '0', '2026-06-05 10:16:08', '2026-06-05 10:16:08', '', '');
INSERT INTO `acga_option` VALUES (519, 170, 'A', '错误', 0, 1, '0', '2026-06-05 10:16:08', '2026-06-05 10:16:08', '', '');
INSERT INTO `acga_option` VALUES (520, 170, 'B', '正确', 1, 2, '0', '2026-06-05 10:16:08', '2026-06-05 10:16:08', '', '');
INSERT INTO `acga_option` VALUES (521, 171, 'A', '错误', 0, 1, '0', '2026-06-05 10:16:08', '2026-06-05 10:16:08', '', '');
INSERT INTO `acga_option` VALUES (522, 171, 'B', '正确', 1, 2, '0', '2026-06-05 10:16:08', '2026-06-05 10:16:08', '', '');
INSERT INTO `acga_option` VALUES (523, 172, 'A', '错误', 0, 1, '0', '2026-06-05 10:16:08', '2026-06-05 10:16:08', '', '');
INSERT INTO `acga_option` VALUES (524, 172, 'B', '正确', 1, 2, '0', '2026-06-05 10:16:08', '2026-06-05 10:16:08', '', '');
INSERT INTO `acga_option` VALUES (525, 173, 'A', '错误', 0, 1, '0', '2026-06-05 10:16:08', '2026-06-05 10:16:08', '', '');
INSERT INTO `acga_option` VALUES (526, 173, 'B', '正确', 1, 2, '0', '2026-06-05 10:16:08', '2026-06-05 10:16:08', '', '');
INSERT INTO `acga_option` VALUES (527, 174, 'A', '0个', 0, 1, '0', '2026-06-05 10:16:08', '2026-06-05 10:16:08', '', '');
INSERT INTO `acga_option` VALUES (528, 174, 'B', '1个', 1, 2, '0', '2026-06-05 10:16:08', '2026-06-05 10:16:08', '', '');
INSERT INTO `acga_option` VALUES (529, 174, 'C', '2个', 2, 3, '0', '2026-06-05 10:16:08', '2026-06-05 10:16:08', '', '');
INSERT INTO `acga_option` VALUES (530, 174, 'D', '3个', 3, 4, '0', '2026-06-05 10:16:08', '2026-06-05 10:16:08', '', '');
INSERT INTO `acga_option` VALUES (531, 174, 'E', '4个', 4, 5, '0', '2026-06-05 10:16:08', '2026-06-05 10:16:08', '', '');
INSERT INTO `acga_option` VALUES (532, 174, 'F', '5个', 5, 6, '0', '2026-06-05 10:16:08', '2026-06-05 10:16:08', '', '');
INSERT INTO `acga_option` VALUES (533, 175, 'A', '0个', 0, 1, '0', '2026-06-05 10:16:08', '2026-06-05 10:16:08', '', '');
INSERT INTO `acga_option` VALUES (534, 175, 'B', '1个', 1, 2, '0', '2026-06-05 10:16:08', '2026-06-05 10:16:08', '', '');
INSERT INTO `acga_option` VALUES (535, 175, 'C', '2个', 2, 3, '0', '2026-06-05 10:16:08', '2026-06-05 10:16:08', '', '');
INSERT INTO `acga_option` VALUES (536, 175, 'D', '3个', 3, 4, '0', '2026-06-05 10:16:08', '2026-06-05 10:16:08', '', '');
INSERT INTO `acga_option` VALUES (537, 175, 'E', '4个', 4, 5, '0', '2026-06-05 10:16:08', '2026-06-05 10:16:08', '', '');
INSERT INTO `acga_option` VALUES (538, 175, 'F', '5个', 5, 6, '0', '2026-06-05 10:16:08', '2026-06-05 10:16:08', '', '');
INSERT INTO `acga_option` VALUES (539, 176, 'A', '错误', 0, 1, '0', '2026-06-05 10:16:08', '2026-06-05 10:16:08', '', '');
INSERT INTO `acga_option` VALUES (540, 176, 'B', '正确', 1, 2, '0', '2026-06-05 10:16:08', '2026-06-05 10:16:08', '', '');
INSERT INTO `acga_option` VALUES (541, 177, 'A', '错误', 0, 1, '0', '2026-06-05 10:16:08', '2026-06-05 10:16:08', '', '');
INSERT INTO `acga_option` VALUES (542, 177, 'B', '正确', 1, 2, '0', '2026-06-05 10:16:08', '2026-06-05 10:16:08', '', '');
INSERT INTO `acga_option` VALUES (543, 178, 'A', '完全正确或只有1次错误', 1, 1, '0', '2026-06-05 10:16:08', '2026-06-05 10:16:08', '', '');
INSERT INTO `acga_option` VALUES (544, 178, 'B', '错1个以上', 0, 2, '0', '2026-06-05 10:16:08', '2026-06-05 10:16:08', '', '');
INSERT INTO `acga_option` VALUES (545, 179, 'A', '错误', 0, 1, '0', '2026-06-05 10:16:08', '2026-06-05 10:16:08', '', '');
INSERT INTO `acga_option` VALUES (546, 179, 'B', '正确', 1, 2, '0', '2026-06-05 10:16:08', '2026-06-05 10:16:08', '', '');
INSERT INTO `acga_option` VALUES (547, 180, 'A', '错误', 0, 1, '0', '2026-06-05 10:16:08', '2026-06-05 10:16:08', '', '');
INSERT INTO `acga_option` VALUES (548, 180, 'B', '正确', 1, 2, '0', '2026-06-05 10:16:08', '2026-06-05 10:16:08', '', '');
INSERT INTO `acga_option` VALUES (549, 181, 'A', 'N≥11', 1, 1, '0', '2026-06-05 10:16:08', '2026-06-05 10:16:08', '', '');
INSERT INTO `acga_option` VALUES (550, 181, 'B', 'N<11', 0, 2, '0', '2026-06-05 10:16:08', '2026-06-05 10:16:08', '', '');
INSERT INTO `acga_option` VALUES (551, 182, 'A', '错误', 0, 1, '0', '2026-06-05 10:16:08', '2026-06-05 10:16:08', '', '');
INSERT INTO `acga_option` VALUES (552, 182, 'B', '正确', 1, 2, '0', '2026-06-05 10:16:08', '2026-06-05 10:16:08', '', '');
INSERT INTO `acga_option` VALUES (553, 183, 'A', '错误', 0, 1, '0', '2026-06-05 10:16:08', '2026-06-05 10:16:08', '', '');
INSERT INTO `acga_option` VALUES (554, 183, 'B', '正确', 1, 2, '0', '2026-06-05 10:16:08', '2026-06-05 10:16:08', '', '');
INSERT INTO `acga_option` VALUES (555, 184, 'A', '错误', 0, 1, '0', '2026-06-05 10:16:08', '2026-06-05 10:16:08', '', '');
INSERT INTO `acga_option` VALUES (556, 184, 'B', '正确', 1, 2, '0', '2026-06-05 10:16:08', '2026-06-05 10:16:08', '', '');
INSERT INTO `acga_option` VALUES (557, 185, 'A', '错误', 0, 1, '0', '2026-06-05 10:16:08', '2026-06-05 10:16:08', '', '');
INSERT INTO `acga_option` VALUES (558, 185, 'B', '正确', 1, 2, '0', '2026-06-05 10:16:08', '2026-06-05 10:16:08', '', '');
INSERT INTO `acga_option` VALUES (559, 186, 'A', '错误', 0, 1, '0', '2026-06-05 10:16:08', '2026-06-05 10:16:08', '', '');
INSERT INTO `acga_option` VALUES (560, 186, 'B', '正确', 1, 2, '0', '2026-06-05 10:16:08', '2026-06-05 10:16:08', '', '');
INSERT INTO `acga_option` VALUES (561, 187, 'A', '错误', 0, 1, '0', '2026-06-05 10:16:08', '2026-06-05 10:16:08', '', '');
INSERT INTO `acga_option` VALUES (562, 187, 'B', '正确', 1, 2, '0', '2026-06-05 10:16:08', '2026-06-05 10:16:08', '', '');
INSERT INTO `acga_option` VALUES (563, 188, 'A', '错误', 0, 1, '0', '2026-06-05 10:16:08', '2026-06-05 10:16:08', '', '');
INSERT INTO `acga_option` VALUES (564, 188, 'B', '正确', 1, 2, '0', '2026-06-05 10:16:08', '2026-06-05 10:16:08', '', '');
INSERT INTO `acga_option` VALUES (565, 189, 'A', '错误', 0, 1, '0', '2026-06-05 10:16:08', '2026-06-05 10:16:08', '', '');
INSERT INTO `acga_option` VALUES (566, 189, 'B', '正确', 1, 2, '0', '2026-06-05 10:16:08', '2026-06-05 10:16:08', '', '');
INSERT INTO `acga_option` VALUES (567, 190, 'A', '错误', 0, 1, '0', '2026-06-05 10:16:08', '2026-06-05 10:16:08', '', '');
INSERT INTO `acga_option` VALUES (568, 190, 'B', '正确', 1, 2, '0', '2026-06-05 10:16:08', '2026-06-05 10:16:08', '', '');
INSERT INTO `acga_option` VALUES (569, 191, 'A', '错误', 0, 1, '0', '2026-06-05 10:16:08', '2026-06-05 10:16:08', '', '');
INSERT INTO `acga_option` VALUES (570, 191, 'B', '正确', 1, 2, '0', '2026-06-05 10:16:08', '2026-06-05 10:16:08', '', '');
INSERT INTO `acga_option` VALUES (571, 192, 'A', '错误', 0, 1, '0', '2026-06-05 10:16:08', '2026-06-05 10:16:08', '', '');
INSERT INTO `acga_option` VALUES (572, 192, 'B', '正确', 1, 2, '0', '2026-06-05 10:16:08', '2026-06-05 10:16:08', '', '');
INSERT INTO `acga_option` VALUES (573, 193, 'A', '错误', 0, 1, '0', '2026-06-05 10:16:08', '2026-06-05 10:16:08', '', '');
INSERT INTO `acga_option` VALUES (574, 193, 'B', '正确', 1, 2, '0', '2026-06-05 10:16:08', '2026-06-05 10:16:08', '', '');
INSERT INTO `acga_option` VALUES (575, 194, 'A', '错误', 0, 1, '0', '2026-06-05 10:16:08', '2026-06-05 10:16:08', '', '');
INSERT INTO `acga_option` VALUES (576, 194, 'B', '正确', 1, 2, '0', '2026-06-05 10:16:08', '2026-06-05 10:16:08', '', '');

-- ----------------------------
-- Table structure for acga_question
-- ----------------------------
DROP TABLE IF EXISTS `acga_question`;
CREATE TABLE `acga_question`  (
  `id` bigint NOT NULL AUTO_INCREMENT COMMENT '主键',
  `scale_id` bigint NOT NULL COMMENT '所属量表 / 模块id',
  `title` varchar(500) CHARACTER SET utf8mb4 COLLATE utf8mb4_general_ci NOT NULL COMMENT '题干',
  `type` char(1) CHARACTER SET utf8mb4 COLLATE utf8mb4_general_ci NULL DEFAULT '1' COMMENT '题型 1=单选 2=多选 3=判断 4=填空',
  `sort` int NULL DEFAULT 0 COMMENT '排序',
  `remark` varchar(500) CHARACTER SET utf8mb4 COLLATE utf8mb4_general_ci NULL DEFAULT NULL COMMENT '备注',
  `create_time` datetime NULL DEFAULT CURRENT_TIMESTAMP,
  `del_flag` char(1) CHARACTER SET utf8mb4 COLLATE utf8mb4_general_ci NULL DEFAULT '0',
  `update_time` datetime NULL DEFAULT CURRENT_TIMESTAMP ON UPDATE CURRENT_TIMESTAMP COMMENT '更新时间',
  `create_by` varchar(64) CHARACTER SET utf8mb4 COLLATE utf8mb4_general_ci NULL DEFAULT '' COMMENT '创建者',
  `update_by` varchar(64) CHARACTER SET utf8mb4 COLLATE utf8mb4_general_ci NULL DEFAULT '' COMMENT '更新者',
  PRIMARY KEY (`id`) USING BTREE
) ENGINE = InnoDB AUTO_INCREMENT = 195 CHARACTER SET = utf8mb4 COLLATE = utf8mb4_general_ci COMMENT = 'cga_题目表' ROW_FORMAT = Dynamic;

-- ----------------------------
-- Records of acga_question
-- ----------------------------
INSERT INTO `acga_question` VALUES (1, 1, '步行 400 m 或登上 10 阶楼梯是否有困难？', '1', 1, NULL, '2026-05-26 11:50:07', '0', '2026-05-29 10:30:33', '', '');
INSERT INTO `acga_question` VALUES (2, 2, '若平日佩戴老花镜或近视镜，应在佩戴眼镜的情况下评估。', '1', 1, NULL, '2026-05-26 14:39:24', '0', '2026-05-29 10:30:33', '', '');
INSERT INTO `acga_question` VALUES (3, 3, '视觉功能简易评估（多选）', '2', 1, '', '2026-05-26 14:47:14', '0', '2026-05-29 10:30:33', '', '');
INSERT INTO `acga_question` VALUES (4, 4, '若平日佩戴助听器，应在佩戴助听器的情况下评估。', '1', 1, '', '2026-05-26 14:53:11', '0', '2026-05-29 10:30:33', '', '');
INSERT INTO `acga_question` VALUES (5, 5, '词语回忆：请记住并复述「皮球、国旗、树木」（测试结束后再次复述）', '1', 1, NULL, '2026-05-26 15:00:19', '0', '2026-05-29 10:30:33', '', '');
INSERT INTO `acga_question` VALUES (6, 5, '画钟试验：请画出 11:10 的时钟', '1', 2, NULL, '2026-05-26 15:05:00', '0', '2026-05-29 10:30:33', '', '');
INSERT INTO `acga_question` VALUES (7, 6, '过去的两周内做事时是否提不起劲或没有兴趣？或是否感到心情低落、沮丧或绝望？', '1', 1, NULL, '2026-05-26 15:10:55', '0', '2026-05-29 10:30:33', '', '');
INSERT INTO `acga_question` VALUES (8, 7, '过去两周内是否感觉紧张、担忧或急切？或是否不能够停止或控制担忧？', '1', 1, '', '2026-05-26 15:13:05', '0', '2026-05-29 10:30:33', '', '');
INSERT INTO `acga_question` VALUES (9, 8, '请选择以下符合条件的选项', '2', 1, NULL, '2026-05-26 15:17:34', '0', '2026-05-29 10:30:33', '', '');
INSERT INTO `acga_question` VALUES (10, 9, '“过去一年内是否发生过跌倒？”或“是否经常在走路/站立时感到不稳？”或“是否因害怕跌倒影响日常行为？”', '1', 1, NULL, '2026-05-26 15:29:59', '0', '2026-05-29 10:30:33', '', '');
INSERT INTO `acga_question` VALUES (11, 10, '衰弱评估（可多选）', '2', 1, NULL, '2026-05-26 15:29:59', '0', '2026-05-29 10:30:33', '', '');
INSERT INTO `acga_question` VALUES (12, 11, '“是否有漏尿？”或“是否有憋不住尿？”', '1', 1, NULL, '2026-05-26 15:29:59', '0', '2026-05-29 10:30:33', '', '');
INSERT INTO `acga_question` VALUES (13, 12, '“是否受便秘困扰？”', '1', 1, NULL, '2026-05-26 15:29:59', '0', '2026-05-29 10:30:33', '', '');
INSERT INTO `acga_question` VALUES (14, 13, '“是否受失眠困扰？”', '1', 1, NULL, '2026-05-26 15:29:59', '0', '2026-05-29 10:30:33', '', '');
INSERT INTO `acga_question` VALUES (15, 14, '“是否有持续时间超过 3个月的疼痛？”', '1', 1, NULL, '2026-05-26 15:29:59', '0', '2026-05-29 10:30:33', '', '');
INSERT INTO `acga_question` VALUES (16, 15, '“是否长期卧床？” 或通过查看/触摸评估对象皮肤进行筛查。问题回答“是”或通过查看/触摸发现皮肤异常为压力性损伤风险筛查阳性。', '1', 1, NULL, '2026-05-26 15:29:59', '0', '2026-05-29 10:30:33', '', '');
INSERT INTO `acga_question` VALUES (17, 16, '请选择以下符合条件的选项', '1', 1, NULL, '2026-05-26 15:29:59', '0', '2026-05-29 10:30:33', '', '');
INSERT INTO `acga_question` VALUES (18, 17, '吃东西或喝水的时候出现咳嗽或呛咳', '1', 1, NULL, '2026-05-26 15:29:59', '0', '2026-05-29 10:30:33', '', '');
INSERT INTO `acga_question` VALUES (19, 18, '过去3个月是否有因食欲减 退、消化不良、咀嚼或吞咽困难而减少食量', '1', 1, NULL, '2026-05-26 15:29:59', '0', '2026-05-29 10:30:33', '', '');
INSERT INTO `acga_question` VALUES (20, 18, '过去3个月体质量丢失', '1', 2, NULL, '2026-05-26 15:29:59', '0', '2026-05-29 10:30:33', '', '');
INSERT INTO `acga_question` VALUES (21, 18, '活动能力', '1', 3, NULL, '2026-05-26 15:29:59', '0', '2026-05-29 10:30:33', '', '');
INSERT INTO `acga_question` VALUES (22, 18, '过去3个月是否受到心理创伤或有急性疾病', '1', 4, NULL, '2026-05-26 15:29:59', '0', '2026-05-29 10:30:33', '', '');
INSERT INTO `acga_question` VALUES (23, 18, '精神心理问题', '1', 5, NULL, '2026-05-26 15:29:59', '0', '2026-05-29 10:30:33', '', '');
INSERT INTO `acga_question` VALUES (24, 18, '营养不良：体质指数（BMI）（kg/m 2）', '1', 6, NULL, '2026-05-26 16:25:22', '0', '2026-05-29 10:30:33', '', '');
INSERT INTO `acga_question` VALUES (25, 18, '如果无法得到BMI，用小腿围 CC', '1', 7, NULL, '2026-05-26 16:28:08', '0', '2026-05-29 10:30:33', '', '');
INSERT INTO `acga_question` VALUES (26, 19, '男性＜34 cm，女性＜33 cm 为肌少症筛查阳性', '1', 1, NULL, '2026-05-26 16:29:38', '0', '2026-05-29 10:30:33', '', '');
INSERT INTO `acga_question` VALUES (27, 20, '急性起病和病情波动性变化\r\n问题 1：与患者基础水平相比，是否有证据表明患者存在精神状态的急性变化 \r\n问题 2：在 1 天中，患者的（异常）行为是否存在波动性（症状时有时无或时轻时重）', '1', 1, NULL, '2026-05-26 16:33:20', '0', '2026-06-06 09:25:34', '', '');
INSERT INTO `acga_question` VALUES (28, 20, '注意力不集中：患者的注意力是否难以集中，如注意力容易被分散或不能跟上正在谈论的话题', '1', 2, NULL, '2026-05-26 16:34:21', '0', '2026-05-29 10:30:33', '', '');
INSERT INTO `acga_question` VALUES (29, 20, '思维混乱：患者的思维是否混乱或不连贯，如谈话主题分散或与谈话内容无关，思维不清晰或不合 \r\n逻辑，或毫无征兆地从一个话题突然转到另一话题', '1', 3, NULL, '2026-05-26 16:36:31', '0', '2026-05-29 10:30:33', '', '');
INSERT INTO `acga_question` VALUES (30, 20, '意识水平的改变 ：患者当前意识水平是否存在异常？如过度警觉（对环境刺激过度敏感，易惊吓）、嗜睡 \r\n（瞌睡，易叫醒）或昏睡（不易叫醒）', '1', 4, NULL, '2026-05-26 16:37:36', '0', '2026-05-29 10:30:33', '', '');
INSERT INTO `acga_question` VALUES (31, 21, '进食：指用合适的餐具将食物由容器送到口中，包括筷子（勺子或叉子）取食物、对碗（碟）的把持、咀嚼、吞咽等过程', '1', 1, NULL, '2026-06-01 09:36:21', '0', '2026-06-01 09:36:21', '', '');
INSERT INTO `acga_question` VALUES (32, 21, '洗澡：包括进出浴室、穿脱衣裤、洗浴全身等', '1', 2, NULL, '2026-06-01 09:36:21', '0', '2026-06-01 09:36:21', '', '');
INSERT INTO `acga_question` VALUES (33, 21, '修饰：包括洗脸、刷牙、梳头、刮脸等', '1', 3, NULL, '2026-06-01 09:36:21', '0', '2026-06-01 09:36:21', '', '');
INSERT INTO `acga_question` VALUES (34, 21, '穿（脱）衣：包括穿（脱）衣服、系扣子、拉拉链、穿（脱）鞋袜、系鞋带等', '1', 4, NULL, '2026-06-01 09:36:21', '0', '2026-06-01 09:36:21', '', '');
INSERT INTO `acga_question` VALUES (35, 21, '控制大便：指受意识控制，可自主排便', '1', 5, NULL, '2026-06-01 09:36:21', '0', '2026-06-01 09:36:21', '', '');
INSERT INTO `acga_question` VALUES (36, 21, '控制小便：指受意识控制，可自主排尿', '1', 6, NULL, '2026-06-01 09:36:21', '0', '2026-06-01 09:36:21', '', '');
INSERT INTO `acga_question` VALUES (37, 21, '如厕：包括去厕所、解开衣裤、擦净、整理衣裤、冲水等过程', '1', 7, NULL, '2026-06-01 09:36:21', '0', '2026-06-01 09:36:21', '', '');
INSERT INTO `acga_question` VALUES (38, 21, '床椅转移：包括从下床到坐在床旁椅，以及从坐在床旁椅到上床转移的所有动作', '1', 8, NULL, '2026-06-01 09:36:21', '0', '2026-06-01 09:36:21', '', '');
INSERT INTO `acga_question` VALUES (39, 21, '平地行走：指从双脚站立位，在平地行走45m的过程', '1', 9, NULL, '2026-06-01 09:36:21', '0', '2026-06-01 09:36:21', '', '');
INSERT INTO `acga_question` VALUES (40, 21, '上下楼梯：指从双脚站立位，连续上、下10-15个台阶的过程', '1', 10, NULL, '2026-06-01 09:36:21', '0', '2026-06-01 09:36:21', '', '');
INSERT INTO `acga_question` VALUES (41, 22, 'A. 并排站立', '1', 1, NULL, '2026-06-01 15:04:02', '0', '2026-06-01 15:12:13', '', '');
INSERT INTO `acga_question` VALUES (42, 22, 'B. 半足距站立', '1', 2, NULL, '2026-06-01 15:04:02', '0', '2026-06-01 15:12:04', '', '');
INSERT INTO `acga_question` VALUES (43, 22, 'C. 全足距站立', '1', 3, NULL, '2026-06-01 15:04:02', '0', '2026-06-01 15:12:00', '', '');
INSERT INTO `acga_question` VALUES (44, 22, '步速测试（测量并记录步行4m的时间，测量两次，取最佳值）', '1', 4, NULL, '2026-06-01 15:04:02', '0', '2026-06-01 15:11:57', '', '');
INSERT INTO `acga_question` VALUES (45, 22, '5次起坐试验（测试并记录5次起-坐的试验时间，要求双手交叉胸前，尽可能快地起立坐下）', '1', 5, NULL, '2026-06-01 15:04:02', '0', '2026-06-01 15:11:53', '', '');
INSERT INTO `acga_question` VALUES (46, 24, '视力简易评估', '1', 1, '单选', '2026-06-01 15:43:04', '0', '2026-06-01 15:43:04', '', '');
INSERT INTO `acga_question` VALUES (47, 24, '阅读、行走和看电视时,觉得吃力', '1', 2, '是/否', '2026-06-01 15:43:04', '0', '2026-06-01 15:43:04', '', '');
INSERT INTO `acga_question` VALUES (48, 24, '看东西时觉得有东西遮挡或视物有缺损', '1', 3, '是/否', '2026-06-01 15:43:04', '0', '2026-06-01 15:43:04', '', '');
INSERT INTO `acga_question` VALUES (49, 24, '看东西时实物变形、扭曲', '1', 4, '是/否', '2026-06-01 15:43:04', '0', '2026-06-01 15:43:04', '', '');
INSERT INTO `acga_question` VALUES (50, 24, '听力简易评估', '1', 5, '单选', '2026-06-01 15:43:04', '0', '2026-06-01 15:43:04', '', '');
INSERT INTO `acga_question` VALUES (51, 24, '耳语试验', '1', 6, '结果判定', '2026-06-01 15:43:04', '0', '2026-06-01 15:43:04', '', '');
INSERT INTO `acga_question` VALUES (52, 25, '你对生活基本上满意吗？', '1', 1, '正向题：选“是”计0分，“否”计1分', '2026-06-02 09:35:58', '0', '2026-06-02 09:35:58', '', '');
INSERT INTO `acga_question` VALUES (53, 25, '你是否已放弃了许多活动和兴趣？', '1', 2, '反向题：选“是”计1分，“否”计0分', '2026-06-02 09:35:58', '0', '2026-06-02 09:35:58', '', '');
INSERT INTO `acga_question` VALUES (54, 25, '你是否觉得生活空虚？', '1', 3, '反向题：选“是”计1分，“否”计0分', '2026-06-02 09:35:58', '0', '2026-06-02 09:35:58', '', '');
INSERT INTO `acga_question` VALUES (55, 25, '你是否常感到厌倦？', '1', 4, '反向题：选“是”计1分，“否”计0分', '2026-06-02 09:35:58', '0', '2026-06-02 09:35:58', '', '');
INSERT INTO `acga_question` VALUES (56, 25, '你是否大部分时间感到快乐？', '1', 5, '正向题：选“是”计0分，“否”计1分', '2026-06-02 09:35:58', '0', '2026-06-02 09:35:58', '', '');
INSERT INTO `acga_question` VALUES (57, 25, '你是否害怕会有不幸的事落到你头上？', '1', 6, '反向题：选“是”计1分，“否”计0分', '2026-06-02 09:35:58', '0', '2026-06-02 09:35:58', '', '');
INSERT INTO `acga_question` VALUES (58, 25, '你是否大部分时间感到快乐？', '1', 7, '正向题：选“是”计0分，“否”计1分', '2026-06-02 09:35:58', '0', '2026-06-02 09:35:58', '', '');
INSERT INTO `acga_question` VALUES (59, 25, '你是否常感到孤立无援？', '1', 8, '反向题：选“是”计1分，“否”计0分', '2026-06-02 09:35:58', '0', '2026-06-02 09:35:58', '', '');
INSERT INTO `acga_question` VALUES (60, 25, '你是否希望呆在家里而不愿去做些新鲜的事？', '1', 9, '反向题：选“是”计1分，“否”计0分', '2026-06-02 09:35:58', '0', '2026-06-02 09:35:58', '', '');
INSERT INTO `acga_question` VALUES (61, 25, '你是否觉得记忆力比大多数人差？', '1', 10, '反向题：选“是”计1分，“否”计0分', '2026-06-02 09:35:58', '0', '2026-06-02 09:35:58', '', '');
INSERT INTO `acga_question` VALUES (62, 25, '你觉得现在活得很惬意吗？', '1', 11, '正向题：选“是”计0分，“否”计1分', '2026-06-02 09:35:58', '0', '2026-06-02 09:35:58', '', '');
INSERT INTO `acga_question` VALUES (63, 25, '你是否觉得像现在这样活着毫无意义？', '1', 12, '反向题：选“是”计1分，“否”计0分', '2026-06-02 09:35:58', '0', '2026-06-02 09:35:58', '', '');
INSERT INTO `acga_question` VALUES (64, 25, '你觉得生活充满活力吗？', '1', 13, '正向题：选“是”计0分，“否”计1分', '2026-06-02 09:35:58', '0', '2026-06-02 09:35:58', '', '');
INSERT INTO `acga_question` VALUES (65, 25, '你是否觉得大多数人处境比你好？', '1', 14, '反向题：选“是”计1分，“否”计0分', '2026-06-02 09:35:58', '0', '2026-06-02 09:35:58', '', '');
INSERT INTO `acga_question` VALUES (66, 25, '你是否觉得大多数人比你强得多？', '1', 15, '反向题：选“是”计1分，“否”计0分', '2026-06-02 09:35:58', '0', '2026-06-02 09:35:58', '', '');
INSERT INTO `acga_question` VALUES (67, 26, '感到紧张、焦虑或烦躁', '1', 1, NULL, '2026-06-02 15:21:23', '0', '2026-06-02 15:21:23', '', '');
INSERT INTO `acga_question` VALUES (68, 26, '不能停止或控制担忧', '1', 2, NULL, '2026-06-02 15:21:23', '0', '2026-06-02 15:21:23', '', '');
INSERT INTO `acga_question` VALUES (69, 26, '对各种事情过分担忧', '1', 3, NULL, '2026-06-02 15:21:23', '0', '2026-06-02 15:21:23', '', '');
INSERT INTO `acga_question` VALUES (70, 26, '难以放松下来', '1', 4, NULL, '2026-06-02 15:21:23', '0', '2026-06-02 15:21:23', '', '');
INSERT INTO `acga_question` VALUES (71, 26, '由于不安而无法静坐', '1', 5, NULL, '2026-06-02 15:21:23', '0', '2026-06-02 15:21:23', '', '');
INSERT INTO `acga_question` VALUES (72, 26, '变得容易烦恼或急躁', '1', 6, NULL, '2026-06-02 15:21:23', '0', '2026-06-02 15:21:23', '', '');
INSERT INTO `acga_question` VALUES (73, 26, '感到害怕，好像有可怕的事情会发生', '1', 7, NULL, '2026-06-02 15:21:23', '0', '2026-06-02 15:21:23', '', '');
INSERT INTO `acga_question` VALUES (74, 27, '民族', '1', 1, NULL, '2026-06-04 16:06:36', '0', '2026-06-04 16:06:36', '', '');
INSERT INTO `acga_question` VALUES (75, 27, '文化程度', '1', 2, NULL, '2026-06-04 16:06:36', '0', '2026-06-04 16:06:36', '', '');
INSERT INTO `acga_question` VALUES (76, 27, '宗教信仰', '1', 3, NULL, '2026-06-04 16:06:36', '0', '2026-06-04 16:06:36', '', '');
INSERT INTO `acga_question` VALUES (77, 27, '婚姻状况', '1', 4, NULL, '2026-06-04 16:06:36', '0', '2026-06-04 16:06:36', '', '');
INSERT INTO `acga_question` VALUES (78, 27, '家庭情况', '1', 5, NULL, '2026-06-04 16:06:36', '0', '2026-06-04 16:06:36', '', '');
INSERT INTO `acga_question` VALUES (79, 27, '居住情况', '2', 6, NULL, '2026-06-04 16:06:36', '0', '2026-06-04 16:06:36', '', '');
INSERT INTO `acga_question` VALUES (80, 27, '接受照顾情况', '1', 7, NULL, '2026-06-04 16:06:36', '0', '2026-06-04 16:06:36', '', '');
INSERT INTO `acga_question` VALUES (81, 27, '医疗费用支付方式', '2', 8, NULL, '2026-06-04 16:06:36', '0', '2026-06-04 16:06:36', '', '');
INSERT INTO `acga_question` VALUES (82, 27, '经济来源', '2', 9, NULL, '2026-06-04 16:06:36', '0', '2026-06-04 16:06:36', '', '');
INSERT INTO `acga_question` VALUES (83, 27, '吸烟史', '1', 10, NULL, '2026-06-04 16:06:36', '0', '2026-06-04 16:06:36', '', '');
INSERT INTO `acga_question` VALUES (84, 27, '饮酒史', '1', 11, NULL, '2026-06-04 16:06:36', '0', '2026-06-04 16:06:36', '', '');
INSERT INTO `acga_question` VALUES (85, 27, '近一年来您多长时间喝一次酒？', '1', 12, NULL, '2026-06-04 16:06:36', '0', '2026-06-04 16:06:36', '', '');
INSERT INTO `acga_question` VALUES (86, 27, '近一年一般情况下您一天喝多少酒？', '1', 13, NULL, '2026-06-04 16:06:36', '0', '2026-06-04 16:06:36', '', '');
INSERT INTO `acga_question` VALUES (87, 27, '近一年来您一次喝酒达到或超过3瓶啤酒或3两52度白酒的情况多长时间出现一次？', '1', 14, NULL, '2026-06-04 16:06:36', '0', '2026-06-04 16:06:36', '', '');
INSERT INTO `acga_question` VALUES (88, 27, '近一年来您发现自己一喝酒就停不下来的情况多长时间出现一次？', '1', 15, NULL, '2026-06-04 16:06:36', '0', '2026-06-04 16:06:36', '', '');
INSERT INTO `acga_question` VALUES (89, 27, '近一年来您因为喝酒而耽误事的情况多长时间出现一次？', '1', 16, NULL, '2026-06-04 16:06:36', '0', '2026-06-04 16:06:36', '', '');
INSERT INTO `acga_question` VALUES (90, 27, '近一年来您在大量饮酒后早晨第一件事是需要再喝酒才能提起精神的情况多长时间出现一次？', '1', 17, NULL, '2026-06-04 16:06:36', '0', '2026-06-04 16:06:36', '', '');
INSERT INTO `acga_question` VALUES (91, 27, '近一年来您酒后感到自责或后悔的情况多长时间出现一次？', '1', 18, NULL, '2026-06-04 16:06:36', '0', '2026-06-04 16:06:36', '', '');
INSERT INTO `acga_question` VALUES (92, 27, '您曾因为喝酒弄伤过自己或别人吗？', '1', 19, NULL, '2026-06-04 16:06:36', '0', '2026-06-04 16:06:36', '', '');
INSERT INTO `acga_question` VALUES (93, 27, '您的亲戚朋友、医生或别的保健人员曾经担心您的喝酒情况或者劝您要少喝一些吗？', '1', 20, NULL, '2026-06-04 16:06:36', '0', '2026-06-04 16:06:36', '', '');
INSERT INTO `acga_question` VALUES (94, 27, '您早晨醒来后多长时间吸第一支烟？', '1', 21, NULL, '2026-06-04 16:06:36', '0', '2026-06-04 16:06:36', '', '');
INSERT INTO `acga_question` VALUES (95, 27, '您是否在禁烟场所很难控制吸烟的需求？', '1', 22, NULL, '2026-06-04 16:06:36', '0', '2026-06-04 16:06:36', '', '');
INSERT INTO `acga_question` VALUES (96, 27, '您认为哪一支烟最不愿放弃？', '1', 23, NULL, '2026-06-04 16:06:36', '0', '2026-06-04 16:06:36', '', '');
INSERT INTO `acga_question` VALUES (97, 27, '您每天吸多少支烟？', '1', 24, NULL, '2026-06-04 16:06:36', '0', '2026-06-04 16:06:36', '', '');
INSERT INTO `acga_question` VALUES (98, 27, '您早晨醒来后第一个小时是否比其它时间吸烟多？', '1', 25, NULL, '2026-06-04 16:06:36', '0', '2026-06-04 16:06:36', '', '');
INSERT INTO `acga_question` VALUES (99, 27, '您卧病在床时是否仍旧吸烟？', '1', 26, NULL, '2026-06-04 16:06:36', '0', '2026-06-04 16:06:36', '', '');
INSERT INTO `acga_question` VALUES (100, 27, '近一年来您由于饮酒以致于想不起前一天所经历的事情的情况多长时间出现一次?', '1', 15, NULL, '2026-06-04 17:40:05', '0', '2026-06-04 17:40:05', '', '');
INSERT INTO `acga_question` VALUES (101, 28, '既往病史', '2', 1, NULL, '2026-06-05 09:12:55', '0', '2026-06-05 09:12:55', '', '');
INSERT INTO `acga_question` VALUES (102, 28, '心肌梗塞', '1', 2, NULL, '2026-06-05 09:12:55', '0', '2026-06-05 09:12:55', '', '');
INSERT INTO `acga_question` VALUES (103, 28, '充血性心力衰竭', '1', 3, NULL, '2026-06-05 09:12:55', '0', '2026-06-05 09:12:55', '', '');
INSERT INTO `acga_question` VALUES (104, 28, '周围血管疾病', '1', 4, NULL, '2026-06-05 09:12:55', '0', '2026-06-05 09:12:55', '', '');
INSERT INTO `acga_question` VALUES (105, 28, '痴呆', '1', 5, NULL, '2026-06-05 09:12:55', '0', '2026-06-05 09:12:55', '', '');
INSERT INTO `acga_question` VALUES (106, 28, '脑血管疾病（轻微或无反复）', '1', 6, NULL, '2026-06-05 09:12:55', '0', '2026-06-05 09:12:55', '', '');
INSERT INTO `acga_question` VALUES (107, 28, '结缔组织疾病', '1', 7, NULL, '2026-06-05 09:12:55', '0', '2026-06-05 09:12:55', '', '');
INSERT INTO `acga_question` VALUES (108, 28, '消化性溃疡', '1', 8, NULL, '2026-06-05 09:12:55', '0', '2026-06-05 09:12:55', '', '');
INSERT INTO `acga_question` VALUES (109, 28, '糖尿病（没有终末器官损伤）', '1', 9, NULL, '2026-06-05 09:12:55', '0', '2026-06-05 09:12:55', '', '');
INSERT INTO `acga_question` VALUES (110, 28, 'COPD（慢性阻塞性肺疾病）', '1', 10, NULL, '2026-06-05 09:12:55', '0', '2026-06-05 09:12:55', '', '');
INSERT INTO `acga_question` VALUES (111, 28, '轻度肝脏疾病', '1', 11, NULL, '2026-06-05 09:12:55', '0', '2026-06-05 09:12:55', '', '');
INSERT INTO `acga_question` VALUES (112, 28, '偏瘫', '1', 12, NULL, '2026-06-05 09:12:55', '0', '2026-06-05 09:12:55', '', '');
INSERT INTO `acga_question` VALUES (113, 28, '中/重度肾脏疾病（CICr<60ml/min）', '1', 13, NULL, '2026-06-05 09:12:55', '0', '2026-06-05 09:12:55', '', '');
INSERT INTO `acga_question` VALUES (114, 28, '糖尿病伴有器官损害', '1', 14, NULL, '2026-06-05 09:12:55', '0', '2026-06-05 09:12:55', '', '');
INSERT INTO `acga_question` VALUES (115, 28, '肿瘤（排除诊断5年以上的）', '1', 15, NULL, '2026-06-05 09:12:55', '0', '2026-06-05 09:12:55', '', '');
INSERT INTO `acga_question` VALUES (116, 28, '淋巴瘤', '1', 16, NULL, '2026-06-05 09:12:55', '0', '2026-06-05 09:12:55', '', '');
INSERT INTO `acga_question` VALUES (117, 28, '白血病', '1', 17, NULL, '2026-06-05 09:12:55', '0', '2026-06-05 09:12:55', '', '');
INSERT INTO `acga_question` VALUES (118, 28, '中/重度肝脏疾病', '1', 18, NULL, '2026-06-05 09:12:55', '0', '2026-06-05 09:12:55', '', '');
INSERT INTO `acga_question` VALUES (119, 28, 'AIDS:获得性免疫缺陷综合征', '1', 19, NULL, '2026-06-05 09:12:55', '0', '2026-06-05 09:12:55', '', '');
INSERT INTO `acga_question` VALUES (120, 28, '转移性肿瘤', '1', 20, NULL, '2026-06-05 09:12:55', '0', '2026-06-05 09:12:55', '', '');
INSERT INTO `acga_question` VALUES (121, 28, '以上全无', '1', 21, NULL, '2026-06-05 09:12:55', '0', '2026-06-05 09:12:55', '', '');
INSERT INTO `acga_question` VALUES (122, 28, 'CIRS-G-心脏', '1', 22, NULL, '2026-06-05 09:12:55', '0', '2026-06-05 09:12:55', '', '');
INSERT INTO `acga_question` VALUES (123, 28, 'CIRS-G-高血压病', '1', 23, NULL, '2026-06-05 09:12:55', '0', '2026-06-05 09:12:55', '', '');
INSERT INTO `acga_question` VALUES (124, 28, 'CIRS-G-血管及血液系统', '1', 24, NULL, '2026-06-05 09:12:55', '0', '2026-06-05 09:12:55', '', '');
INSERT INTO `acga_question` VALUES (125, 28, 'CIRS-G-呼吸系统', '1', 25, NULL, '2026-06-05 09:12:55', '0', '2026-06-05 09:12:55', '', '');
INSERT INTO `acga_question` VALUES (126, 28, 'CIRS-G-眼耳鼻喉咽', '1', 26, NULL, '2026-06-05 09:12:55', '0', '2026-06-05 09:12:55', '', '');
INSERT INTO `acga_question` VALUES (127, 28, 'CIRS-G-上消化道', '1', 27, NULL, '2026-06-05 09:12:55', '0', '2026-06-05 09:12:55', '', '');
INSERT INTO `acga_question` VALUES (128, 28, 'CIRS-G-下消化道', '1', 28, NULL, '2026-06-05 09:12:55', '0', '2026-06-05 09:12:55', '', '');
INSERT INTO `acga_question` VALUES (129, 28, 'CIRS-G-肝脏', '1', 29, NULL, '2026-06-05 09:12:55', '0', '2026-06-05 09:12:55', '', '');
INSERT INTO `acga_question` VALUES (130, 28, 'CIRS-G-肾脏', '1', 30, NULL, '2026-06-05 09:12:55', '0', '2026-06-05 09:12:55', '', '');
INSERT INTO `acga_question` VALUES (131, 28, 'CIRS-G-泌尿系统', '1', 31, NULL, '2026-06-05 09:12:55', '0', '2026-06-05 09:12:55', '', '');
INSERT INTO `acga_question` VALUES (132, 28, 'CIRS-G-肌肉骨骼系统', '1', 32, NULL, '2026-06-05 09:12:55', '0', '2026-06-05 09:12:55', '', '');
INSERT INTO `acga_question` VALUES (133, 28, 'CIRS-G-神经系统', '1', 33, NULL, '2026-06-05 09:12:55', '0', '2026-06-05 09:12:55', '', '');
INSERT INTO `acga_question` VALUES (134, 28, 'CIRS-G-内分泌代谢', '1', 34, NULL, '2026-06-05 09:12:55', '0', '2026-06-05 09:12:55', '', '');
INSERT INTO `acga_question` VALUES (135, 28, 'CIRS-G-精神心理', '1', 35, NULL, '2026-06-05 09:12:55', '0', '2026-06-05 09:12:55', '', '');
INSERT INTO `acga_question` VALUES (136, 29, 'Mini-Cog-任务一：画钟试验', '1', 1, NULL, '2026-06-05 10:09:18', '0', '2026-06-05 10:09:18', '', '');
INSERT INTO `acga_question` VALUES (137, 29, 'Mini-Cog-任务二：词语回忆（记住3个词：花朵、门、米饭）', '1', 2, NULL, '2026-06-05 10:09:18', '0', '2026-06-05 10:09:18', '', '');
INSERT INTO `acga_question` VALUES (138, 29, 'MMSE-时间定向：星期几', '1', 3, NULL, '2026-06-05 10:09:18', '0', '2026-06-05 10:09:18', '', '');
INSERT INTO `acga_question` VALUES (139, 29, 'MMSE-时间定向：几号', '1', 4, NULL, '2026-06-05 10:09:18', '0', '2026-06-05 10:09:18', '', '');
INSERT INTO `acga_question` VALUES (140, 29, 'MMSE-时间定向：几月', '1', 5, NULL, '2026-06-05 10:09:18', '0', '2026-06-05 10:09:18', '', '');
INSERT INTO `acga_question` VALUES (141, 29, 'MMSE-时间定向：什么季节', '1', 6, NULL, '2026-06-05 10:09:18', '0', '2026-06-05 10:09:18', '', '');
INSERT INTO `acga_question` VALUES (142, 29, 'MMSE-时间定向：哪一年', '1', 7, NULL, '2026-06-05 10:09:18', '0', '2026-06-05 10:09:18', '', '');
INSERT INTO `acga_question` VALUES (143, 29, 'MMSE-地点定向：哪个省市', '1', 8, NULL, '2026-06-05 10:09:18', '0', '2026-06-05 10:09:18', '', '');
INSERT INTO `acga_question` VALUES (144, 29, 'MMSE-地点定向：哪个区县', '1', 9, NULL, '2026-06-05 10:09:18', '0', '2026-06-05 10:09:18', '', '');
INSERT INTO `acga_question` VALUES (145, 29, 'MMSE-地点定向：什么街道', '1', 10, NULL, '2026-06-05 10:09:18', '0', '2026-06-05 10:09:18', '', '');
INSERT INTO `acga_question` VALUES (146, 29, 'MMSE-地点定向：什么地方', '1', 11, NULL, '2026-06-05 10:09:18', '0', '2026-06-05 10:09:18', '', '');
INSERT INTO `acga_question` VALUES (147, 29, 'MMSE-地点定向：第几层楼', '1', 12, NULL, '2026-06-05 10:09:18', '0', '2026-06-05 10:09:18', '', '');
INSERT INTO `acga_question` VALUES (148, 29, 'MMSE-瞬时记忆：皮球', '1', 13, NULL, '2026-06-05 10:09:18', '0', '2026-06-05 10:09:18', '', '');
INSERT INTO `acga_question` VALUES (149, 29, 'MMSE-瞬时记忆：国旗', '1', 14, NULL, '2026-06-05 10:09:18', '0', '2026-06-05 10:09:18', '', '');
INSERT INTO `acga_question` VALUES (150, 29, 'MMSE-瞬时记忆：树木', '1', 15, NULL, '2026-06-05 10:09:18', '0', '2026-06-05 10:09:18', '', '');
INSERT INTO `acga_question` VALUES (151, 29, 'MMSE-注意力计算：100-7=93', '1', 16, NULL, '2026-06-05 10:09:18', '0', '2026-06-05 10:09:18', '', '');
INSERT INTO `acga_question` VALUES (152, 29, 'MMSE-注意力计算：93-7=86', '1', 17, NULL, '2026-06-05 10:09:18', '0', '2026-06-05 10:09:18', '', '');
INSERT INTO `acga_question` VALUES (153, 29, 'MMSE-注意力计算：86-7=79', '1', 18, NULL, '2026-06-05 10:09:18', '0', '2026-06-05 10:09:18', '', '');
INSERT INTO `acga_question` VALUES (154, 29, 'MMSE-注意力计算：79-7=72', '1', 19, NULL, '2026-06-05 10:09:18', '0', '2026-06-05 10:09:18', '', '');
INSERT INTO `acga_question` VALUES (155, 29, 'MMSE-注意力计算：72-7=65', '1', 20, NULL, '2026-06-05 10:09:18', '0', '2026-06-05 10:09:18', '', '');
INSERT INTO `acga_question` VALUES (156, 29, 'MMSE-延迟回忆：皮球', '1', 21, NULL, '2026-06-05 10:09:18', '0', '2026-06-05 10:09:18', '', '');
INSERT INTO `acga_question` VALUES (157, 29, 'MMSE-延迟回忆：国旗', '1', 22, NULL, '2026-06-05 10:09:18', '0', '2026-06-05 10:09:18', '', '');
INSERT INTO `acga_question` VALUES (158, 29, 'MMSE-延迟回忆：树木', '1', 23, NULL, '2026-06-05 10:09:18', '0', '2026-06-05 10:09:18', '', '');
INSERT INTO `acga_question` VALUES (159, 29, 'MMSE-命名：手表', '1', 24, NULL, '2026-06-05 10:09:18', '0', '2026-06-05 10:09:18', '', '');
INSERT INTO `acga_question` VALUES (160, 29, 'MMSE-命名：铅笔', '1', 25, NULL, '2026-06-05 10:09:18', '0', '2026-06-05 10:09:18', '', '');
INSERT INTO `acga_question` VALUES (161, 29, 'MMSE-复述句子：大家齐心协力拉紧绳', '1', 26, NULL, '2026-06-05 10:09:18', '0', '2026-06-05 10:09:18', '', '');
INSERT INTO `acga_question` VALUES (162, 29, 'MMSE-执行命令：右手拿起纸', '1', 27, NULL, '2026-06-05 10:09:18', '0', '2026-06-05 10:09:18', '', '');
INSERT INTO `acga_question` VALUES (163, 29, 'MMSE-执行命令：将纸对折', '1', 28, NULL, '2026-06-05 10:09:18', '0', '2026-06-05 10:09:18', '', '');
INSERT INTO `acga_question` VALUES (164, 29, 'MMSE-执行命令：将纸放在左腿上', '1', 29, NULL, '2026-06-05 10:09:18', '0', '2026-06-05 10:09:18', '', '');
INSERT INTO `acga_question` VALUES (165, 29, 'MMSE-阅读理解：请闭上您的眼睛', '1', 30, NULL, '2026-06-05 10:09:18', '0', '2026-06-05 10:09:18', '', '');
INSERT INTO `acga_question` VALUES (166, 29, 'MMSE-书写：写一个完整的句子', '1', 31, NULL, '2026-06-05 10:09:18', '0', '2026-06-05 10:09:18', '', '');
INSERT INTO `acga_question` VALUES (167, 29, 'MMSE-构图能力：画两个交叉的五边形', '1', 32, NULL, '2026-06-05 10:09:18', '0', '2026-06-05 10:09:18', '', '');
INSERT INTO `acga_question` VALUES (168, 29, 'MoCA-视空间：连线试验', '1', 33, NULL, '2026-06-05 10:09:18', '0', '2026-06-05 10:09:18', '', '');
INSERT INTO `acga_question` VALUES (169, 29, 'MoCA-视空间：画立方体', '1', 34, NULL, '2026-06-05 10:09:18', '0', '2026-06-05 10:09:18', '', '');
INSERT INTO `acga_question` VALUES (170, 29, 'MoCA-视空间：画钟试验', '1', 35, NULL, '2026-06-05 10:09:18', '0', '2026-06-05 10:09:18', '', '');
INSERT INTO `acga_question` VALUES (171, 29, 'MoCA-命名：狮子', '1', 36, NULL, '2026-06-05 10:09:18', '0', '2026-06-05 10:09:18', '', '');
INSERT INTO `acga_question` VALUES (172, 29, 'MoCA-命名：犀牛', '1', 37, NULL, '2026-06-05 10:09:18', '0', '2026-06-05 10:09:18', '', '');
INSERT INTO `acga_question` VALUES (173, 29, 'MoCA-命名：骆驼', '1', 38, NULL, '2026-06-05 10:09:18', '0', '2026-06-05 10:09:18', '', '');
INSERT INTO `acga_question` VALUES (174, 29, 'MoCA-记忆：第一次回忆5个词（面孔、天鹅绒、教堂、雏菊、红色）', '1', 39, NULL, '2026-06-05 10:09:18', '0', '2026-06-05 10:09:18', '', '');
INSERT INTO `acga_question` VALUES (175, 29, 'MoCA-记忆：第二次回忆5个词', '1', 40, NULL, '2026-06-05 10:09:18', '0', '2026-06-05 10:09:18', '', '');
INSERT INTO `acga_question` VALUES (176, 29, 'MoCA-注意：顺背数字21854', '1', 41, NULL, '2026-06-05 10:09:18', '0', '2026-06-05 10:09:18', '', '');
INSERT INTO `acga_question` VALUES (177, 29, 'MoCA-注意：倒背数字742', '1', 42, NULL, '2026-06-05 10:09:18', '0', '2026-06-05 10:09:18', '', '');
INSERT INTO `acga_question` VALUES (178, 29, 'MoCA-注意：数字划消试验', '1', 43, NULL, '2026-06-05 10:09:18', '0', '2026-06-05 10:09:18', '', '');
INSERT INTO `acga_question` VALUES (179, 29, 'MoCA-语言：重复句子：我只知道今天李明是帮过忙的人', '1', 44, NULL, '2026-06-05 10:09:18', '0', '2026-06-05 10:09:18', '', '');
INSERT INTO `acga_question` VALUES (180, 29, 'MoCA-语言：重复句子：当狗在房间里的时候，猫总是藏在沙发下', '1', 45, NULL, '2026-06-05 10:09:18', '0', '2026-06-05 10:09:18', '', '');
INSERT INTO `acga_question` VALUES (181, 29, 'MoCA-语言流畅性：1分钟说出尽可能多的动物名字', '1', 46, NULL, '2026-06-05 10:09:18', '0', '2026-06-05 10:09:18', '', '');
INSERT INTO `acga_question` VALUES (182, 29, 'MoCA-抽象：火车-自行车有什么共性？', '1', 47, NULL, '2026-06-05 10:09:18', '0', '2026-06-05 10:09:18', '', '');
INSERT INTO `acga_question` VALUES (183, 29, 'MoCA-抽象：手表-尺子有什么共性？', '1', 48, NULL, '2026-06-05 10:09:18', '0', '2026-06-05 10:09:18', '', '');
INSERT INTO `acga_question` VALUES (184, 29, 'MoCA-延迟回忆：面孔', '1', 49, NULL, '2026-06-05 10:09:18', '0', '2026-06-05 10:09:18', '', '');
INSERT INTO `acga_question` VALUES (185, 29, 'MoCA-延迟回忆：天鹅绒', '1', 50, NULL, '2026-06-05 10:09:18', '0', '2026-06-05 10:09:18', '', '');
INSERT INTO `acga_question` VALUES (186, 29, 'MoCA-延迟回忆：教堂', '1', 51, NULL, '2026-06-05 10:09:18', '0', '2026-06-05 10:09:18', '', '');
INSERT INTO `acga_question` VALUES (187, 29, 'MoCA-延迟回忆：雏菊', '1', 52, NULL, '2026-06-05 10:09:18', '0', '2026-06-05 10:09:18', '', '');
INSERT INTO `acga_question` VALUES (188, 29, 'MoCA-延迟回忆：红色', '1', 53, NULL, '2026-06-05 10:09:18', '0', '2026-06-05 10:09:18', '', '');
INSERT INTO `acga_question` VALUES (189, 29, 'MoCA-定向：哪一年', '1', 54, NULL, '2026-06-05 10:09:18', '0', '2026-06-05 10:09:18', '', '');
INSERT INTO `acga_question` VALUES (190, 29, 'MoCA-定向：几月', '1', 55, NULL, '2026-06-05 10:09:18', '0', '2026-06-05 10:09:18', '', '');
INSERT INTO `acga_question` VALUES (191, 29, 'MoCA-定向：几号', '1', 56, NULL, '2026-06-05 10:09:18', '0', '2026-06-05 10:09:18', '', '');
INSERT INTO `acga_question` VALUES (192, 29, 'MoCA-定向：星期几', '1', 57, NULL, '2026-06-05 10:09:18', '0', '2026-06-05 10:09:18', '', '');
INSERT INTO `acga_question` VALUES (193, 29, 'MoCA-定向：什么地方', '1', 58, NULL, '2026-06-05 10:09:18', '0', '2026-06-05 10:09:18', '', '');
INSERT INTO `acga_question` VALUES (194, 29, 'MoCA-定向：哪个城市', '1', 59, NULL, '2026-06-05 10:09:18', '0', '2026-06-05 10:09:18', '', '');

-- ----------------------------
-- Table structure for acga_scale
-- ----------------------------
DROP TABLE IF EXISTS `acga_scale`;
CREATE TABLE `acga_scale`  (
  `id` bigint NOT NULL AUTO_INCREMENT COMMENT '主键',
  `scale_name` varchar(100) CHARACTER SET utf8mb4 COLLATE utf8mb4_general_ci NOT NULL COMMENT '量表名称',
  `code` varchar(50) CHARACTER SET utf8mb4 COLLATE utf8mb4_general_ci NULL DEFAULT NULL COMMENT '编码(cga/gds15/gad7...)',
  `total_score` int NULL DEFAULT 0 COMMENT '总分',
  `remark` varchar(500) CHARACTER SET utf8mb4 COLLATE utf8mb4_general_ci NULL DEFAULT NULL COMMENT '说明',
  `create_time` datetime NULL DEFAULT CURRENT_TIMESTAMP,
  `del_flag` char(1) CHARACTER SET utf8mb4 COLLATE utf8mb4_general_ci NULL DEFAULT '0',
  `update_time` datetime NULL DEFAULT CURRENT_TIMESTAMP ON UPDATE CURRENT_TIMESTAMP COMMENT '更新时间',
  `create_by` varchar(64) CHARACTER SET utf8mb4 COLLATE utf8mb4_general_ci NULL DEFAULT '' COMMENT '创建者',
  `update_by` varchar(64) CHARACTER SET utf8mb4 COLLATE utf8mb4_general_ci NULL DEFAULT '' COMMENT '更新者',
  PRIMARY KEY (`id`) USING BTREE
) ENGINE = InnoDB AUTO_INCREMENT = 30 CHARACTER SET = utf8mb4 COLLATE = utf8mb4_general_ci COMMENT = 'cga-量表表' ROW_FORMAT = Dynamic;

-- ----------------------------
-- Records of acga_scale
-- ----------------------------
INSERT INTO `acga_scale` VALUES (1, '运动功能筛查', 'exercise', 2, NULL, '2026-05-26 11:44:21', '0', '2026-05-29 10:30:33', '', '');
INSERT INTO `acga_scale` VALUES (2, '视力简易评估', 'vision', 4, '评判标准：4 分，视力正常；3 分，低视力；1～2 分，盲；0 分，完全失明。≤3 分应进一步到眼科评估。', '2026-05-26 11:45:47', '0', '2026-05-29 10:30:33', '', '');
INSERT INTO `acga_scale` VALUES (3, '视觉功能简易评估', 'visual_function', 3, '注 1：评判方法：0 分=是，1 分=否；最终得分为以上 3 项得分的总和。 \r\n注 2：评判标准：3 分，视功能良好；2 分，视功能较差；≤1 分，视功能差；如第 1 项回答为“是”，说明视力有问题', '2026-05-26 14:46:13', '0', '2026-05-29 10:30:33', '', '');
INSERT INTO `acga_scale` VALUES (4, '听力简易评估', 'listening', 4, '评判标准：4 分，听力正常；3 分，听力下降；1～2 分，听力障碍；0 分，完全失聪。≤3 分应进一步到耳鼻喉科评估。', '2026-05-26 14:54:22', '0', '2026-05-29 10:30:33', '', '');
INSERT INTO `acga_scale` VALUES (5, '认知功能筛查', 'cognition', 5, '注 1：评判方法：画钟试验的数字标注正确且指针显示时间正确，判断为正确。 \r\n注 2：评判标准：每回忆 1 个词得 1 分；画钟试验正确为 2 分，错误为 0 分。将名词回忆和画钟试验的总分相加为简易智力评估得分。0～2 分，认知功能障碍筛查阳性；3～5 分，认知功能障碍筛查阴性。', '2026-05-26 14:59:18', '0', '2026-05-29 10:30:33', '', '');
INSERT INTO `acga_scale` VALUES (6, '抑郁筛查', 'depression', 1, '过去两周内做事时是否提不起劲或没有兴趣，或是否感到心情低落、沮丧或绝望；阳性建议进行抑郁评估 WS/T802 B4。', '2026-05-26 15:09:24', '0', '2026-05-29 10:30:33', '', '');
INSERT INTO `acga_scale` VALUES (7, '焦虑筛查', 'anxiety', 1, '过去两周内是否感觉紧张、担忧或急切，或是否不能够停止或控制担忧；阳性建议进行焦虑评估 WS/T802 B3。', '2026-05-26 15:12:25', '0', '2026-05-29 10:30:33', '', '');
INSERT INTO `acga_scale` VALUES (8, '居家环境筛查', 'stay_at_home', 14, NULL, '2026-05-26 15:15:47', '0', '2026-05-29 10:30:33', '', '');
INSERT INTO `acga_scale` VALUES (9, '跌倒筛查', 'fall', 1, '阳性建议进行跌倒风险评估 MZT 185 A1。', '2026-05-26 15:35:12', '0', '2026-05-29 10:30:33', '', '');
INSERT INTO `acga_scale` VALUES (10, '衰弱评估', 'frailty', 5, '≥3 分 = 衰弱，1-2 分 = 衰弱前期，0 分 = 无衰弱', '2026-05-26 15:40:12', '0', '2026-05-29 10:30:33', '', '');
INSERT INTO `acga_scale` VALUES (11, '尿失禁筛查', 'incontinence', 1, '阳性建议进行尿失禁评估 B11。', '2026-05-26 15:47:58', '0', '2026-05-29 10:30:33', '', '');
INSERT INTO `acga_scale` VALUES (12, '便秘筛查', 'constipation', 1, '阳性建议进行便秘评估 B12。', '2026-05-26 15:49:56', '0', '2026-05-29 10:30:33', '', '');
INSERT INTO `acga_scale` VALUES (13, '睡眠障碍筛查', 'sleep', 1, '阳性建议进行睡眠障碍评估 B13。', '2026-05-26 15:51:20', '0', '2026-05-29 10:30:33', '', '');
INSERT INTO `acga_scale` VALUES (14, '慢性疼痛筛查', 'chronic', 1, '阳性建议进行慢性疼痛评估 B14。', '2026-05-26 15:55:25', '0', '2026-05-29 10:30:33', '', '');
INSERT INTO `acga_scale` VALUES (15, '压力性损伤风险筛查', 'pressure', 1, '阳性建议进行压力性损伤风险评估 B16。', '2026-05-26 15:58:30', '0', '2026-05-29 10:30:33', '', '');
INSERT INTO `acga_scale` VALUES (16, '多重用药状态', 'medication', 2, '<5 种：无；5～9 种：轻度；≥10 种：重度。\r\n· 医疗机构操作规范：WS/T 888—2026《医疗机构老年综合评估技术操作标准》\r\n· 国内指南：《中国老年多重用药管理指南（2025）》', '2026-05-26 15:59:56', '0', '2026-05-29 10:30:33', '', '');
INSERT INTO `acga_scale` VALUES (17, '吞咽障碍筛查', 'swallow', 1, '吃东西或喝水时出现咳嗽或呛咳为阳性，建议进行吞咽障碍评估 B17。', '2026-05-26 16:03:13', '0', '2026-05-29 10:30:33', '', '');
INSERT INTO `acga_scale` VALUES (18, '营养风险筛查', 'nutrition', 14, '总分≤11分为营养不良风险，建议进行营养不良评估及诊断 B18/B19。', '2026-05-26 16:05:09', '0', '2026-05-29 10:30:33', '', '');
INSERT INTO `acga_scale` VALUES (19, '肌少症筛查', 'sarcopenia', 1, '男性＜34 cm，女性＜33 cm 为肌少症筛查阳性；阳性建议进行肌肉力量和躯体功能评估。', '2026-05-26 16:29:17', '0', '2026-05-29 10:30:33', '', '');
INSERT INTO `acga_scale` VALUES (20, '谵妄评估', 'delirium', 8, '注 1：评估方法：条目 1 中 1 或 2 任意一个问题答案为“是”，条目 1 结果判断均为阳性；条目 2、3 的问题，回答为 \r\n“是”，相应条目结果判断为阳性；存在条目 4 中任何一种临床表现异常，条目 4 结果判断为阳性。 \r\n注 2：评判标准：条目 1 和条目 2 均为阳性，且满足条目 3 或条目 4，诊断为谵妄。', '2026-05-26 16:31:07', '0', '2026-05-29 10:30:33', '', '');
INSERT INTO `acga_scale` VALUES (21, '日常生活活动能力', 'daily_life', 100, 'Barthel ADL评定量表，满分100分，≤40重度依赖；41-60中度依赖；61-99轻度依赖；100分无依赖', '2026-06-01 09:36:21', '0', '2026-06-01 16:49:40', '', '');
INSERT INTO `acga_scale` VALUES (22, '简易体能状况量表', 'sppb', 12, '评估老年人身体功能状况，包含平衡测试、步速测试、5次起坐试验三项', '2026-06-01 15:01:11', '0', '2026-06-01 15:33:03', '', '');
INSERT INTO `acga_scale` VALUES (24, '视听力简易评估', 'vision_hearing', 12, '视力、视功能、听力综合评估量表', '2026-06-01 15:41:24', '0', '2026-06-01 15:45:03', 'admin', 'admin');
INSERT INTO `acga_scale` VALUES (25, '抑郁筛查', 'depression', 15, 'GDS-15 简版老年抑郁量表，15题，是/否计分', '2026-06-02 09:30:51', '0', '2026-06-02 09:30:51', 'admin', 'admin');
INSERT INTO `acga_scale` VALUES (26, '焦虑筛查', 'anxiety_gad', 7, 'GAD-7老年焦虑评估量表，参考WS/T 888-2026标准', '2026-06-02 15:20:43', '0', '2026-06-02 15:23:48', '', '');
INSERT INTO `acga_scale` VALUES (27, '基本情况', 'basic_information', 0, '包含基础档案+居住/医保/烟酒/AUDIT酒精/FTND尼古丁量表，基础填空存patient，选择题计入答卷', '2026-06-04 15:55:51', '0', '2026-06-04 15:55:51', '', '');
INSERT INTO `acga_scale` VALUES (28, '疾病评估', 'disease', 0, '包含既往病史、Charlson查尔森合并症指数、CIRS-G老年累积疾病评估量表', '2026-06-05 09:11:52', '0', '2026-06-05 09:11:52', '', '');
INSERT INTO `acga_scale` VALUES (29, '认知功能评估', 'cognitive_assessment', 65, '包含Mini-Cog简易认知筛查、MMSE简明精神状态检查、MoCA蒙特利尔认知评估', '2026-06-05 10:08:05', '0', '2026-06-05 10:08:52', '', '');

-- ----------------------------
-- Table structure for cga_option
-- ----------------------------
DROP TABLE IF EXISTS `cga_option`;
CREATE TABLE `cga_option`  (
  `id` int NOT NULL AUTO_INCREMENT COMMENT '主键',
  `question_id` bigint NOT NULL COMMENT '题目id',
  `label` varchar(10) CHARACTER SET utf8mb4 COLLATE utf8mb4_unicode_ci NOT NULL COMMENT '选项标识(a/b/c/d)',
  `content` varchar(255) CHARACTER SET utf8mb4 COLLATE utf8mb4_unicode_ci NULL DEFAULT NULL COMMENT '选项内容',
  `score` int NULL DEFAULT NULL COMMENT '选项得分',
  `sort` int NULL DEFAULT NULL COMMENT '排序',
  `create_time` datetime NULL DEFAULT CURRENT_TIMESTAMP COMMENT '创建时间',
  `update_time` datetime NULL DEFAULT CURRENT_TIMESTAMP ON UPDATE CURRENT_TIMESTAMP COMMENT '更新时间',
  `create_by` varchar(64) CHARACTER SET utf8mb4 COLLATE utf8mb4_unicode_ci NULL DEFAULT NULL COMMENT '创建者',
  `update_by` varchar(64) CHARACTER SET utf8mb4 COLLATE utf8mb4_unicode_ci NULL DEFAULT NULL COMMENT '更新者',
  `del_flag` char(1) CHARACTER SET utf8mb4 COLLATE utf8mb4_unicode_ci NULL DEFAULT '0' COMMENT '删除标记(0-未删除 1-已删除)',
  PRIMARY KEY (`id`) USING BTREE,
  INDEX `idx_question_id`(`question_id` ASC) USING BTREE
) ENGINE = InnoDB AUTO_INCREMENT = 2351 CHARACTER SET = utf8mb4 COLLATE = utf8mb4_unicode_ci COMMENT = '老年综合评估选项表' ROW_FORMAT = Dynamic;

-- ----------------------------
-- Records of cga_option
-- ----------------------------
INSERT INTO `cga_option` VALUES (1, 1, 'A', '完全自理，不需要任何帮助', 8, 1, '2026-06-06 12:10:10', '2026-06-06 12:10:10', NULL, NULL, '0');
INSERT INTO `cga_option` VALUES (2, 1, 'B', '需要部分或完全依赖他人照顾', 0, 2, '2026-06-06 12:10:10', '2026-06-06 12:10:10', NULL, NULL, '0');
INSERT INTO `cga_option` VALUES (3, 2, 'A', '完全能独立处理所有日常事务', 6, 1, '2026-06-06 12:10:10', '2026-06-11 15:11:27', NULL, NULL, '0');
INSERT INTO `cga_option` VALUES (4, 2, 'B', '部分事务需要他人帮助或完全不能处理', 0, 2, '2026-06-06 12:10:10', '2026-06-06 12:10:10', NULL, NULL, '0');
INSERT INTO `cga_option` VALUES (5, 3, 'A', '能轻松完成，没有任何困难', 4, 1, '2026-06-08 15:38:49', '2026-06-11 15:11:29', NULL, NULL, '0');
INSERT INTO `cga_option` VALUES (6, 3, 'B', '有困难，需要休息或他人帮助', 0, 2, '2026-06-08 15:38:49', '2026-06-08 15:39:46', NULL, NULL, '0');
INSERT INTO `cga_option` VALUES (7, 4, 'A', '视力正常，看东西清晰，无遮挡、变形', 8, 1, '2026-06-06 12:10:10', '2026-06-06 12:10:10', NULL, NULL, '0');
INSERT INTO `cga_option` VALUES (8, 4, 'B', '看东西吃力，或有遮挡感、视野缺损、变形', 0, 2, '2026-06-06 12:10:10', '2026-06-06 12:10:10', NULL, NULL, '0');
INSERT INTO `cga_option` VALUES (9, 5, 'A', '听力正常，能听清正常交谈和各种声音', 8, 1, '2026-06-06 12:10:10', '2026-06-06 14:26:27', NULL, NULL, '0');
INSERT INTO `cga_option` VALUES (10, 5, 'B', '听不清正常交谈，或轻声交流完全听不见', 0, 2, '2026-06-06 12:10:10', '2026-06-06 12:10:10', NULL, NULL, '0');
INSERT INTO `cga_option` VALUES (11, 6, 'A', '已记住3个词', 0, 1, '2026-06-06 12:10:10', '2026-06-16 15:33:05', NULL, NULL, '1');
INSERT INTO `cga_option` VALUES (12, 7, 'A', '数字标注正确且指针显示时间正确', 2, 1, '2026-06-06 12:10:10', '2026-06-06 12:10:10', NULL, NULL, '0');
INSERT INTO `cga_option` VALUES (13, 7, 'B', '数字标注错误或指针显示时间错误', 0, 2, '2026-06-06 12:10:10', '2026-06-06 12:10:10', NULL, NULL, '0');
INSERT INTO `cga_option` VALUES (14, 8, 'A', '0个', 0, 1, '2026-06-06 12:10:10', '2026-06-06 12:10:10', NULL, NULL, '0');
INSERT INTO `cga_option` VALUES (15, 8, 'B', '1个', 1, 2, '2026-06-06 12:10:10', '2026-06-06 12:10:10', NULL, NULL, '0');
INSERT INTO `cga_option` VALUES (16, 8, 'C', '2个', 2, 3, '2026-06-06 12:10:10', '2026-06-06 12:10:10', NULL, NULL, '0');
INSERT INTO `cga_option` VALUES (17, 8, 'D', '3个', 3, 4, '2026-06-06 12:10:10', '2026-06-06 14:21:25', NULL, NULL, '0');
INSERT INTO `cga_option` VALUES (18, 9, 'A', '家中环境安全，无跌倒隐患', 3, 1, '2026-06-06 12:10:10', '2026-06-06 12:10:10', NULL, NULL, '0');
INSERT INTO `cga_option` VALUES (19, 9, 'B', '家中存在通道杂乱、地面滑、照明差等不安全因素', 0, 2, '2026-06-06 12:10:10', '2026-06-06 12:10:10', NULL, NULL, '0');
INSERT INTO `cga_option` VALUES (20, 10, 'A', '否', 1, 1, '2026-06-06 12:10:10', '2026-06-06 12:10:10', NULL, NULL, '0');
INSERT INTO `cga_option` VALUES (21, 10, 'B', '是', 0, 2, '2026-06-06 12:10:10', '2026-06-06 12:10:10', NULL, NULL, '0');
INSERT INTO `cga_option` VALUES (22, 11, 'A', '否', 1, 1, '2026-06-06 12:10:10', '2026-06-06 12:10:10', NULL, NULL, '0');
INSERT INTO `cga_option` VALUES (23, 11, 'B', '是', 0, 2, '2026-06-06 12:10:10', '2026-06-06 12:10:10', NULL, NULL, '0');
INSERT INTO `cga_option` VALUES (24, 12, 'A', '否', 1, 1, '2026-06-06 12:10:10', '2026-06-06 12:10:10', NULL, NULL, '0');
INSERT INTO `cga_option` VALUES (25, 12, 'B', '是', 0, 2, '2026-06-06 12:10:10', '2026-06-06 12:10:10', NULL, NULL, '0');
INSERT INTO `cga_option` VALUES (26, 13, 'A', '否', 1, 1, '2026-06-06 12:10:10', '2026-06-06 12:10:10', NULL, NULL, '0');
INSERT INTO `cga_option` VALUES (27, 13, 'B', '是', 0, 2, '2026-06-06 12:10:10', '2026-06-06 12:10:10', NULL, NULL, '0');
INSERT INTO `cga_option` VALUES (28, 14, 'A', '否', 1, 1, '2026-06-06 12:10:10', '2026-06-06 14:26:27', NULL, NULL, '0');
INSERT INTO `cga_option` VALUES (29, 14, 'B', '是', 0, 2, '2026-06-06 12:10:10', '2026-06-06 12:10:10', NULL, NULL, '0');
INSERT INTO `cga_option` VALUES (30, 15, 'A', '排尿控制正常，无漏尿情况', 3, 1, '2026-06-06 12:10:10', '2026-06-06 12:10:10', NULL, NULL, '0');
INSERT INTO `cga_option` VALUES (31, 15, 'B', '有漏尿、憋不住尿，或已影响日常生活', 0, 2, '2026-06-06 12:10:10', '2026-06-06 12:10:10', NULL, NULL, '0');
INSERT INTO `cga_option` VALUES (32, 16, 'A', '排便正常，无便秘困扰', 3, 1, '2026-06-06 12:10:10', '2026-06-06 14:26:27', NULL, NULL, '0');
INSERT INTO `cga_option` VALUES (33, 16, 'B', '长期受便秘困扰，排便次数少、费力或排不尽', 0, 2, '2026-06-06 12:10:10', '2026-06-06 12:10:10', NULL, NULL, '0');
INSERT INTO `cga_option` VALUES (34, 17, 'A', '睡眠良好，无失眠困扰', 3, 1, '2026-06-06 12:10:10', '2026-06-06 12:10:10', NULL, NULL, '0');
INSERT INTO `cga_option` VALUES (35, 17, 'B', '长期失眠，入睡困难、早醒或睡眠质量差', 0, 2, '2026-06-06 12:10:10', '2026-06-06 12:10:10', NULL, NULL, '0');
INSERT INTO `cga_option` VALUES (36, 18, 'A', '无持续超过3个月的疼痛', 6, 1, '2026-06-06 12:10:10', '2026-06-06 12:10:10', NULL, NULL, '0');
INSERT INTO `cga_option` VALUES (37, 18, 'B', '有持续超过3个月的疼痛，或无法表达但有痛苦表现', 0, 2, '2026-06-06 12:10:10', '2026-06-06 12:10:10', NULL, NULL, '0');
INSERT INTO `cga_option` VALUES (38, 19, 'A', '活动正常，皮肤完好无异常', 4, 1, '2026-06-06 12:10:10', '2026-06-06 12:10:10', NULL, NULL, '0');
INSERT INTO `cga_option` VALUES (39, 19, 'B', '长期卧床/坐轮椅，或皮肤有发红、破损等异常', 0, 2, '2026-06-06 12:10:10', '2026-06-06 12:10:10', NULL, NULL, '0');
INSERT INTO `cga_option` VALUES (40, 20, 'A', '进食和吞咽正常，无呛咳', 5, 1, '2026-06-06 12:10:10', '2026-06-06 12:10:10', NULL, NULL, '0');
INSERT INTO `cga_option` VALUES (41, 20, 'B', '喝水或吃饭时容易呛咳、吞咽费力', 0, 2, '2026-06-06 12:10:10', '2026-06-06 12:10:10', NULL, NULL, '0');
INSERT INTO `cga_option` VALUES (44, 22, 'A', '否', 1, 1, '2026-06-06 12:10:10', '2026-06-06 12:10:10', NULL, NULL, '0');
INSERT INTO `cga_option` VALUES (45, 22, 'B', '是', 0, 2, '2026-06-06 12:10:10', '2026-06-06 12:10:10', NULL, NULL, '0');
INSERT INTO `cga_option` VALUES (46, 23, 'A', '否', 1, 1, '2026-06-06 12:10:10', '2026-06-06 12:10:10', NULL, NULL, '0');
INSERT INTO `cga_option` VALUES (47, 23, 'B', '是', 0, 2, '2026-06-06 12:10:10', '2026-06-06 12:10:10', NULL, NULL, '0');
INSERT INTO `cga_option` VALUES (48, 24, 'A', '否', 1, 1, '2026-06-06 12:10:10', '2026-06-06 12:10:10', NULL, NULL, '0');
INSERT INTO `cga_option` VALUES (49, 24, 'B', '是', 0, 2, '2026-06-06 12:10:10', '2026-06-06 12:10:10', NULL, NULL, '0');
INSERT INTO `cga_option` VALUES (50, 25, 'A', '否', 1, 1, '2026-06-06 12:10:10', '2026-06-06 12:10:10', NULL, NULL, '0');
INSERT INTO `cga_option` VALUES (51, 25, 'B', '是', 0, 2, '2026-06-06 12:10:10', '2026-06-06 12:10:10', NULL, NULL, '0');
INSERT INTO `cga_option` VALUES (52, 26, 'A', '情绪正常，做事有兴趣，心情愉悦', 3, 1, '2026-06-06 12:10:10', '2026-06-06 12:10:10', NULL, NULL, '0');
INSERT INTO `cga_option` VALUES (53, 26, 'B', '做事提不起劲、没有兴趣，或心情低落、沮丧', 0, 2, '2026-06-06 12:10:10', '2026-06-06 12:10:10', NULL, NULL, '0');
INSERT INTO `cga_option` VALUES (54, 27, 'A', '情绪平稳，无过度紧张担忧', 3, 1, '2026-06-06 12:10:10', '2026-06-06 14:01:14', NULL, NULL, '0');
INSERT INTO `cga_option` VALUES (55, 27, 'B', '经常紧张、担忧，或无法控制自己的担忧', 0, 2, '2026-06-06 12:10:10', '2026-06-06 12:10:10', NULL, NULL, '0');
INSERT INTO `cga_option` VALUES (56, 28, 'A', '走路稳定，过去一年无跌倒，不害怕跌倒', 6, 1, '2026-06-06 12:10:10', '2026-06-06 12:10:10', NULL, NULL, '0');
INSERT INTO `cga_option` VALUES (57, 28, 'B', '过去一年跌倒过，或走路不稳，或因害怕跌倒影响活动', 0, 2, '2026-06-06 12:10:10', '2026-06-06 12:10:10', NULL, NULL, '0');
INSERT INTO `cga_option` VALUES (58, 29, 'A', '同时使用药物和保健品少于5种', 3, 1, '2026-06-06 12:10:10', '2026-06-06 14:26:27', NULL, NULL, '0');
INSERT INTO `cga_option` VALUES (59, 29, 'B', '同时使用5种及以上的药物、保健品或中药', 0, 2, '2026-06-06 12:10:10', '2026-06-06 12:10:10', NULL, NULL, '0');
INSERT INTO `cga_option` VALUES (60, 30, 'A', '否（正常）', 2, 1, '2026-06-06 12:10:10', '2026-06-11 15:44:26', NULL, NULL, '0');
INSERT INTO `cga_option` VALUES (61, 30, 'B', '是（体重下降/进食减少/卧床/小腿围细）', 0, 2, '2026-06-06 12:10:10', '2026-06-11 15:44:28', NULL, NULL, '0');
INSERT INTO `cga_option` VALUES (62, 6, 'B', '未记住任意词语', 0, 2, '2026-06-06 12:22:04', '2026-06-16 15:33:18', NULL, NULL, '1');
INSERT INTO `cga_option` VALUES (63, 21, 'A', '体质指数 > 20.5 kg/m', 2, 1, '2026-06-11 15:13:17', '2026-06-16 16:00:49', NULL, NULL, '0');
INSERT INTO `cga_option` VALUES (64, 21, 'B', '最近3个月没有体质量减轻', 2, 2, '2026-06-11 15:13:31', '2026-06-16 16:00:59', NULL, NULL, '0');
INSERT INTO `cga_option` VALUES (65, 21, 'C', '最近1周没有膳食摄入量减少', 2, 3, '2026-06-11 15:14:00', '2026-06-16 16:01:06', NULL, NULL, '0');
INSERT INTO `cga_option` VALUES (66, 21, 'D', '疾病并不严重（如重症监护室、大手术后）', 2, 4, '2026-06-11 15:14:23', '2026-06-16 16:01:13', NULL, NULL, '0');
INSERT INTO `cga_option` VALUES (67, 21, 'E', '以上均不符合', 0, 5, '2026-06-11 15:14:57', '2026-06-16 16:08:53', NULL, NULL, '0');
INSERT INTO `cga_option` VALUES (101, 101, 'A', '可独立进食', 10, 1, '2026-06-08 10:35:16', '2026-06-09 15:49:29', NULL, NULL, '0');
INSERT INTO `cga_option` VALUES (102, 101, 'B', '需部分帮助', 5, 2, '2026-06-08 10:35:16', '2026-06-09 15:49:30', NULL, NULL, '0');
INSERT INTO `cga_option` VALUES (103, 101, 'C', '需极大帮助或完全依赖他人，或留置胃管', 0, 3, '2026-06-08 10:35:16', '2026-06-09 15:49:32', NULL, NULL, '0');
INSERT INTO `cga_option` VALUES (104, 102, 'A', '准备好洗澡水后，可自己独立完成洗澡过程', 5, 1, '2026-06-08 10:35:16', '2026-06-09 15:49:33', NULL, NULL, '0');
INSERT INTO `cga_option` VALUES (105, 102, 'B', '在洗澡过程需要他人帮助', 0, 2, '2026-06-08 10:35:16', '2026-06-09 15:49:34', NULL, NULL, '0');
INSERT INTO `cga_option` VALUES (106, 103, 'A', '可自己独立完成', 5, 1, '2026-06-08 10:35:16', '2026-06-09 15:49:35', NULL, NULL, '0');
INSERT INTO `cga_option` VALUES (107, 103, 'B', '需他人帮助', 0, 2, '2026-06-08 10:35:16', '2026-06-09 15:49:36', NULL, NULL, '0');
INSERT INTO `cga_option` VALUES (108, 104, 'A', '可独立完成', 10, 1, '2026-06-08 10:35:16', '2026-06-09 15:49:38', NULL, NULL, '0');
INSERT INTO `cga_option` VALUES (109, 104, 'B', '需部分帮助', 5, 2, '2026-06-08 10:35:16', '2026-06-09 15:49:40', NULL, NULL, '0');
INSERT INTO `cga_option` VALUES (110, 104, 'C', '需极大帮助或完全依赖他人', 0, 3, '2026-06-08 10:35:16', '2026-06-09 15:49:42', NULL, NULL, '0');
INSERT INTO `cga_option` VALUES (111, 105, 'A', '可控制大便', 10, 1, '2026-06-08 10:35:16', '2026-06-09 15:49:45', NULL, NULL, '0');
INSERT INTO `cga_option` VALUES (112, 105, 'B', '偶尔失控，或需要他人提示', 5, 2, '2026-06-08 10:35:16', '2026-06-09 15:49:47', NULL, NULL, '0');
INSERT INTO `cga_option` VALUES (113, 105, 'C', '完全失控', 0, 3, '2026-06-08 10:35:16', '2026-06-09 15:49:48', NULL, NULL, '0');
INSERT INTO `cga_option` VALUES (114, 106, 'A', '可控制小便', 10, 1, '2026-06-08 10:35:16', '2026-06-09 15:49:49', NULL, NULL, '0');
INSERT INTO `cga_option` VALUES (115, 106, 'B', '偶尔失控，或需要他人提示', 5, 2, '2026-06-08 10:35:16', '2026-06-09 15:49:51', NULL, NULL, '0');
INSERT INTO `cga_option` VALUES (116, 106, 'C', '完全失控，或留置导尿管', 0, 3, '2026-06-08 10:35:16', '2026-06-09 15:49:52', NULL, NULL, '0');
INSERT INTO `cga_option` VALUES (117, 107, 'A', '可独立完成', 10, 1, '2026-06-08 10:35:16', '2026-06-09 15:49:53', NULL, NULL, '0');
INSERT INTO `cga_option` VALUES (118, 107, 'B', '需部分帮助', 5, 2, '2026-06-08 10:35:16', '2026-06-09 15:49:55', NULL, NULL, '0');
INSERT INTO `cga_option` VALUES (119, 107, 'C', '需极大帮助或完全依赖他人', 0, 3, '2026-06-08 10:35:16', '2026-06-09 15:49:56', NULL, NULL, '0');
INSERT INTO `cga_option` VALUES (120, 108, 'A', '可独立完成', 15, 1, '2026-06-08 10:35:16', '2026-06-09 15:49:58', NULL, NULL, '0');
INSERT INTO `cga_option` VALUES (121, 108, 'B', '需部分帮助', 10, 2, '2026-06-08 10:35:16', '2026-06-09 15:49:59', NULL, NULL, '0');
INSERT INTO `cga_option` VALUES (122, 108, 'C', '需极大帮助', 5, 3, '2026-06-08 10:35:16', '2026-06-09 15:50:01', NULL, NULL, '0');
INSERT INTO `cga_option` VALUES (123, 108, 'D', '完全依赖他人', 0, 4, '2026-06-08 10:35:16', '2026-06-09 15:50:02', NULL, NULL, '0');
INSERT INTO `cga_option` VALUES (124, 109, 'A', '可独立在平地上行走 45 m', 15, 1, '2026-06-08 10:35:16', '2026-06-09 15:50:04', NULL, NULL, '0');
INSERT INTO `cga_option` VALUES (125, 109, 'B', '需部分帮助', 10, 2, '2026-06-08 10:35:16', '2026-06-09 15:50:05', NULL, NULL, '0');
INSERT INTO `cga_option` VALUES (126, 109, 'C', '需极大帮助', 5, 3, '2026-06-08 10:35:16', '2026-06-09 15:50:07', NULL, NULL, '0');
INSERT INTO `cga_option` VALUES (127, 109, 'D', '完全依赖他人', 0, 4, '2026-06-08 10:35:16', '2026-06-09 15:50:10', NULL, NULL, '0');
INSERT INTO `cga_option` VALUES (128, 110, 'A', '可独立上下楼梯', 10, 1, '2026-06-08 10:35:16', '2026-06-09 15:50:11', NULL, NULL, '0');
INSERT INTO `cga_option` VALUES (129, 110, 'B', '需部分帮助', 5, 2, '2026-06-08 10:35:16', '2026-06-09 15:50:12', NULL, NULL, '0');
INSERT INTO `cga_option` VALUES (130, 110, 'C', '需极大帮助或完全依赖他人', 0, 3, '2026-06-08 10:35:16', '2026-06-09 15:50:19', NULL, NULL, '0');
INSERT INTO `cga_option` VALUES (201, 201, 'A', '独立完成所有购物需求', 1, 1, '2026-06-09 11:48:36', '2026-06-09 15:45:39', NULL, NULL, '0');
INSERT INTO `cga_option` VALUES (202, 201, 'B', '独立购买日常生活用品', 0, 2, '2026-06-09 11:48:36', '2026-06-09 15:45:43', NULL, NULL, '0');
INSERT INTO `cga_option` VALUES (203, 201, 'C', '每次上街购物都需要人陪伴', 0, 3, '2026-06-09 11:48:36', '2026-06-09 15:45:44', NULL, NULL, '0');
INSERT INTO `cga_option` VALUES (204, 201, 'D', '完全不上街购物', 0, 4, '2026-06-09 11:48:36', '2026-06-09 15:45:47', NULL, NULL, '0');
INSERT INTO `cga_option` VALUES (205, 202, 'A', '能够独立乘坐公共交通工具或自驾车', 1, 1, '2026-06-09 11:48:36', '2026-06-09 15:45:49', NULL, NULL, '0');
INSERT INTO `cga_option` VALUES (206, 202, 'B', '能够独立乘坐出租车并安排自己的行车路线，但不能乘坐公交车', 1, 2, '2026-06-09 11:48:36', '2026-06-09 15:45:51', NULL, NULL, '0');
INSERT INTO `cga_option` VALUES (207, 202, 'C', '在他人帮助或陪伴下能乘坐公共交通工具', 1, 3, '2026-06-09 11:48:36', '2026-06-09 15:45:52', NULL, NULL, '0');
INSERT INTO `cga_option` VALUES (208, 202, 'D', '仅能在他人陪伴下乘坐出租车或汽车', 0, 4, '2026-06-09 11:48:36', '2026-06-09 15:45:54', NULL, NULL, '0');
INSERT INTO `cga_option` VALUES (209, 202, 'E', '不能外出', 0, 5, '2026-06-09 11:48:36', '2026-06-09 15:45:56', NULL, NULL, '0');
INSERT INTO `cga_option` VALUES (210, 203, 'A', '能独立计划、烹煮和摆设一顿适当的饭菜', 1, 1, '2026-06-09 11:48:36', '2026-06-09 15:45:59', NULL, NULL, '0');
INSERT INTO `cga_option` VALUES (211, 203, 'B', '如果准备好一切佐料，会做一顿适当的饭菜', 0, 2, '2026-06-09 11:48:36', '2026-06-09 15:46:00', NULL, NULL, '0');
INSERT INTO `cga_option` VALUES (212, 203, 'C', '会将已做好的饭菜加热', 0, 3, '2026-06-09 11:48:36', '2026-06-09 15:46:13', NULL, NULL, '0');
INSERT INTO `cga_option` VALUES (213, 203, 'D', '需要别人把饭菜煮好、摆好', 0, 4, '2026-06-09 11:48:36', '2026-06-09 15:46:10', NULL, NULL, '0');
INSERT INTO `cga_option` VALUES (214, 204, 'A', '能做较繁重的家务或需偶尔协助（如搬动沙发、擦地板、擦窗户）', 1, 1, '2026-06-09 11:48:36', '2026-06-09 15:46:15', NULL, NULL, '0');
INSERT INTO `cga_option` VALUES (215, 204, 'B', '能做比较简单的家务，如：洗碗、铺床、叠被', 1, 2, '2026-06-09 11:48:36', '2026-06-09 15:46:17', NULL, NULL, '0');
INSERT INTO `cga_option` VALUES (216, 204, 'C', '能做比较简单的家务，但不能达到可被接受的整洁程度', 1, 3, '2026-06-09 11:48:36', '2026-06-09 15:46:23', NULL, NULL, '0');
INSERT INTO `cga_option` VALUES (217, 204, 'D', '所有的家务都需要别人协助', 0, 4, '2026-06-09 11:48:36', '2026-06-09 15:46:45', NULL, NULL, '0');
INSERT INTO `cga_option` VALUES (218, 204, 'E', '完全不做家务', 0, 5, '2026-06-09 11:48:36', '2026-06-09 15:46:47', NULL, NULL, '0');
INSERT INTO `cga_option` VALUES (219, 205, 'A', '自己清洗所有衣物', 1, 1, '2026-06-09 11:48:36', '2026-06-09 15:46:48', NULL, NULL, '0');
INSERT INTO `cga_option` VALUES (220, 205, 'B', '只清洗小件衣物或部分衣物需协助', 1, 2, '2026-06-09 11:48:36', '2026-06-09 15:46:50', NULL, NULL, '0');
INSERT INTO `cga_option` VALUES (221, 205, 'C', '所有衣物必须由别人洗及晾晒', 0, 3, '2026-06-09 11:48:36', '2026-06-09 15:46:52', NULL, NULL, '0');
INSERT INTO `cga_option` VALUES (222, 206, 'A', '独立使用电话，含拨电话、拨号等', 1, 1, '2026-06-09 11:48:36', '2026-06-09 15:46:53', NULL, NULL, '0');
INSERT INTO `cga_option` VALUES (223, 206, 'B', '仅可拨熟悉的电话号码', 1, 2, '2026-06-09 11:48:36', '2026-06-09 15:46:54', NULL, NULL, '0');
INSERT INTO `cga_option` VALUES (224, 206, 'C', '仅会接电话，不会拨电话', 1, 3, '2026-06-09 11:48:36', '2026-06-09 15:46:55', NULL, NULL, '0');
INSERT INTO `cga_option` VALUES (225, 206, 'D', '完全不会使用电话或不适用', 0, 4, '2026-06-09 11:48:36', '2026-06-09 15:46:56', NULL, NULL, '0');
INSERT INTO `cga_option` VALUES (226, 207, 'A', '能自己负责在正确的时间用正确的药物', 1, 1, '2026-06-09 11:48:36', '2026-06-09 15:46:58', NULL, NULL, '0');
INSERT INTO `cga_option` VALUES (227, 207, 'B', '需要提醒或少许协助', 1, 2, '2026-06-09 11:48:36', '2026-06-09 15:46:59', NULL, NULL, '0');
INSERT INTO `cga_option` VALUES (228, 207, 'C', '如果药品事先按照时间和剂量摆好，可自行服用', 0, 3, '2026-06-09 11:48:36', '2026-06-09 15:47:00', NULL, NULL, '0');
INSERT INTO `cga_option` VALUES (229, 207, 'D', '不能自己服用药物', 0, 4, '2026-06-09 11:48:36', '2026-06-09 15:47:07', NULL, NULL, '0');
INSERT INTO `cga_option` VALUES (230, 208, 'A', '可以独立处理财务', 1, 1, '2026-06-09 11:48:36', '2026-06-09 15:47:08', NULL, NULL, '0');
INSERT INTO `cga_option` VALUES (231, 208, 'B', '可以处理日常的购买，但需要别人协助与银行的往来或大宗买卖', 1, 2, '2026-06-09 11:48:36', '2026-06-09 15:47:09', NULL, NULL, '0');
INSERT INTO `cga_option` VALUES (232, 208, 'C', '不能处理财务', 0, 3, '2026-06-09 11:48:36', '2026-06-09 15:47:17', NULL, NULL, '0');
INSERT INTO `cga_option` VALUES (301, 301, 'A', '保持10秒', 1, 1, '2026-06-09 15:52:48', '2026-06-09 15:52:48', NULL, NULL, '0');
INSERT INTO `cga_option` VALUES (302, 301, 'B', '未保持10秒', 0, 2, '2026-06-09 15:52:48', '2026-06-09 15:52:48', NULL, NULL, '0');
INSERT INTO `cga_option` VALUES (303, 301, 'C', '不尝试（结束平衡测试）', 0, 3, '2026-06-09 15:52:48', '2026-06-09 15:52:48', NULL, NULL, '0');
INSERT INTO `cga_option` VALUES (304, 302, 'A', '保持10秒', 1, 1, '2026-06-09 15:52:48', '2026-06-09 15:52:48', NULL, NULL, '0');
INSERT INTO `cga_option` VALUES (305, 302, 'B', '未保持10秒', 0, 2, '2026-06-09 15:52:48', '2026-06-09 15:52:48', NULL, NULL, '0');
INSERT INTO `cga_option` VALUES (306, 302, 'C', '不尝试（结束平衡测试）', 0, 3, '2026-06-09 15:52:48', '2026-06-09 15:52:48', NULL, NULL, '0');
INSERT INTO `cga_option` VALUES (307, 303, 'A', '保持10秒', 2, 1, '2026-06-09 15:52:48', '2026-06-09 15:52:48', NULL, NULL, '0');
INSERT INTO `cga_option` VALUES (308, 303, 'B', '保持3~9.99秒', 1, 2, '2026-06-09 15:52:48', '2026-06-09 15:52:48', NULL, NULL, '0');
INSERT INTO `cga_option` VALUES (309, 303, 'C', '保持<3秒', 0, 3, '2026-06-09 15:52:48', '2026-06-09 15:52:48', NULL, NULL, '0');
INSERT INTO `cga_option` VALUES (310, 303, 'D', '不尝试（结束平衡测试）', 0, 4, '2026-06-09 15:52:48', '2026-06-09 15:52:48', NULL, NULL, '0');
INSERT INTO `cga_option` VALUES (311, 304, 'A', '<4.82秒', 4, 1, '2026-06-09 15:52:48', '2026-06-09 15:52:48', NULL, NULL, '0');
INSERT INTO `cga_option` VALUES (312, 304, 'B', '4.82~6.20秒', 3, 2, '2026-06-09 15:52:48', '2026-06-09 15:52:48', NULL, NULL, '0');
INSERT INTO `cga_option` VALUES (313, 304, 'C', '6.21~8.70秒', 2, 3, '2026-06-09 15:52:48', '2026-06-09 15:52:48', NULL, NULL, '0');
INSERT INTO `cga_option` VALUES (314, 304, 'D', '>8.70秒', 1, 4, '2026-06-09 15:52:48', '2026-06-09 15:52:48', NULL, NULL, '0');
INSERT INTO `cga_option` VALUES (315, 304, 'E', '不能完成', 0, 5, '2026-06-09 15:52:48', '2026-06-09 15:52:48', NULL, NULL, '0');
INSERT INTO `cga_option` VALUES (316, 305, 'A', '≤11.19秒', 4, 1, '2026-06-09 15:52:48', '2026-06-09 15:52:48', NULL, NULL, '0');
INSERT INTO `cga_option` VALUES (317, 305, 'B', '11.20~13.69秒', 3, 2, '2026-06-09 15:52:48', '2026-06-09 15:52:48', NULL, NULL, '0');
INSERT INTO `cga_option` VALUES (318, 305, 'C', '13.70~16.69秒', 2, 3, '2026-06-09 15:52:48', '2026-06-09 15:52:48', NULL, NULL, '0');
INSERT INTO `cga_option` VALUES (319, 305, 'D', '16.70~60秒', 1, 4, '2026-06-09 15:52:48', '2026-06-09 15:52:48', NULL, NULL, '0');
INSERT INTO `cga_option` VALUES (320, 305, 'E', '>60秒或不能完成', 0, 5, '2026-06-09 15:52:48', '2026-06-09 15:52:48', NULL, NULL, '0');
INSERT INTO `cga_option` VALUES (401, 401, 'A', '能看清书报上的标准字体', 4, 1, '2026-06-10 08:48:44', '2026-06-10 08:48:44', NULL, NULL, '0');
INSERT INTO `cga_option` VALUES (402, 401, 'B', '能看清楚大字体，但看不清书报上的标准字体', 3, 2, '2026-06-10 08:48:44', '2026-06-10 08:48:44', NULL, NULL, '0');
INSERT INTO `cga_option` VALUES (403, 401, 'C', '视力有限，看不清报纸大标题，但能辨认物体', 2, 3, '2026-06-10 08:48:44', '2026-06-10 08:48:44', NULL, NULL, '0');
INSERT INTO `cga_option` VALUES (404, 401, 'D', '辨认物体有困难，但眼睛能跟随物体移动，只能看到光、颜色和形状', 1, 4, '2026-06-10 08:48:44', '2026-06-10 08:48:44', NULL, NULL, '0');
INSERT INTO `cga_option` VALUES (405, 401, 'E', '没有视力，眼睛不能跟随物体移动', 0, 5, '2026-06-10 08:48:44', '2026-06-10 08:48:44', NULL, NULL, '0');
INSERT INTO `cga_option` VALUES (406, 402, 'A', '是', 0, 1, '2026-06-10 08:48:44', '2026-06-10 08:48:44', NULL, NULL, '0');
INSERT INTO `cga_option` VALUES (407, 402, 'B', '否', 1, 2, '2026-06-10 08:48:44', '2026-06-10 08:48:44', NULL, NULL, '0');
INSERT INTO `cga_option` VALUES (408, 403, 'A', '是', 0, 1, '2026-06-10 08:48:44', '2026-06-10 08:48:44', NULL, NULL, '0');
INSERT INTO `cga_option` VALUES (409, 403, 'B', '否', 1, 2, '2026-06-10 08:48:44', '2026-06-10 08:48:44', NULL, NULL, '0');
INSERT INTO `cga_option` VALUES (410, 404, 'A', '是', 0, 1, '2026-06-10 08:48:44', '2026-06-10 08:48:44', NULL, NULL, '0');
INSERT INTO `cga_option` VALUES (411, 404, 'B', '否', 1, 2, '2026-06-10 08:48:44', '2026-06-10 08:48:44', NULL, NULL, '0');
INSERT INTO `cga_option` VALUES (501, 501, 'A', '可正常交谈，能听到电视、电话、门铃的声音', 4, 1, '2026-06-10 09:27:18', '2026-06-10 09:27:18', NULL, NULL, '0');
INSERT INTO `cga_option` VALUES (502, 501, 'B', '在轻声说话或说话距离超过2m时听不清', 3, 2, '2026-06-10 09:27:18', '2026-06-10 09:27:18', NULL, NULL, '0');
INSERT INTO `cga_option` VALUES (503, 501, 'C', '正常交流有些困难，需在安静的环境或大声说话才能听到', 2, 3, '2026-06-10 09:27:18', '2026-06-10 09:27:18', NULL, NULL, '0');
INSERT INTO `cga_option` VALUES (504, 501, 'D', '讲话者大声说话或说话很慢，才能部分听见', 1, 4, '2026-06-10 09:27:18', '2026-06-10 09:27:18', NULL, NULL, '0');
INSERT INTO `cga_option` VALUES (505, 501, 'E', '完全听不见', 0, 5, '2026-06-10 09:27:18', '2026-06-10 09:27:18', NULL, NULL, '0');
INSERT INTO `cga_option` VALUES (506, 502, 'A', '正确重复3个及以上词语（正常）', 2, 1, '2026-06-10 09:27:18', '2026-06-10 09:27:18', NULL, NULL, '0');
INSERT INTO `cga_option` VALUES (507, 502, 'B', '无法正确重复3个及以上词语（阳性）', 0, 2, '2026-06-10 09:27:18', '2026-06-10 09:27:18', NULL, NULL, '0');
INSERT INTO `cga_option` VALUES (508, 503, 'A', '正确重复3个及以上词语（正常）', 2, 1, '2026-06-10 09:27:18', '2026-06-10 09:27:18', NULL, NULL, '0');
INSERT INTO `cga_option` VALUES (509, 503, 'B', '无法正确重复3个及以上词语（阳性）', 0, 2, '2026-06-10 09:27:18', '2026-06-10 09:27:18', NULL, NULL, '0');
INSERT INTO `cga_option` VALUES (601, 601, 'A', '通道无杂乱物品', 1, 1, '2026-06-10 10:00:55', '2026-06-10 10:00:55', NULL, NULL, '0');
INSERT INTO `cga_option` VALUES (602, 601, 'B', '地板状况良好', 1, 2, '2026-06-10 10:00:55', '2026-06-10 10:00:55', NULL, NULL, '0');
INSERT INTO `cga_option` VALUES (603, 601, 'C', '地板防滑', 1, 3, '2026-06-10 10:00:55', '2026-06-10 10:00:55', NULL, NULL, '0');
INSERT INTO `cga_option` VALUES (604, 601, 'D', '地板上有固定的防滑垫', 1, 4, '2026-06-10 10:00:55', '2026-06-10 10:00:55', NULL, NULL, '0');
INSERT INTO `cga_option` VALUES (605, 601, 'E', '灯的亮度能够看清东西', 1, 5, '2026-06-10 10:00:55', '2026-06-10 10:00:55', NULL, NULL, '0');
INSERT INTO `cga_option` VALUES (606, 601, 'F', '在床上开关灯方便', 1, 6, '2026-06-10 10:00:55', '2026-06-10 10:00:55', NULL, NULL, '0');
INSERT INTO `cga_option` VALUES (607, 601, 'G', '晚上外边的路灯、楼道的灯照明良好', 1, 7, '2026-06-10 10:00:55', '2026-06-10 10:00:55', NULL, NULL, '0');
INSERT INTO `cga_option` VALUES (608, 601, 'H', '淋浴室和浴池旁有扶手', 1, 8, '2026-06-10 10:00:55', '2026-06-10 10:00:55', NULL, NULL, '0');
INSERT INTO `cga_option` VALUES (609, 601, 'I', '浴池和浴室有固定的防滑垫', 1, 9, '2026-06-10 10:00:55', '2026-06-10 10:00:55', NULL, NULL, '0');
INSERT INTO `cga_option` VALUES (610, 601, 'J', '厕所接近浴室', 1, 10, '2026-06-10 10:00:55', '2026-06-10 10:00:55', NULL, NULL, '0');
INSERT INTO `cga_option` VALUES (611, 601, 'K', '室内的楼梯旁都有可用的扶手', 1, 11, '2026-06-10 10:00:55', '2026-06-10 10:00:55', NULL, NULL, '0');
INSERT INTO `cga_option` VALUES (612, 601, 'L', '室外的楼梯旁都有可用的扶手', 1, 12, '2026-06-10 10:00:55', '2026-06-10 10:00:55', NULL, NULL, '0');
INSERT INTO `cga_option` VALUES (613, 601, 'M', '楼梯的边缘清晰', 1, 13, '2026-06-10 10:00:55', '2026-06-10 10:00:55', NULL, NULL, '0');
INSERT INTO `cga_option` VALUES (614, 601, 'N', '房屋周围的路况良好', 1, 14, '2026-06-10 10:00:55', '2026-06-10 10:00:55', NULL, NULL, '0');
INSERT INTO `cga_option` VALUES (701, 702, 'A', '正确（数字和指针均无误）', 2, 1, '2026-06-10 10:51:12', '2026-06-10 10:51:12', NULL, NULL, '0');
INSERT INTO `cga_option` VALUES (702, 702, 'B', '错误', 0, 2, '2026-06-10 10:51:12', '2026-06-10 10:51:12', NULL, NULL, '0');
INSERT INTO `cga_option` VALUES (703, 703, 'A', '正确回忆0个词', 0, 1, '2026-06-10 10:51:12', '2026-06-10 10:51:12', NULL, NULL, '0');
INSERT INTO `cga_option` VALUES (704, 703, 'B', '正确回忆1个词', 1, 2, '2026-06-10 10:51:12', '2026-06-10 10:51:12', NULL, NULL, '0');
INSERT INTO `cga_option` VALUES (705, 703, 'C', '正确回忆2个词', 2, 3, '2026-06-10 10:51:12', '2026-06-10 10:51:12', NULL, NULL, '0');
INSERT INTO `cga_option` VALUES (706, 703, 'D', '正确回忆3个词', 3, 4, '2026-06-10 10:51:12', '2026-06-10 10:51:12', NULL, NULL, '0');
INSERT INTO `cga_option` VALUES (801, 801, 'A', '符合', 1, 1, '2026-06-10 14:51:57', '2026-06-10 14:51:57', NULL, NULL, '0');
INSERT INTO `cga_option` VALUES (802, 801, 'B', '不符合', 0, 2, '2026-06-10 14:51:57', '2026-06-10 14:51:57', NULL, NULL, '0');
INSERT INTO `cga_option` VALUES (803, 802, 'A', '符合', 1, 1, '2026-06-10 14:51:57', '2026-06-10 14:51:57', NULL, NULL, '0');
INSERT INTO `cga_option` VALUES (804, 802, 'B', '不符合', 0, 2, '2026-06-10 14:51:57', '2026-06-10 14:51:57', NULL, NULL, '0');
INSERT INTO `cga_option` VALUES (805, 803, 'A', '符合', 1, 1, '2026-06-10 14:51:57', '2026-06-10 14:51:57', NULL, NULL, '0');
INSERT INTO `cga_option` VALUES (806, 803, 'B', '不符合', 0, 2, '2026-06-10 14:51:57', '2026-06-10 14:51:57', NULL, NULL, '0');
INSERT INTO `cga_option` VALUES (807, 804, 'A', '符合', 1, 1, '2026-06-10 14:51:57', '2026-06-10 14:51:57', NULL, NULL, '0');
INSERT INTO `cga_option` VALUES (808, 804, 'B', '不符合', 0, 2, '2026-06-10 14:51:57', '2026-06-10 14:51:57', NULL, NULL, '0');
INSERT INTO `cga_option` VALUES (809, 805, 'A', '符合', 1, 1, '2026-06-10 14:51:57', '2026-06-10 14:51:57', NULL, NULL, '0');
INSERT INTO `cga_option` VALUES (810, 805, 'B', '不符合', 0, 2, '2026-06-10 14:51:57', '2026-06-10 14:51:57', NULL, NULL, '0');
INSERT INTO `cga_option` VALUES (901, 901, 'A', '从不', 0, 1, '2026-06-10 15:06:32', '2026-06-10 15:54:05', NULL, NULL, '0');
INSERT INTO `cga_option` VALUES (902, 901, 'B', '大约每周1次或更少', 1, 2, '2026-06-10 15:06:32', '2026-06-10 15:54:02', NULL, NULL, '0');
INSERT INTO `cga_option` VALUES (903, 901, 'C', '每周2~3次', 2, 3, '2026-06-10 15:06:32', '2026-06-10 15:53:57', NULL, NULL, '0');
INSERT INTO `cga_option` VALUES (904, 901, 'D', '大约每天1次', 3, 4, '2026-06-10 15:06:32', '2026-06-10 15:53:56', NULL, NULL, '0');
INSERT INTO `cga_option` VALUES (905, 901, 'E', '每天>1次', 4, 5, '2026-06-10 15:06:32', '2026-06-10 15:53:55', NULL, NULL, '0');
INSERT INTO `cga_option` VALUES (906, 901, 'F', '一直', 5, 6, '2026-06-10 15:06:32', '2026-06-10 15:53:54', NULL, NULL, '0');
INSERT INTO `cga_option` VALUES (907, 902, 'A', '没有', 0, 1, '2026-06-10 15:06:32', '2026-06-10 15:53:50', NULL, NULL, '0');
INSERT INTO `cga_option` VALUES (908, 902, 'B', '少量', 2, 2, '2026-06-10 15:06:32', '2026-06-10 15:53:46', NULL, NULL, '0');
INSERT INTO `cga_option` VALUES (909, 902, 'C', '中等量', 4, 3, '2026-06-10 15:06:32', '2026-06-10 15:53:44', NULL, NULL, '0');
INSERT INTO `cga_option` VALUES (910, 902, 'D', '大量', 6, 4, '2026-06-10 15:06:32', '2026-06-10 15:53:41', NULL, NULL, '0');
INSERT INTO `cga_option` VALUES (911, 903, 'A', '0分（无任何影响）', 0, 1, '2026-06-10 15:06:32', '2026-06-10 15:53:36', NULL, NULL, '0');
INSERT INTO `cga_option` VALUES (912, 903, 'B', '1分', 1, 2, '2026-06-10 15:06:32', '2026-06-10 15:53:34', NULL, NULL, '0');
INSERT INTO `cga_option` VALUES (913, 903, 'C', '2分', 2, 3, '2026-06-10 15:06:32', '2026-06-10 15:53:33', NULL, NULL, '0');
INSERT INTO `cga_option` VALUES (914, 903, 'D', '3分', 3, 4, '2026-06-10 15:06:32', '2026-06-10 15:53:31', NULL, NULL, '0');
INSERT INTO `cga_option` VALUES (915, 903, 'E', '4分', 4, 5, '2026-06-10 15:06:32', '2026-06-10 15:53:29', NULL, NULL, '0');
INSERT INTO `cga_option` VALUES (916, 903, 'F', '5分', 5, 6, '2026-06-10 15:06:32', '2026-06-10 15:06:32', NULL, NULL, '0');
INSERT INTO `cga_option` VALUES (917, 903, 'G', '6分', 6, 7, '2026-06-10 15:06:32', '2026-06-10 15:53:26', NULL, NULL, '0');
INSERT INTO `cga_option` VALUES (918, 903, 'H', '7分', 7, 8, '2026-06-10 15:06:32', '2026-06-10 15:53:23', NULL, NULL, '0');
INSERT INTO `cga_option` VALUES (919, 903, 'I', '8分', 8, 9, '2026-06-10 15:06:32', '2026-06-10 15:53:22', NULL, NULL, '0');
INSERT INTO `cga_option` VALUES (920, 903, 'J', '9分', 9, 10, '2026-06-10 15:06:32', '2026-06-10 15:53:21', NULL, NULL, '0');
INSERT INTO `cga_option` VALUES (921, 903, 'K', '10分（影响极重）', 10, 11, '2026-06-10 15:06:32', '2026-06-10 15:53:20', NULL, NULL, '0');
INSERT INTO `cga_option` VALUES (922, 904, 'A', '从不漏尿', 0, 1, '2026-06-10 15:06:32', '2026-06-10 15:56:09', NULL, NULL, '0');
INSERT INTO `cga_option` VALUES (923, 904, 'B', '在未到达厕所之前就有漏尿', 1, 2, '2026-06-10 15:06:32', '2026-06-10 15:53:08', NULL, NULL, '0');
INSERT INTO `cga_option` VALUES (924, 904, 'C', '在咳嗽和打喷嚏时漏尿', 1, 3, '2026-06-10 15:06:32', '2026-06-10 15:53:08', NULL, NULL, '0');
INSERT INTO `cga_option` VALUES (925, 904, 'D', '在睡着时漏尿', 1, 4, '2026-06-10 15:06:32', '2026-06-10 15:53:08', NULL, NULL, '0');
INSERT INTO `cga_option` VALUES (926, 904, 'E', '在活动和体育运动时漏尿', 1, 5, '2026-06-10 15:06:32', '2026-06-10 15:53:08', NULL, NULL, '0');
INSERT INTO `cga_option` VALUES (927, 904, 'F', '在小便结束和穿好衣服时漏尿', 1, 6, '2026-06-10 15:06:32', '2026-06-10 15:53:08', NULL, NULL, '0');
INSERT INTO `cga_option` VALUES (928, 904, 'G', '没有明显原因的漏尿', 1, 7, '2026-06-10 15:06:32', '2026-06-10 15:53:08', NULL, NULL, '0');
INSERT INTO `cga_option` VALUES (929, 904, 'H', '一直漏尿', 1, 8, '2026-06-10 15:06:32', '2026-06-10 15:53:08', NULL, NULL, '0');
INSERT INTO `cga_option` VALUES (1001, 1003, 'A', '排便次数减少（每周<3次）', 0, 1, '2026-06-10 16:09:20', '2026-06-10 17:26:07', 'admin', 'admin', '0');
INSERT INTO `cga_option` VALUES (1002, 1003, 'B', '排便不尽感', 0, 2, '2026-06-10 16:09:20', '2026-06-10 17:26:05', 'admin', 'admin', '0');
INSERT INTO `cga_option` VALUES (1003, 1003, 'C', '排便时肛门直肠堵塞感', 0, 3, '2026-06-10 16:09:20', '2026-06-10 17:26:02', 'admin', 'admin', '0');
INSERT INTO `cga_option` VALUES (1004, 1003, 'D', '排便费时', 0, 4, '2026-06-10 16:09:20', '2026-06-10 17:26:01', 'admin', 'admin', '0');
INSERT INTO `cga_option` VALUES (1005, 1003, 'E', '需要手法辅助排便', 0, 5, '2026-06-10 16:09:20', '2026-06-10 17:25:59', 'admin', 'admin', '0');
INSERT INTO `cga_option` VALUES (1006, 1003, 'F', '腹痛/腹部不适，排便后缓解', 0, 6, '2026-06-10 16:09:20', '2026-06-10 17:25:57', 'admin', 'admin', '0');
INSERT INTO `cga_option` VALUES (1007, 1004, 'A', '数个干球状便（坚果样，难排出）', 0, 1, '2026-06-10 16:09:20', '2026-06-10 17:25:54', 'admin', 'admin', '0');
INSERT INTO `cga_option` VALUES (1008, 1004, 'B', '腊肠样，很硬', 0, 2, '2026-06-10 16:09:20', '2026-06-10 17:25:53', 'admin', 'admin', '0');
INSERT INTO `cga_option` VALUES (1009, 1004, 'C', '腊肠样，表面有裂缝', 0, 3, '2026-06-10 16:09:20', '2026-06-10 17:25:51', 'admin', 'admin', '0');
INSERT INTO `cga_option` VALUES (1010, 1004, 'D', '腊肠样/蛇状，光滑柔软', 0, 4, '2026-06-10 16:09:20', '2026-06-10 17:25:49', 'admin', 'admin', '0');
INSERT INTO `cga_option` VALUES (1011, 1004, 'E', '柔软团块，切缘清楚（易排出）', 0, 5, '2026-06-10 16:09:20', '2026-06-10 17:25:48', 'admin', 'admin', '0');
INSERT INTO `cga_option` VALUES (1012, 1004, 'F', '松散碎片/糊状便', 0, 6, '2026-06-10 16:09:20', '2026-06-10 17:25:45', 'admin', 'admin', '0');
INSERT INTO `cga_option` VALUES (1013, 1004, 'G', '水样便', 0, 7, '2026-06-10 16:09:20', '2026-06-10 17:25:43', 'admin', 'admin', '0');
INSERT INTO `cga_option` VALUES (1014, 1003, 'G', '没有或者不知道', 0, 7, '2026-06-11 09:05:16', '2026-06-11 09:05:16', NULL, NULL, '0');
INSERT INTO `cga_option` VALUES (1015, 1004, 'H', '没有或者不知道', 0, 8, '2026-06-11 09:05:25', '2026-06-11 09:05:31', NULL, NULL, '0');
INSERT INTO `cga_option` VALUES (1101, 1101, 'A', '没问题', 0, 1, '2026-06-11 09:39:35', '2026-06-11 09:39:35', 'admin', 'admin', '0');
INSERT INTO `cga_option` VALUES (1102, 1101, 'B', '轻微延迟', 1, 2, '2026-06-11 09:39:35', '2026-06-11 09:39:35', 'admin', 'admin', '0');
INSERT INTO `cga_option` VALUES (1103, 1101, 'C', '显著延迟', 2, 3, '2026-06-11 09:39:35', '2026-06-11 09:39:35', 'admin', 'admin', '0');
INSERT INTO `cga_option` VALUES (1104, 1101, 'D', '延迟严重或没有睡觉', 3, 4, '2026-06-11 09:39:35', '2026-06-11 09:39:35', 'admin', 'admin', '0');
INSERT INTO `cga_option` VALUES (1105, 1102, 'A', '没问题', 0, 1, '2026-06-11 09:39:35', '2026-06-11 09:39:35', 'admin', 'admin', '0');
INSERT INTO `cga_option` VALUES (1106, 1102, 'B', '轻微延迟', 1, 2, '2026-06-11 09:39:35', '2026-06-11 09:39:35', 'admin', 'admin', '0');
INSERT INTO `cga_option` VALUES (1107, 1102, 'C', '显著延迟', 2, 3, '2026-06-11 09:39:35', '2026-06-11 09:39:35', 'admin', 'admin', '0');
INSERT INTO `cga_option` VALUES (1108, 1102, 'D', '延迟严重或没有睡觉', 3, 4, '2026-06-11 09:39:35', '2026-06-11 09:39:35', 'admin', 'admin', '0');
INSERT INTO `cga_option` VALUES (1109, 1103, 'A', '没问题', 0, 1, '2026-06-11 09:39:35', '2026-06-11 09:39:35', 'admin', 'admin', '0');
INSERT INTO `cga_option` VALUES (1110, 1103, 'B', '轻微提早', 1, 2, '2026-06-11 09:39:35', '2026-06-11 09:39:35', 'admin', 'admin', '0');
INSERT INTO `cga_option` VALUES (1111, 1103, 'C', '显著提早', 2, 3, '2026-06-11 09:39:35', '2026-06-11 09:39:35', 'admin', 'admin', '0');
INSERT INTO `cga_option` VALUES (1112, 1103, 'D', '严重提早', 3, 4, '2026-06-11 09:39:35', '2026-06-11 09:39:35', 'admin', 'admin', '0');
INSERT INTO `cga_option` VALUES (1113, 1104, 'A', '没问题', 0, 1, '2026-06-11 09:39:35', '2026-06-11 09:39:35', 'admin', 'admin', '0');
INSERT INTO `cga_option` VALUES (1114, 1104, 'B', '轻微不足', 1, 2, '2026-06-11 09:39:35', '2026-06-11 09:39:35', 'admin', 'admin', '0');
INSERT INTO `cga_option` VALUES (1115, 1104, 'C', '显著不足', 2, 3, '2026-06-11 09:39:35', '2026-06-11 09:39:35', 'admin', 'admin', '0');
INSERT INTO `cga_option` VALUES (1116, 1104, 'D', '严重不足或没有睡觉', 3, 4, '2026-06-11 09:39:35', '2026-06-11 09:39:35', 'admin', 'admin', '0');
INSERT INTO `cga_option` VALUES (1117, 1105, 'A', '满意', 0, 1, '2026-06-11 09:39:35', '2026-06-11 09:39:35', 'admin', 'admin', '0');
INSERT INTO `cga_option` VALUES (1118, 1105, 'B', '轻微不满', 1, 2, '2026-06-11 09:39:35', '2026-06-11 09:39:35', 'admin', 'admin', '0');
INSERT INTO `cga_option` VALUES (1119, 1105, 'C', '显著不满', 2, 3, '2026-06-11 09:39:35', '2026-06-11 09:39:35', 'admin', 'admin', '0');
INSERT INTO `cga_option` VALUES (1120, 1105, 'D', '严重不满或没有睡觉', 3, 4, '2026-06-11 09:39:35', '2026-06-11 09:39:35', 'admin', 'admin', '0');
INSERT INTO `cga_option` VALUES (1121, 1106, 'A', '正常', 0, 1, '2026-06-11 09:39:35', '2026-06-11 09:39:35', 'admin', 'admin', '0');
INSERT INTO `cga_option` VALUES (1122, 1106, 'B', '轻微低落', 1, 2, '2026-06-11 09:39:35', '2026-06-11 09:39:35', 'admin', 'admin', '0');
INSERT INTO `cga_option` VALUES (1123, 1106, 'C', '显著低落', 2, 3, '2026-06-11 09:39:35', '2026-06-11 09:39:35', 'admin', 'admin', '0');
INSERT INTO `cga_option` VALUES (1124, 1106, 'D', '严重低落', 3, 4, '2026-06-11 09:39:35', '2026-06-11 09:39:35', 'admin', 'admin', '0');
INSERT INTO `cga_option` VALUES (1125, 1107, 'A', '足够', 0, 1, '2026-06-11 09:39:35', '2026-06-11 09:39:35', 'admin', 'admin', '0');
INSERT INTO `cga_option` VALUES (1126, 1107, 'B', '轻微影响', 1, 2, '2026-06-11 09:39:35', '2026-06-11 09:39:35', 'admin', 'admin', '0');
INSERT INTO `cga_option` VALUES (1127, 1107, 'C', '显著影响', 2, 3, '2026-06-11 09:39:35', '2026-06-11 09:39:35', 'admin', 'admin', '0');
INSERT INTO `cga_option` VALUES (1128, 1107, 'D', '严重影响', 3, 4, '2026-06-11 09:39:35', '2026-06-11 09:39:35', 'admin', 'admin', '0');
INSERT INTO `cga_option` VALUES (1129, 1108, 'A', '无思睡', 0, 1, '2026-06-11 09:39:35', '2026-06-11 09:39:35', 'admin', 'admin', '0');
INSERT INTO `cga_option` VALUES (1130, 1108, 'B', '轻微思睡', 1, 2, '2026-06-11 09:39:35', '2026-06-11 09:39:35', 'admin', 'admin', '0');
INSERT INTO `cga_option` VALUES (1131, 1108, 'C', '显著思睡', 2, 3, '2026-06-11 09:39:35', '2026-06-11 09:39:35', 'admin', 'admin', '0');
INSERT INTO `cga_option` VALUES (1132, 1108, 'D', '严重思睡', 3, 4, '2026-06-11 09:39:35', '2026-06-11 09:39:35', 'admin', 'admin', '0');
INSERT INTO `cga_option` VALUES (1201, 1201, 'A', '无疼痛', 0, 1, '2026-06-11 10:08:19', '2026-06-11 10:08:19', 'admin', 'admin', '0');
INSERT INTO `cga_option` VALUES (1202, 1201, 'B', '翻身、咳嗽、深呼吸时感疼痛', 1, 2, '2026-06-11 10:08:19', '2026-06-11 10:08:19', 'admin', 'admin', '0');
INSERT INTO `cga_option` VALUES (1203, 1201, 'C', '翻身或咳嗽时感疼痛，静息时无疼痛', 2, 3, '2026-06-11 10:08:19', '2026-06-11 10:08:19', 'admin', 'admin', '0');
INSERT INTO `cga_option` VALUES (1204, 1201, 'D', '咳嗽或深呼吸时感疼痛，静息时无疼痛', 3, 4, '2026-06-11 10:08:19', '2026-06-11 10:08:19', 'admin', 'admin', '0');
INSERT INTO `cga_option` VALUES (1205, 1201, 'E', '静息时感间歇疼痛（开始影响生活质量）', 4, 5, '2026-06-11 10:08:19', '2026-06-11 10:08:19', 'admin', 'admin', '0');
INSERT INTO `cga_option` VALUES (1206, 1201, 'F', '静息时感持续疼痛', 5, 6, '2026-06-11 10:08:19', '2026-06-11 10:08:19', 'admin', 'admin', '0');
INSERT INTO `cga_option` VALUES (1207, 1201, 'G', '静息时感疼痛较重', 6, 7, '2026-06-11 10:08:19', '2026-06-11 10:08:19', 'admin', 'admin', '0');
INSERT INTO `cga_option` VALUES (1208, 1201, 'H', '疼痛较重，翻转不安，无法入睡', 7, 8, '2026-06-11 10:08:19', '2026-06-11 10:08:19', 'admin', 'admin', '0');
INSERT INTO `cga_option` VALUES (1209, 1201, 'I', '持续疼痛难忍，全身大汗', 8, 9, '2026-06-11 10:08:19', '2026-06-11 10:08:19', 'admin', 'admin', '0');
INSERT INTO `cga_option` VALUES (1210, 1201, 'J', '剧烈疼痛，无法忍受', 9, 10, '2026-06-11 10:08:19', '2026-06-11 10:08:19', 'admin', 'admin', '0');
INSERT INTO `cga_option` VALUES (1211, 1201, 'K', '极度疼痛，生不如死', 10, 11, '2026-06-11 10:08:19', '2026-06-11 10:08:19', 'admin', 'admin', '0');
INSERT INTO `cga_option` VALUES (1212, 1202, 'A', '表情放松', 1, 1, '2026-06-11 10:08:19', '2026-06-11 10:08:19', 'admin', 'admin', '0');
INSERT INTO `cga_option` VALUES (1213, 1202, 'B', '部分紧绷（如皱眉）', 2, 2, '2026-06-11 10:08:19', '2026-06-11 10:08:19', 'admin', 'admin', '0');
INSERT INTO `cga_option` VALUES (1214, 1202, 'C', '完全紧绷（如眼睛紧闭）', 3, 3, '2026-06-11 10:08:19', '2026-06-11 10:08:19', 'admin', 'admin', '0');
INSERT INTO `cga_option` VALUES (1215, 1202, 'D', '面部扭曲', 4, 4, '2026-06-11 10:08:19', '2026-06-11 10:08:19', 'admin', 'admin', '0');
INSERT INTO `cga_option` VALUES (1216, 1203, 'A', '没有活动', 1, 1, '2026-06-11 10:08:19', '2026-06-11 10:08:19', 'admin', 'admin', '0');
INSERT INTO `cga_option` VALUES (1217, 1203, 'B', '部分弯曲', 2, 2, '2026-06-11 10:08:19', '2026-06-11 10:08:19', 'admin', 'admin', '0');
INSERT INTO `cga_option` VALUES (1218, 1203, 'C', '完全弯曲且手指弯曲', 3, 3, '2026-06-11 10:08:19', '2026-06-11 10:08:19', 'admin', 'admin', '0');
INSERT INTO `cga_option` VALUES (1219, 1203, 'D', '持续回缩', 4, 4, '2026-06-11 10:08:19', '2026-06-11 10:08:19', 'admin', 'admin', '0');
INSERT INTO `cga_option` VALUES (1220, 1204, 'A', '完全能耐受', 1, 1, '2026-06-11 10:08:19', '2026-06-11 10:08:19', 'admin', 'admin', '0');
INSERT INTO `cga_option` VALUES (1221, 1204, 'B', '呛咳，大部分时间能耐受', 2, 2, '2026-06-11 10:08:19', '2026-06-11 10:08:19', 'admin', 'admin', '0');
INSERT INTO `cga_option` VALUES (1222, 1204, 'C', '对抗呼吸机', 3, 3, '2026-06-11 10:08:19', '2026-06-11 10:08:19', 'admin', 'admin', '0');
INSERT INTO `cga_option` VALUES (1223, 1204, 'D', '不能控制通气', 4, 4, '2026-06-11 10:08:19', '2026-06-11 10:08:19', 'admin', 'admin', '0');
INSERT INTO `cga_option` VALUES (1224, 1205, 'A', '无疼痛相关发声', 1, 1, '2026-06-11 10:08:19', '2026-06-11 10:08:19', 'admin', 'admin', '0');
INSERT INTO `cga_option` VALUES (1225, 1205, 'B', '呻吟≤3次/min且每次持续时间≤3s', 2, 2, '2026-06-11 10:08:19', '2026-06-11 10:08:19', 'admin', 'admin', '0');
INSERT INTO `cga_option` VALUES (1226, 1205, 'C', '呻吟>3次/min且每次持续时间>3s', 3, 3, '2026-06-11 10:08:19', '2026-06-11 10:08:19', 'admin', 'admin', '0');
INSERT INTO `cga_option` VALUES (1227, 1205, 'D', '咆哮或使用\"哦\"\"哎哟\"等言语抱怨，或屏住呼吸', 4, 4, '2026-06-11 10:08:19', '2026-06-11 10:08:19', 'admin', 'admin', '0');
INSERT INTO `cga_option` VALUES (1301, 1301, 'A', '完全受限', 1, 1, '2026-06-11 10:33:52', '2026-06-11 10:33:52', 'admin', 'admin', '0');
INSERT INTO `cga_option` VALUES (1302, 1301, 'B', '非常受限', 2, 2, '2026-06-11 10:33:52', '2026-06-11 10:33:52', 'admin', 'admin', '0');
INSERT INTO `cga_option` VALUES (1303, 1301, 'C', '轻度受限', 3, 3, '2026-06-11 10:33:52', '2026-06-11 10:33:52', 'admin', 'admin', '0');
INSERT INTO `cga_option` VALUES (1304, 1301, 'D', '未受损害', 4, 4, '2026-06-11 10:33:52', '2026-06-11 10:33:52', 'admin', 'admin', '0');
INSERT INTO `cga_option` VALUES (1305, 1302, 'A', '持久潮湿', 1, 1, '2026-06-11 10:33:52', '2026-06-11 10:33:52', 'admin', 'admin', '0');
INSERT INTO `cga_option` VALUES (1306, 1302, 'B', '非常潮湿', 2, 2, '2026-06-11 10:33:52', '2026-06-11 10:33:52', 'admin', 'admin', '0');
INSERT INTO `cga_option` VALUES (1307, 1302, 'C', '偶尔潮湿', 3, 3, '2026-06-11 10:33:52', '2026-06-11 10:33:52', 'admin', 'admin', '0');
INSERT INTO `cga_option` VALUES (1308, 1302, 'D', '很少潮湿', 4, 4, '2026-06-11 10:33:52', '2026-06-11 10:33:52', 'admin', 'admin', '0');
INSERT INTO `cga_option` VALUES (1309, 1303, 'A', '卧床不起', 1, 1, '2026-06-11 10:33:52', '2026-06-11 10:33:52', 'admin', 'admin', '0');
INSERT INTO `cga_option` VALUES (1310, 1303, 'B', '局限于椅', 2, 2, '2026-06-11 10:33:52', '2026-06-11 10:33:52', 'admin', 'admin', '0');
INSERT INTO `cga_option` VALUES (1311, 1303, 'C', '偶尔步行', 3, 3, '2026-06-11 10:33:52', '2026-06-11 10:33:52', 'admin', 'admin', '0');
INSERT INTO `cga_option` VALUES (1312, 1303, 'D', '经常步行', 4, 4, '2026-06-11 10:33:52', '2026-06-11 10:33:52', 'admin', 'admin', '0');
INSERT INTO `cga_option` VALUES (1313, 1304, 'A', '完全不能', 1, 1, '2026-06-11 10:33:52', '2026-06-11 10:33:52', 'admin', 'admin', '0');
INSERT INTO `cga_option` VALUES (1314, 1304, 'B', '严重受限', 2, 2, '2026-06-11 10:33:52', '2026-06-11 10:33:52', 'admin', 'admin', '0');
INSERT INTO `cga_option` VALUES (1315, 1304, 'C', '轻度受限', 3, 3, '2026-06-11 10:33:52', '2026-06-11 10:33:52', 'admin', 'admin', '0');
INSERT INTO `cga_option` VALUES (1316, 1304, 'D', '不受限', 4, 4, '2026-06-11 10:33:52', '2026-06-11 10:33:52', 'admin', 'admin', '0');
INSERT INTO `cga_option` VALUES (1317, 1305, 'A', '非常差', 1, 1, '2026-06-11 10:33:52', '2026-06-11 10:33:52', 'admin', 'admin', '0');
INSERT INTO `cga_option` VALUES (1318, 1305, 'B', '可能不足', 2, 2, '2026-06-11 10:33:52', '2026-06-11 10:33:52', 'admin', 'admin', '0');
INSERT INTO `cga_option` VALUES (1319, 1305, 'C', '适当', 3, 3, '2026-06-11 10:33:52', '2026-06-11 10:33:52', 'admin', 'admin', '0');
INSERT INTO `cga_option` VALUES (1320, 1305, 'D', '良好', 4, 4, '2026-06-11 10:33:52', '2026-06-11 10:33:52', 'admin', 'admin', '0');
INSERT INTO `cga_option` VALUES (1321, 1306, 'A', '有问题', 1, 1, '2026-06-11 10:33:52', '2026-06-11 10:33:52', 'admin', 'admin', '0');
INSERT INTO `cga_option` VALUES (1322, 1306, 'B', '有潜在问题', 2, 2, '2026-06-11 10:33:52', '2026-06-11 10:33:52', 'admin', 'admin', '0');
INSERT INTO `cga_option` VALUES (1323, 1306, 'C', '无明显问题', 3, 3, '2026-06-11 10:33:52', '2026-06-11 10:33:52', 'admin', 'admin', '0');
INSERT INTO `cga_option` VALUES (1401, 1401, 'A', '1级：一次喝完，没有呛咳（≤5 s）【正常】', 1, 1, '2026-06-11 10:46:23', '2026-06-11 10:46:23', 'admin', 'admin', '0');
INSERT INTO `cga_option` VALUES (1402, 1401, 'B', '1级：一次喝完，没有呛咳（>5 s）【可疑异常】', 2, 2, '2026-06-11 10:46:23', '2026-06-11 10:46:23', 'admin', 'admin', '0');
INSERT INTO `cga_option` VALUES (1403, 1401, 'C', '2级：两次或两次以上喝完，没有呛咳【可疑异常】', 3, 3, '2026-06-11 10:46:23', '2026-06-11 10:46:23', 'admin', 'admin', '0');
INSERT INTO `cga_option` VALUES (1404, 1401, 'D', '3级：一次喝完，但有呛咳【异常】', 4, 4, '2026-06-11 10:46:23', '2026-06-11 10:46:23', 'admin', 'admin', '0');
INSERT INTO `cga_option` VALUES (1405, 1401, 'E', '4级：两次或两次以上喝完，有呛咳【异常】', 5, 5, '2026-06-11 10:46:23', '2026-06-11 10:46:23', 'admin', 'admin', '0');
INSERT INTO `cga_option` VALUES (1406, 1401, 'F', '5级：饮水中频繁呛咳，很难全部喝完【异常】', 6, 6, '2026-06-11 10:46:23', '2026-06-11 10:46:23', 'admin', 'admin', '0');
INSERT INTO `cga_option` VALUES (1501, 1501, 'A', '正常营养状态', 0, 1, '2026-06-11 15:19:30', '2026-06-11 15:19:30', 'admin', 'admin', '0');
INSERT INTO `cga_option` VALUES (1502, 1501, 'B', '3个月体质量丢失>5%，或进食量为平时的50%~75%', 1, 2, '2026-06-11 15:19:30', '2026-06-11 15:19:30', 'admin', 'admin', '0');
INSERT INTO `cga_option` VALUES (1503, 1501, 'C', '2个月体质量丢失>5%，或进食量为平时的25%~50%，或BMI为18.5~20.5 kg/m²', 2, 3, '2026-06-11 15:19:30', '2026-06-11 15:19:30', 'admin', 'admin', '0');
INSERT INTO `cga_option` VALUES (1504, 1501, 'D', '1个月体质量丢失>5%（或3个月>15%），或进食量<平时25%，或BMI<18.5 kg/m²', 3, 4, '2026-06-11 15:19:30', '2026-06-11 15:19:30', 'admin', 'admin', '0');
INSERT INTO `cga_option` VALUES (1505, 1502, 'A', '正常能量需求', 0, 1, '2026-06-11 15:19:30', '2026-06-11 15:19:30', 'admin', 'admin', '0');
INSERT INTO `cga_option` VALUES (1506, 1502, 'B', '髋骨骨折，慢性疾病（肝硬化、慢阻肺、血透、糖尿病、肿瘤）', 1, 2, '2026-06-11 15:19:30', '2026-06-11 15:19:30', 'admin', 'admin', '0');
INSERT INTO `cga_option` VALUES (1507, 1502, 'C', '腹部大手术、脑卒中、重症肺炎、血液系统恶性肿瘤', 2, 3, '2026-06-11 15:19:30', '2026-06-11 15:19:30', 'admin', 'admin', '0');
INSERT INTO `cga_option` VALUES (1508, 1502, 'D', '颅脑损伤、骨髓移植、重症监护（APACHE>10分）', 3, 4, '2026-06-11 15:19:30', '2026-06-11 15:19:30', 'admin', 'admin', '0');
INSERT INTO `cga_option` VALUES (1509, 1503, 'A', '年龄<70岁', 0, 1, '2026-06-11 15:19:30', '2026-06-11 15:23:31', 'admin', 'admin', '1');
INSERT INTO `cga_option` VALUES (1510, 1503, 'B', '年龄≥70岁（加1分）', 1, 2, '2026-06-11 15:19:30', '2026-06-11 15:23:33', 'admin', 'admin', '1');
INSERT INTO `cga_option` VALUES (1601, 1601, 'A', '食量严重减少', 0, 1, '2026-06-11 16:02:41', '2026-06-11 16:02:41', 'admin', 'admin', '0');
INSERT INTO `cga_option` VALUES (1602, 1601, 'B', '食量中度减少', 1, 2, '2026-06-11 16:02:41', '2026-06-11 16:02:41', 'admin', 'admin', '0');
INSERT INTO `cga_option` VALUES (1603, 1601, 'C', '食量没有改变', 2, 3, '2026-06-11 16:02:41', '2026-06-11 16:02:41', 'admin', 'admin', '0');
INSERT INTO `cga_option` VALUES (1604, 1602, 'A', '> 3 kg', 0, 1, '2026-06-11 16:02:41', '2026-06-11 16:02:41', 'admin', 'admin', '0');
INSERT INTO `cga_option` VALUES (1605, 1602, 'B', '不知道', 1, 2, '2026-06-11 16:02:41', '2026-06-11 16:02:41', 'admin', 'admin', '0');
INSERT INTO `cga_option` VALUES (1606, 1602, 'C', '1~3 kg', 2, 3, '2026-06-11 16:02:41', '2026-06-11 16:02:41', 'admin', 'admin', '0');
INSERT INTO `cga_option` VALUES (1607, 1602, 'D', '无', 3, 4, '2026-06-11 16:02:41', '2026-06-11 16:42:43', 'admin', 'admin', '1');
INSERT INTO `cga_option` VALUES (1608, 1603, 'A', '长期卧床或坐轮椅', 0, 1, '2026-06-11 16:02:41', '2026-06-11 16:02:41', 'admin', 'admin', '0');
INSERT INTO `cga_option` VALUES (1609, 1603, 'B', '可以下床或离开轮椅，但不能外出', 1, 2, '2026-06-11 16:02:41', '2026-06-11 16:02:41', 'admin', 'admin', '0');
INSERT INTO `cga_option` VALUES (1610, 1603, 'C', '可以外出', 2, 3, '2026-06-11 16:02:41', '2026-06-11 16:02:41', 'admin', 'admin', '0');
INSERT INTO `cga_option` VALUES (1611, 1604, 'A', '是', 0, 1, '2026-06-11 16:02:41', '2026-06-11 16:02:41', 'admin', 'admin', '0');
INSERT INTO `cga_option` VALUES (1612, 1604, 'B', '否', 2, 2, '2026-06-11 16:02:41', '2026-06-11 16:02:41', 'admin', 'admin', '0');
INSERT INTO `cga_option` VALUES (1613, 1605, 'A', '严重痴呆或抑郁', 0, 1, '2026-06-11 16:02:41', '2026-06-11 16:02:41', 'admin', 'admin', '0');
INSERT INTO `cga_option` VALUES (1614, 1605, 'B', '轻度痴呆', 1, 2, '2026-06-11 16:02:41', '2026-06-11 16:02:41', 'admin', 'admin', '0');
INSERT INTO `cga_option` VALUES (1615, 1605, 'C', '无精神心理问题', 2, 3, '2026-06-11 16:02:41', '2026-06-11 16:02:41', 'admin', 'admin', '0');
INSERT INTO `cga_option` VALUES (1616, 1606, 'A', 'BMI < 19', 0, 1, '2026-06-11 16:02:41', '2026-06-11 16:02:41', 'admin', 'admin', '0');
INSERT INTO `cga_option` VALUES (1617, 1606, 'B', '19 ≤ BMI < 21', 1, 2, '2026-06-11 16:02:41', '2026-06-11 16:02:41', 'admin', 'admin', '0');
INSERT INTO `cga_option` VALUES (1618, 1606, 'C', '21 ≤ BMI < 23', 2, 3, '2026-06-11 16:02:41', '2026-06-11 16:02:41', 'admin', 'admin', '0');
INSERT INTO `cga_option` VALUES (1619, 1606, 'D', 'BMI ≥ 23', 3, 4, '2026-06-11 16:02:41', '2026-06-11 16:02:41', 'admin', 'admin', '0');
INSERT INTO `cga_option` VALUES (1620, 1607, 'A', 'CC < 31 cm', 0, 1, '2026-06-11 16:02:41', '2026-06-11 16:02:41', 'admin', 'admin', '0');
INSERT INTO `cga_option` VALUES (1621, 1607, 'B', 'CC ≥ 31 cm', 3, 2, '2026-06-11 16:02:41', '2026-06-11 16:02:41', 'admin', 'admin', '0');
INSERT INTO `cga_option` VALUES (1701, 1701, 'A', '无', 0, 1, '2026-06-11 17:50:10', '2026-06-11 17:50:10', 'admin', 'admin', '0');
INSERT INTO `cga_option` VALUES (1702, 1701, 'B', '过去6个月以内体质量减轻>5%', 1, 2, '2026-06-11 17:50:10', '2026-06-11 17:50:10', 'admin', 'admin', '0');
INSERT INTO `cga_option` VALUES (1703, 1701, 'C', '过去6个月以上体质量减轻>10%', 1, 3, '2026-06-11 17:50:10', '2026-06-11 17:50:10', 'admin', 'admin', '0');
INSERT INTO `cga_option` VALUES (1704, 1702, 'A', '正常', 0, 1, '2026-06-11 17:50:10', '2026-06-11 17:50:10', 'admin', 'admin', '0');
INSERT INTO `cga_option` VALUES (1705, 1702, 'B', '<70岁，体质指数<18.5 kg/m²', 1, 2, '2026-06-11 17:50:10', '2026-06-11 17:50:10', 'admin', 'admin', '0');
INSERT INTO `cga_option` VALUES (1706, 1702, 'C', '≥70岁，体质指数<20 kg/m²', 1, 3, '2026-06-11 17:50:10', '2026-06-11 17:50:10', 'admin', 'admin', '0');
INSERT INTO `cga_option` VALUES (1707, 1703, 'A', '否', 0, 1, '2026-06-11 17:50:10', '2026-06-11 17:50:10', 'admin', 'admin', '0');
INSERT INTO `cga_option` VALUES (1708, 1703, 'B', '是（满足以下任一：1.双能X线法男<7.0/女<5.4；2.生物电阻抗法男<7.0/女<5.7；3.去脂体质指数男<17.0/女<15.0）', 1, 2, '2026-06-11 17:50:10', '2026-06-11 17:50:10', 'admin', 'admin', '0');
INSERT INTO `cga_option` VALUES (1709, 1704, 'A', '无', 0, 1, '2026-06-11 17:50:10', '2026-06-11 17:50:10', 'admin', 'admin', '0');
INSERT INTO `cga_option` VALUES (1710, 1704, 'B', '能量摄入≤50%，且需求量持续>1周', 1, 2, '2026-06-11 17:50:10', '2026-06-11 17:50:10', 'admin', 'admin', '0');
INSERT INTO `cga_option` VALUES (1711, 1704, 'C', '持续减少>2周', 1, 3, '2026-06-11 17:50:10', '2026-06-11 17:50:10', 'admin', 'admin', '0');
INSERT INTO `cga_option` VALUES (1712, 1704, 'D', '任何导致消化、吸收障碍慢性消化道症状', 1, 4, '2026-06-11 17:50:10', '2026-06-11 17:50:10', 'admin', 'admin', '0');
INSERT INTO `cga_option` VALUES (1713, 1705, 'A', '无', 0, 1, '2026-06-11 17:50:10', '2026-06-11 17:50:10', 'admin', 'admin', '0');
INSERT INTO `cga_option` VALUES (1714, 1705, 'B', '急性疾病或损伤', 1, 2, '2026-06-11 17:50:10', '2026-06-11 17:50:10', 'admin', 'admin', '0');
INSERT INTO `cga_option` VALUES (1715, 1705, 'C', '慢性疾病相关炎症', 1, 3, '2026-06-11 17:50:10', '2026-06-11 17:50:10', 'admin', 'admin', '0');
INSERT INTO `cga_option` VALUES (1716, 1706, 'A', '无', 0, 1, '2026-06-11 17:50:10', '2026-06-11 17:50:10', 'admin', 'admin', '0');
INSERT INTO `cga_option` VALUES (1717, 1706, 'B', '过去6个月以内体质量减轻>10%', 1, 2, '2026-06-11 17:50:10', '2026-06-11 17:50:10', 'admin', 'admin', '0');
INSERT INTO `cga_option` VALUES (1718, 1706, 'C', '过去6个月以上体质量减轻>20%', 1, 3, '2026-06-11 17:50:10', '2026-06-11 17:50:10', 'admin', 'admin', '0');
INSERT INTO `cga_option` VALUES (1719, 1707, 'A', '正常', 0, 1, '2026-06-11 17:50:10', '2026-06-11 17:50:10', 'admin', 'admin', '0');
INSERT INTO `cga_option` VALUES (1720, 1707, 'B', '<70岁，体质指数<18.5 kg/m²', 1, 2, '2026-06-11 17:50:10', '2026-06-11 17:50:10', 'admin', 'admin', '0');
INSERT INTO `cga_option` VALUES (1721, 1707, 'C', '≥70岁，体质指数<20 kg/m²', 1, 3, '2026-06-11 17:50:10', '2026-06-11 17:50:10', 'admin', 'admin', '0');
INSERT INTO `cga_option` VALUES (1801, 1801, 'A', '否', 0, 1, '2026-06-12 15:02:50', '2026-06-12 15:02:50', 'admin', 'admin', '0');
INSERT INTO `cga_option` VALUES (1802, 1801, 'B', '是', 1, 2, '2026-06-12 15:02:50', '2026-06-12 15:02:50', 'admin', 'admin', '0');
INSERT INTO `cga_option` VALUES (1803, 1802, 'A', '否', 0, 1, '2026-06-12 15:02:50', '2026-06-12 15:02:50', 'admin', 'admin', '0');
INSERT INTO `cga_option` VALUES (1804, 1802, 'B', '是', 1, 2, '2026-06-12 15:02:50', '2026-06-12 15:02:50', 'admin', 'admin', '0');
INSERT INTO `cga_option` VALUES (1805, 1803, 'A', '否', 0, 1, '2026-06-12 15:02:50', '2026-06-12 15:02:50', 'admin', 'admin', '0');
INSERT INTO `cga_option` VALUES (1806, 1803, 'B', '是', 1, 2, '2026-06-12 15:02:50', '2026-06-12 15:02:50', 'admin', 'admin', '0');
INSERT INTO `cga_option` VALUES (1807, 1804, 'A', '否', 0, 1, '2026-06-12 15:02:50', '2026-06-12 15:02:50', 'admin', 'admin', '0');
INSERT INTO `cga_option` VALUES (1808, 1804, 'B', '是', 1, 2, '2026-06-12 15:02:50', '2026-06-12 15:02:50', 'admin', 'admin', '0');
INSERT INTO `cga_option` VALUES (1901, 1901, 'A', '是', 0, 1, '2026-06-12 15:55:17', '2026-06-12 15:55:17', 'admin', 'admin', '0');
INSERT INTO `cga_option` VALUES (1902, 1901, 'B', '否', 1, 2, '2026-06-12 15:55:17', '2026-06-12 15:55:17', 'admin', 'admin', '0');
INSERT INTO `cga_option` VALUES (1903, 1902, 'A', '是', 1, 1, '2026-06-12 15:55:17', '2026-06-12 15:55:17', 'admin', 'admin', '0');
INSERT INTO `cga_option` VALUES (1904, 1902, 'B', '否', 0, 2, '2026-06-12 15:55:17', '2026-06-12 15:55:17', 'admin', 'admin', '0');
INSERT INTO `cga_option` VALUES (1905, 1903, 'A', '是', 1, 1, '2026-06-12 15:55:17', '2026-06-12 15:55:17', 'admin', 'admin', '0');
INSERT INTO `cga_option` VALUES (1906, 1903, 'B', '否', 0, 2, '2026-06-12 15:55:17', '2026-06-12 15:55:17', 'admin', 'admin', '0');
INSERT INTO `cga_option` VALUES (1907, 1904, 'A', '是', 1, 1, '2026-06-12 15:55:17', '2026-06-12 15:55:17', 'admin', 'admin', '0');
INSERT INTO `cga_option` VALUES (1908, 1904, 'B', '否', 0, 2, '2026-06-12 15:55:17', '2026-06-12 15:55:17', 'admin', 'admin', '0');
INSERT INTO `cga_option` VALUES (1909, 1905, 'A', '是', 0, 1, '2026-06-12 15:55:17', '2026-06-12 15:55:17', 'admin', 'admin', '0');
INSERT INTO `cga_option` VALUES (1910, 1905, 'B', '否', 1, 2, '2026-06-12 15:55:17', '2026-06-12 15:55:17', 'admin', 'admin', '0');
INSERT INTO `cga_option` VALUES (1911, 1906, 'A', '是', 1, 1, '2026-06-12 15:55:17', '2026-06-12 15:55:17', 'admin', 'admin', '0');
INSERT INTO `cga_option` VALUES (1912, 1906, 'B', '否', 0, 2, '2026-06-12 15:55:17', '2026-06-12 15:55:17', 'admin', 'admin', '0');
INSERT INTO `cga_option` VALUES (1913, 1907, 'A', '是', 0, 1, '2026-06-12 15:55:17', '2026-06-12 15:55:17', 'admin', 'admin', '0');
INSERT INTO `cga_option` VALUES (1914, 1907, 'B', '否', 1, 2, '2026-06-12 15:55:17', '2026-06-12 15:55:17', 'admin', 'admin', '0');
INSERT INTO `cga_option` VALUES (1915, 1908, 'A', '是', 1, 1, '2026-06-12 15:55:17', '2026-06-12 15:55:17', 'admin', 'admin', '0');
INSERT INTO `cga_option` VALUES (1916, 1908, 'B', '否', 0, 2, '2026-06-12 15:55:17', '2026-06-12 15:55:17', 'admin', 'admin', '0');
INSERT INTO `cga_option` VALUES (1917, 1909, 'A', '是', 1, 1, '2026-06-12 15:55:17', '2026-06-12 15:55:17', 'admin', 'admin', '0');
INSERT INTO `cga_option` VALUES (1918, 1909, 'B', '否', 0, 2, '2026-06-12 15:55:17', '2026-06-12 15:55:17', 'admin', 'admin', '0');
INSERT INTO `cga_option` VALUES (1919, 1910, 'A', '是', 1, 1, '2026-06-12 15:55:17', '2026-06-12 15:55:17', 'admin', 'admin', '0');
INSERT INTO `cga_option` VALUES (1920, 1910, 'B', '否', 0, 2, '2026-06-12 15:55:17', '2026-06-12 15:55:17', 'admin', 'admin', '0');
INSERT INTO `cga_option` VALUES (1921, 1911, 'A', '是', 0, 1, '2026-06-12 15:55:17', '2026-06-12 15:55:17', 'admin', 'admin', '0');
INSERT INTO `cga_option` VALUES (1922, 1911, 'B', '否', 1, 2, '2026-06-12 15:55:17', '2026-06-12 15:55:17', 'admin', 'admin', '0');
INSERT INTO `cga_option` VALUES (1923, 1912, 'A', '是', 1, 1, '2026-06-12 15:55:17', '2026-06-12 15:55:17', 'admin', 'admin', '0');
INSERT INTO `cga_option` VALUES (1924, 1912, 'B', '否', 0, 2, '2026-06-12 15:55:17', '2026-06-12 15:55:17', 'admin', 'admin', '0');
INSERT INTO `cga_option` VALUES (1925, 1913, 'A', '是', 0, 1, '2026-06-12 15:55:17', '2026-06-12 15:55:17', 'admin', 'admin', '0');
INSERT INTO `cga_option` VALUES (1926, 1913, 'B', '否', 1, 2, '2026-06-12 15:55:17', '2026-06-12 15:55:17', 'admin', 'admin', '0');
INSERT INTO `cga_option` VALUES (1927, 1914, 'A', '是', 1, 1, '2026-06-12 15:55:17', '2026-06-12 15:55:17', 'admin', 'admin', '0');
INSERT INTO `cga_option` VALUES (1928, 1914, 'B', '否', 0, 2, '2026-06-12 15:55:17', '2026-06-12 15:55:17', 'admin', 'admin', '0');
INSERT INTO `cga_option` VALUES (1929, 1915, 'A', '是', 1, 1, '2026-06-12 15:55:17', '2026-06-12 15:55:17', 'admin', 'admin', '0');
INSERT INTO `cga_option` VALUES (1930, 1915, 'B', '否', 0, 2, '2026-06-12 15:55:17', '2026-06-12 15:55:17', 'admin', 'admin', '0');
INSERT INTO `cga_option` VALUES (2001, 2001, 'A', '否', 0, 1, '2026-06-12 16:24:04', '2026-06-12 16:24:04', 'admin', 'admin', '0');
INSERT INTO `cga_option` VALUES (2002, 2001, 'B', '是', 0, 2, '2026-06-12 16:24:04', '2026-06-12 16:24:04', 'admin', 'admin', '0');
INSERT INTO `cga_option` VALUES (2003, 2002, 'A', '否', 0, 1, '2026-06-12 16:24:04', '2026-06-12 16:24:04', 'admin', 'admin', '0');
INSERT INTO `cga_option` VALUES (2004, 2002, 'B', '是', 0, 2, '2026-06-12 16:24:04', '2026-06-12 16:24:04', 'admin', 'admin', '0');
INSERT INTO `cga_option` VALUES (2005, 2003, 'A', '不需要/卧床休息/他人协助', 0, 1, '2026-06-12 16:24:04', '2026-06-12 16:24:04', 'admin', 'admin', '0');
INSERT INTO `cga_option` VALUES (2006, 2003, 'B', '拐杖/手杖/助行器', 0, 2, '2026-06-12 16:24:04', '2026-06-12 16:24:04', 'admin', 'admin', '0');
INSERT INTO `cga_option` VALUES (2007, 2003, 'C', '轮椅、平车', 0, 3, '2026-06-12 16:24:04', '2026-06-12 16:24:04', 'admin', 'admin', '0');
INSERT INTO `cga_option` VALUES (2008, 2004, 'A', '否', 0, 1, '2026-06-12 16:24:04', '2026-06-12 16:24:04', 'admin', 'admin', '0');
INSERT INTO `cga_option` VALUES (2009, 2004, 'B', '是', 0, 2, '2026-06-12 16:24:04', '2026-06-12 16:24:04', 'admin', 'admin', '0');
INSERT INTO `cga_option` VALUES (2010, 2005, 'A', '正常/卧床不能移动', 0, 1, '2026-06-12 16:24:04', '2026-06-12 16:24:04', 'admin', 'admin', '0');
INSERT INTO `cga_option` VALUES (2011, 2005, 'B', '双下肢虚弱乏力', 0, 2, '2026-06-12 16:24:04', '2026-06-12 16:24:04', 'admin', 'admin', '0');
INSERT INTO `cga_option` VALUES (2012, 2005, 'C', '残疾或功能障碍', 0, 3, '2026-06-12 16:24:04', '2026-06-12 16:24:04', 'admin', 'admin', '0');
INSERT INTO `cga_option` VALUES (2013, 2006, 'A', '自主行为能力', 0, 1, '2026-06-12 16:24:04', '2026-06-12 16:24:04', 'admin', 'admin', '0');
INSERT INTO `cga_option` VALUES (2014, 2006, 'B', '无控制能力', 0, 2, '2026-06-12 16:24:04', '2026-06-12 16:24:04', 'admin', 'admin', '0');
INSERT INTO `cga_option` VALUES (2101, 2101, 'A', '存在', 0, 1, '2026-06-12 16:49:50', '2026-06-12 16:49:50', 'admin', 'admin', '0');
INSERT INTO `cga_option` VALUES (2102, 2101, 'B', '不存在', 0, 2, '2026-06-12 16:49:50', '2026-06-12 16:49:50', 'admin', 'admin', '0');
INSERT INTO `cga_option` VALUES (2103, 2102, 'A', '存在', 0, 1, '2026-06-12 16:49:50', '2026-06-12 16:49:50', 'admin', 'admin', '0');
INSERT INTO `cga_option` VALUES (2104, 2102, 'B', '不存在', 0, 2, '2026-06-12 16:49:50', '2026-06-12 16:49:50', 'admin', 'admin', '0');
INSERT INTO `cga_option` VALUES (2105, 2103, 'A', '存在', 0, 1, '2026-06-12 16:49:50', '2026-06-12 16:49:50', 'admin', 'admin', '0');
INSERT INTO `cga_option` VALUES (2106, 2103, 'B', '不存在', 0, 2, '2026-06-12 16:49:50', '2026-06-12 16:49:50', 'admin', 'admin', '0');
INSERT INTO `cga_option` VALUES (2107, 2104, 'A', '存在', 0, 1, '2026-06-12 16:49:50', '2026-06-12 16:49:50', 'admin', 'admin', '0');
INSERT INTO `cga_option` VALUES (2108, 2104, 'B', '不存在', 0, 2, '2026-06-12 16:49:50', '2026-06-12 16:49:50', 'admin', 'admin', '0');
INSERT INTO `cga_option` VALUES (2109, 2105, 'A', '存在', 0, 1, '2026-06-12 16:49:50', '2026-06-12 16:49:50', 'admin', 'admin', '0');
INSERT INTO `cga_option` VALUES (2110, 2105, 'B', '不存在', 0, 2, '2026-06-12 16:49:50', '2026-06-12 16:49:50', 'admin', 'admin', '0');
INSERT INTO `cga_option` VALUES (2201, 2201, 'A', '从没有', 0, 1, '2026-06-12 17:02:11', '2026-06-12 17:02:11', 'admin', 'admin', '0');
INSERT INTO `cga_option` VALUES (2202, 2201, 'B', '有几天', 1, 2, '2026-06-12 17:02:11', '2026-06-12 17:02:11', 'admin', 'admin', '0');
INSERT INTO `cga_option` VALUES (2203, 2201, 'C', '一半天数以上', 2, 3, '2026-06-12 17:02:11', '2026-06-12 17:02:11', 'admin', 'admin', '0');
INSERT INTO `cga_option` VALUES (2204, 2201, 'D', '几乎每天', 3, 4, '2026-06-12 17:02:11', '2026-06-12 17:02:11', 'admin', 'admin', '0');
INSERT INTO `cga_option` VALUES (2205, 2202, 'A', '从没有', 0, 1, '2026-06-12 17:02:11', '2026-06-12 17:02:11', 'admin', 'admin', '0');
INSERT INTO `cga_option` VALUES (2206, 2202, 'B', '有几天', 1, 2, '2026-06-12 17:02:11', '2026-06-12 17:02:11', 'admin', 'admin', '0');
INSERT INTO `cga_option` VALUES (2207, 2202, 'C', '一半天数以上', 2, 3, '2026-06-12 17:02:11', '2026-06-12 17:02:11', 'admin', 'admin', '0');
INSERT INTO `cga_option` VALUES (2208, 2202, 'D', '几乎每天', 3, 4, '2026-06-12 17:02:11', '2026-06-12 17:02:11', 'admin', 'admin', '0');
INSERT INTO `cga_option` VALUES (2209, 2203, 'A', '从没有', 0, 1, '2026-06-12 17:02:11', '2026-06-12 17:02:11', 'admin', 'admin', '0');
INSERT INTO `cga_option` VALUES (2210, 2203, 'B', '有几天', 1, 2, '2026-06-12 17:02:11', '2026-06-12 17:02:11', 'admin', 'admin', '0');
INSERT INTO `cga_option` VALUES (2211, 2203, 'C', '一半天数以上', 2, 3, '2026-06-12 17:02:11', '2026-06-12 17:02:11', 'admin', 'admin', '0');
INSERT INTO `cga_option` VALUES (2212, 2203, 'D', '几乎每天', 3, 4, '2026-06-12 17:02:11', '2026-06-12 17:02:11', 'admin', 'admin', '0');
INSERT INTO `cga_option` VALUES (2213, 2204, 'A', '从没有', 0, 1, '2026-06-12 17:02:11', '2026-06-12 17:02:11', 'admin', 'admin', '0');
INSERT INTO `cga_option` VALUES (2214, 2204, 'B', '有几天', 1, 2, '2026-06-12 17:02:11', '2026-06-12 17:02:11', 'admin', 'admin', '0');
INSERT INTO `cga_option` VALUES (2215, 2204, 'C', '一半天数以上', 2, 3, '2026-06-12 17:02:11', '2026-06-12 17:02:11', 'admin', 'admin', '0');
INSERT INTO `cga_option` VALUES (2216, 2204, 'D', '几乎每天', 3, 4, '2026-06-12 17:02:11', '2026-06-12 17:02:11', 'admin', 'admin', '0');
INSERT INTO `cga_option` VALUES (2217, 2205, 'A', '从没有', 0, 1, '2026-06-12 17:02:11', '2026-06-12 17:02:11', 'admin', 'admin', '0');
INSERT INTO `cga_option` VALUES (2218, 2205, 'B', '有几天', 1, 2, '2026-06-12 17:02:11', '2026-06-12 17:02:11', 'admin', 'admin', '0');
INSERT INTO `cga_option` VALUES (2219, 2205, 'C', '一半天数以上', 2, 3, '2026-06-12 17:02:11', '2026-06-12 17:02:11', 'admin', 'admin', '0');
INSERT INTO `cga_option` VALUES (2220, 2205, 'D', '几乎每天', 3, 4, '2026-06-12 17:02:11', '2026-06-12 17:02:11', 'admin', 'admin', '0');
INSERT INTO `cga_option` VALUES (2221, 2206, 'A', '从没有', 0, 1, '2026-06-12 17:02:11', '2026-06-12 17:02:11', 'admin', 'admin', '0');
INSERT INTO `cga_option` VALUES (2222, 2206, 'B', '有几天', 1, 2, '2026-06-12 17:02:11', '2026-06-12 17:02:11', 'admin', 'admin', '0');
INSERT INTO `cga_option` VALUES (2223, 2206, 'C', '一半天数以上', 2, 3, '2026-06-12 17:02:11', '2026-06-12 17:02:11', 'admin', 'admin', '0');
INSERT INTO `cga_option` VALUES (2224, 2206, 'D', '几乎每天', 3, 4, '2026-06-12 17:02:11', '2026-06-12 17:02:11', 'admin', 'admin', '0');
INSERT INTO `cga_option` VALUES (2225, 2207, 'A', '从没有', 0, 1, '2026-06-12 17:02:11', '2026-06-12 17:02:11', 'admin', 'admin', '0');
INSERT INTO `cga_option` VALUES (2226, 2207, 'B', '有几天', 1, 2, '2026-06-12 17:02:11', '2026-06-12 17:02:11', 'admin', 'admin', '0');
INSERT INTO `cga_option` VALUES (2227, 2207, 'C', '一半天数以上', 2, 3, '2026-06-12 17:02:11', '2026-06-12 17:02:11', 'admin', 'admin', '0');
INSERT INTO `cga_option` VALUES (2228, 2207, 'D', '几乎每天', 3, 4, '2026-06-12 17:02:11', '2026-06-12 17:02:11', 'admin', 'admin', '0');
INSERT INTO `cga_option` VALUES (2301, 2302, 'A', '男', 0, 1, '2026-06-15 17:03:50', '2026-06-15 17:03:50', 'admin', 'admin', '0');
INSERT INTO `cga_option` VALUES (2302, 2302, 'B', '女', 0, 2, '2026-06-15 17:03:50', '2026-06-15 17:03:50', 'admin', 'admin', '0');
INSERT INTO `cga_option` VALUES (2305, 2309, 'A', '文盲', 0, 1, '2026-06-15 17:03:50', '2026-06-15 17:03:50', 'admin', 'admin', '0');
INSERT INTO `cga_option` VALUES (2306, 2309, 'B', '小学', 0, 2, '2026-06-15 17:03:50', '2026-06-15 17:03:50', 'admin', 'admin', '0');
INSERT INTO `cga_option` VALUES (2307, 2309, 'C', '初中', 0, 3, '2026-06-15 17:03:50', '2026-06-15 17:03:50', 'admin', 'admin', '0');
INSERT INTO `cga_option` VALUES (2308, 2309, 'D', '高中/技校/中专', 0, 4, '2026-06-15 17:03:50', '2026-06-15 17:03:50', 'admin', 'admin', '0');
INSERT INTO `cga_option` VALUES (2309, 2309, 'E', '大学专科及以上', 0, 5, '2026-06-15 17:03:50', '2026-06-15 17:03:50', 'admin', 'admin', '0');
INSERT INTO `cga_option` VALUES (2310, 2309, 'F', '不详', 0, 6, '2026-06-15 17:03:50', '2026-06-15 17:03:50', 'admin', 'admin', '0');
INSERT INTO `cga_option` VALUES (2311, 2310, 'A', '无', 0, 1, '2026-06-15 17:03:50', '2026-06-15 17:03:50', 'admin', 'admin', '0');
INSERT INTO `cga_option` VALUES (2312, 2310, 'B', '有（请填写：____）', 0, 2, '2026-06-15 17:03:50', '2026-06-15 17:03:50', 'admin', 'admin', '0');
INSERT INTO `cga_option` VALUES (2313, 2311, 'A', '未婚', 0, 1, '2026-06-15 17:03:50', '2026-06-15 17:03:50', 'admin', 'admin', '0');
INSERT INTO `cga_option` VALUES (2314, 2311, 'B', '已婚', 0, 2, '2026-06-15 17:03:50', '2026-06-15 17:03:50', 'admin', 'admin', '0');
INSERT INTO `cga_option` VALUES (2315, 2311, 'C', '丧偶', 0, 3, '2026-06-15 17:03:50', '2026-06-15 17:03:50', 'admin', 'admin', '0');
INSERT INTO `cga_option` VALUES (2316, 2311, 'D', '离婚', 0, 4, '2026-06-15 17:03:50', '2026-06-15 17:03:50', 'admin', 'admin', '0');
INSERT INTO `cga_option` VALUES (2317, 2311, 'E', '未说明婚姻状况', 0, 5, '2026-06-15 17:03:50', '2026-06-15 17:03:50', 'admin', 'admin', '0');
INSERT INTO `cga_option` VALUES (2318, 2312, 'A', '有子女', 0, 1, '2026-06-15 17:03:50', '2026-06-15 17:03:50', 'admin', 'admin', '0');
INSERT INTO `cga_option` VALUES (2319, 2312, 'B', '无子女', 0, 2, '2026-06-15 17:03:50', '2026-06-15 17:03:50', 'admin', 'admin', '0');
INSERT INTO `cga_option` VALUES (2320, 2313, 'A', '独居', 0, 1, '2026-06-15 17:03:50', '2026-06-15 17:03:50', 'admin', 'admin', '0');
INSERT INTO `cga_option` VALUES (2321, 2313, 'B', '与配偶/伴侣居住', 0, 2, '2026-06-15 17:03:50', '2026-06-15 17:03:50', 'admin', 'admin', '0');
INSERT INTO `cga_option` VALUES (2322, 2313, 'C', '与子女居住', 0, 3, '2026-06-15 17:03:50', '2026-06-15 17:03:50', 'admin', 'admin', '0');
INSERT INTO `cga_option` VALUES (2323, 2313, 'D', '与父母居住', 0, 4, '2026-06-15 17:03:50', '2026-06-15 17:03:50', 'admin', 'admin', '0');
INSERT INTO `cga_option` VALUES (2324, 2313, 'E', '与兄弟姐妹居住', 0, 5, '2026-06-15 17:03:50', '2026-06-15 17:03:50', 'admin', 'admin', '0');
INSERT INTO `cga_option` VALUES (2325, 2313, 'F', '与其他亲属居住', 0, 6, '2026-06-15 17:03:50', '2026-06-15 17:03:50', 'admin', 'admin', '0');
INSERT INTO `cga_option` VALUES (2326, 2313, 'G', '与非亲属关系的人居住', 0, 7, '2026-06-15 17:03:50', '2026-06-15 17:03:50', 'admin', 'admin', '0');
INSERT INTO `cga_option` VALUES (2327, 2313, 'H', '养老机构', 0, 8, '2026-06-15 17:03:50', '2026-06-15 17:03:50', 'admin', 'admin', '0');
INSERT INTO `cga_option` VALUES (2328, 2314, 'A', '日常生活不需要人照顾', 0, 1, '2026-06-15 17:03:50', '2026-06-15 17:03:50', 'admin', 'admin', '0');
INSERT INTO `cga_option` VALUES (2329, 2314, 'B', '日常生活需要人照顾-配偶', 0, 2, '2026-06-15 17:03:50', '2026-06-15 17:03:50', 'admin', 'admin', '0');
INSERT INTO `cga_option` VALUES (2330, 2314, 'C', '日常生活需要人照顾-子女', 0, 3, '2026-06-15 17:03:50', '2026-06-15 17:03:50', 'admin', 'admin', '0');
INSERT INTO `cga_option` VALUES (2331, 2314, 'D', '日常生活需要人照顾-保姆', 0, 4, '2026-06-15 17:03:50', '2026-06-15 17:03:50', 'admin', 'admin', '0');
INSERT INTO `cga_option` VALUES (2332, 2314, 'E', '日常生活需要人照顾-机构内护理员/工作人员', 0, 5, '2026-06-15 17:03:50', '2026-06-15 17:03:50', 'admin', 'admin', '0');
INSERT INTO `cga_option` VALUES (2333, 2314, 'F', '日常生活需要人照顾-其他（请填写：____）', 0, 6, '2026-06-15 17:03:50', '2026-06-15 17:03:50', 'admin', 'admin', '0');
INSERT INTO `cga_option` VALUES (2334, 2315, 'A', '城镇职工基本医疗保险', 0, 1, '2026-06-15 17:03:50', '2026-06-15 17:03:50', 'admin', 'admin', '0');
INSERT INTO `cga_option` VALUES (2335, 2315, 'B', '城镇居民基本医疗保险', 0, 2, '2026-06-15 17:03:50', '2026-06-15 17:03:50', 'admin', 'admin', '0');
INSERT INTO `cga_option` VALUES (2336, 2315, 'C', '新型农村合作医疗', 0, 3, '2026-06-15 17:03:50', '2026-06-15 17:03:50', 'admin', 'admin', '0');
INSERT INTO `cga_option` VALUES (2337, 2315, 'D', '医疗救助', 0, 4, '2026-06-15 17:03:50', '2026-06-15 17:03:50', 'admin', 'admin', '0');
INSERT INTO `cga_option` VALUES (2338, 2315, 'E', '商业医疗保险', 0, 5, '2026-06-15 17:03:50', '2026-06-15 17:03:50', 'admin', 'admin', '0');
INSERT INTO `cga_option` VALUES (2339, 2315, 'F', '公务员补助', 0, 6, '2026-06-15 17:03:50', '2026-06-15 17:03:50', 'admin', 'admin', '0');
INSERT INTO `cga_option` VALUES (2340, 2315, 'G', '企业补充保险', 0, 7, '2026-06-15 17:03:50', '2026-06-15 17:03:50', 'admin', 'admin', '0');
INSERT INTO `cga_option` VALUES (2341, 2315, 'H', '公费医疗及医疗照顾对象', 0, 8, '2026-06-15 17:03:50', '2026-06-15 17:03:50', 'admin', 'admin', '0');
INSERT INTO `cga_option` VALUES (2342, 2315, 'I', '自费', 0, 9, '2026-06-15 17:03:50', '2026-06-15 17:03:50', 'admin', 'admin', '0');
INSERT INTO `cga_option` VALUES (2343, 2315, 'J', '其他', 0, 10, '2026-06-15 17:03:50', '2026-06-15 17:03:50', 'admin', 'admin', '0');
INSERT INTO `cga_option` VALUES (2344, 2316, 'A', '退休金/养老金', 0, 1, '2026-06-15 17:03:50', '2026-06-15 17:03:50', 'admin', 'admin', '0');
INSERT INTO `cga_option` VALUES (2345, 2316, 'B', '子女补贴', 0, 2, '2026-06-15 17:03:50', '2026-06-15 17:03:50', 'admin', 'admin', '0');
INSERT INTO `cga_option` VALUES (2346, 2316, 'C', '亲友资助', 0, 3, '2026-06-15 17:03:50', '2026-06-15 17:03:50', 'admin', 'admin', '0');
INSERT INTO `cga_option` VALUES (2347, 2316, 'D', '国家普惠型补贴', 0, 4, '2026-06-15 17:03:50', '2026-06-15 17:03:50', 'admin', 'admin', '0');
INSERT INTO `cga_option` VALUES (2348, 2316, 'E', '个人储蓄', 0, 5, '2026-06-15 17:03:50', '2026-06-15 17:03:50', 'admin', 'admin', '0');
INSERT INTO `cga_option` VALUES (2349, 2316, 'F', '个人资产', 0, 6, '2026-06-15 17:03:50', '2026-06-15 17:03:50', 'admin', 'admin', '0');
INSERT INTO `cga_option` VALUES (2350, 2316, 'G', '其他（请填写：____）', 0, 7, '2026-06-15 17:03:50', '2026-06-17 11:14:10', 'admin', 'admin', '0');

-- ----------------------------
-- Table structure for cga_question
-- ----------------------------
DROP TABLE IF EXISTS `cga_question`;
CREATE TABLE `cga_question`  (
  `id` bigint NOT NULL AUTO_INCREMENT COMMENT '主键',
  `scale_id` bigint NOT NULL COMMENT '所属量表/模块id',
  `title` varchar(500) CHARACTER SET utf8mb4 COLLATE utf8mb4_unicode_ci NOT NULL COMMENT '题干',
  `type` char(1) CHARACTER SET utf8mb4 COLLATE utf8mb4_unicode_ci NULL DEFAULT NULL COMMENT '题型 1=单选 2=多选 3=判断 4=填空',
  `sort` int NULL DEFAULT NULL COMMENT '排序',
  `remark` varchar(500) CHARACTER SET utf8mb4 COLLATE utf8mb4_unicode_ci NULL DEFAULT NULL COMMENT '备注',
  `create_time` datetime NULL DEFAULT CURRENT_TIMESTAMP COMMENT '创建时间',
  `update_time` datetime NULL DEFAULT CURRENT_TIMESTAMP ON UPDATE CURRENT_TIMESTAMP COMMENT '更新时间',
  `create_by` varchar(64) CHARACTER SET utf8mb4 COLLATE utf8mb4_unicode_ci NULL DEFAULT NULL COMMENT '创建者',
  `update_by` varchar(64) CHARACTER SET utf8mb4 COLLATE utf8mb4_unicode_ci NULL DEFAULT NULL COMMENT '更新者',
  `del_flag` char(1) CHARACTER SET utf8mb4 COLLATE utf8mb4_unicode_ci NULL DEFAULT '0' COMMENT '删除标记(0-未删除 1-已删除)',
  PRIMARY KEY (`id`) USING BTREE,
  INDEX `idx_scale_id`(`scale_id` ASC) USING BTREE
) ENGINE = InnoDB AUTO_INCREMENT = 10042 CHARACTER SET = utf8mb4 COLLATE = utf8mb4_unicode_ci COMMENT = '老年综合评估题目表' ROW_FORMAT = Dynamic;

-- ----------------------------
-- Records of cga_question
-- ----------------------------
INSERT INTO `cga_question` VALUES (1, 1, '您目前日常生活的自理情况如何？', '1', 1, 'WS/T 888-2026 B.1 基本日常生活活动能力评估', '2026-06-06 12:10:10', '2026-06-06 12:10:10', NULL, NULL, '0');
INSERT INTO `cga_question` VALUES (2, 2, '您处理日常事务的能力如何？（比如做饭、购物、用电话、用药、管钱、做家务）', '1', 1, 'WS/T 888-2026 B.2 工具性日常生活活动能力评估', '2026-06-06 12:10:10', '2026-06-06 14:19:46', NULL, NULL, '0');
INSERT INTO `cga_question` VALUES (3, 3, '您步行400米或登上10阶楼梯是否有困难？', '1', 1, 'WS/T 888-2026 B.3 运动功能筛查', '2026-06-08 15:38:36', '2026-06-08 15:39:25', NULL, NULL, '0');
INSERT INTO `cga_question` VALUES (4, 4, '您的视力和视觉功能情况如何？', '1', 1, 'WS/T 888-2026 B.4+B.5 视力+视觉功能评估', '2026-06-06 12:10:10', '2026-06-06 12:10:10', NULL, NULL, '0');
INSERT INTO `cga_question` VALUES (5, 5, '您的听力情况如何？', '1', 1, 'WS/T 888-2026 B.6+B.7 听力+耳语试验', '2026-06-06 12:10:10', '2026-06-06 12:10:10', NULL, NULL, '0');
INSERT INTO `cga_question` VALUES (6, 6, '第一步：请您仔细听并记住以下3个词：苹果，桌子，钢笔。', '1', 1, 'WS/T 888-2026 B.8 认知功能筛查-记忆练习（不评分）', '2026-06-06 12:10:10', '2026-06-16 15:44:20', NULL, NULL, '0');
INSERT INTO `cga_question` VALUES (7, 6, '第二步：请您画一个钟，标出12个数字和时间刻度，然后画出指针指向11点10分', '1', 2, 'WS/T 888-2026 B.8 认知功能筛查-画钟试验（0-2分）', '2026-06-06 12:10:10', '2026-06-06 12:10:10', NULL, NULL, '0');
INSERT INTO `cga_question` VALUES (8, 6, '第三步：请您再复述一下刚才记住的那3个词', '1', 3, 'WS/T 888-2026 B.8 认知功能筛查-延迟词语回忆（0-3分）', '2026-06-06 12:10:10', '2026-06-06 12:10:10', NULL, NULL, '0');
INSERT INTO `cga_question` VALUES (9, 7, '您家中的居住环境安全情况如何？', '1', 1, 'WS/T 888-2026 B.9 居家环境筛查', '2026-06-06 12:10:10', '2026-06-06 12:10:10', NULL, NULL, '0');
INSERT INTO `cga_question` VALUES (10, 8, '过去4周内大部分时间您是否感到疲乏？', '1', 1, 'WS/T 888-2026 B.10 FRAIL-条目1 疲乏', '2026-06-06 12:10:10', '2026-06-06 12:10:10', NULL, NULL, '0');
INSERT INTO `cga_question` VALUES (11, 8, '不用辅助工具和他人帮助，中途不休息爬1层楼梯是否有困难？', '1', 2, 'WS/T 888-2026 B.10 FRAIL-条目2 阻力增加', '2026-06-06 12:10:10', '2026-06-06 12:10:10', NULL, NULL, '0');
INSERT INTO `cga_question` VALUES (12, 8, '不用辅助工具和他人帮助，走完1个街区（100m）是否较困难？', '1', 3, 'WS/T 888-2026 B.10 FRAIL-条目3 自由活动下降', '2026-06-06 12:10:10', '2026-06-06 12:10:10', NULL, NULL, '0');
INSERT INTO `cga_question` VALUES (13, 8, '医生是否告诉您存在5种以上指定慢性疾病？', '1', 4, 'WS/T 888-2026 B.10 FRAIL-条目4 疾病情况', '2026-06-06 12:10:10', '2026-06-06 12:10:10', NULL, NULL, '0');
INSERT INTO `cga_question` VALUES (14, 8, '1年或更短时间内您是否出现体重下降≥5%？', '1', 5, 'WS/T 888-2026 B.10 FRAIL-条目5 体重下降', '2026-06-06 12:10:10', '2026-06-06 12:10:10', NULL, NULL, '0');
INSERT INTO `cga_question` VALUES (15, 9, '您是否存在排尿控制方面的问题？', '1', 1, 'WS/T 888-2026 B.11 尿失禁筛查', '2026-06-06 12:10:10', '2026-06-06 12:10:10', NULL, NULL, '0');
INSERT INTO `cga_question` VALUES (16, 10, '您是否长期受便秘困扰？', '1', 1, 'WS/T 888-2026 B.12 便秘筛查', '2026-06-06 12:10:10', '2026-06-06 12:10:10', NULL, NULL, '0');
INSERT INTO `cga_question` VALUES (17, 11, '您的睡眠情况如何？', '1', 1, 'WS/T 888-2026 B.13 睡眠障碍筛查', '2026-06-06 12:10:10', '2026-06-06 12:10:10', NULL, NULL, '0');
INSERT INTO `cga_question` VALUES (18, 12, '您是否存在持续超过3个月的疼痛？', '1', 1, 'WS/T 888-2026 B.14+B.15 慢性疼痛筛查', '2026-06-06 12:10:10', '2026-06-06 12:10:10', NULL, NULL, '0');
INSERT INTO `cga_question` VALUES (19, 13, '您的皮肤和活动能力情况如何？', '1', 1, 'WS/T 888-2026 B.16 压力性损伤风险筛查', '2026-06-06 12:10:10', '2026-06-06 12:10:10', NULL, NULL, '0');
INSERT INTO `cga_question` VALUES (20, 14, '您进食和吞咽的情况如何？', '1', 1, 'WS/T 888-2026 B.17 洼田饮水试验', '2026-06-06 12:10:10', '2026-06-16 15:57:04', NULL, NULL, '0');
INSERT INTO `cga_question` VALUES (21, 15, '您的营养状况如何？', '2', 1, 'WS/T 888-2026 B.18+B.19 营养风险筛查', '2026-06-06 12:10:10', '2026-06-16 15:57:01', NULL, NULL, '0');
INSERT INTO `cga_question` VALUES (22, 16, '与患者基础水平相比，是否存在精神状态的急性变化，或1天中异常行为时有时无？', '1', 1, 'WS/T 888-2026 B.21 谵妄评估-条目1', '2026-06-06 12:10:10', '2026-06-06 12:10:10', NULL, NULL, '0');
INSERT INTO `cga_question` VALUES (23, 16, '患者的注意力是否难以集中，容易被分散或不能跟上谈话？', '1', 2, 'WS/T 888-2026 B.21 谵妄评估-条目2', '2026-06-06 12:10:10', '2026-06-06 12:10:10', NULL, NULL, '0');
INSERT INTO `cga_question` VALUES (24, 16, '患者的思维是否混乱或不连贯，谈话主题分散或不合逻辑？', '1', 3, 'WS/T 888-2026 B.21 谵妄评估-条目3', '2026-06-06 12:10:10', '2026-06-06 12:10:10', NULL, NULL, '0');
INSERT INTO `cga_question` VALUES (25, 16, '患者当前意识水平是否异常？如过度警觉、嗜睡或昏睡？', '1', 4, 'WS/T 888-2026 B.21 谵妄评估-条目4', '2026-06-06 12:10:10', '2026-06-06 12:10:10', NULL, NULL, '0');
INSERT INTO `cga_question` VALUES (26, 17, '您最近两周是否经常做事提不起劲、没有兴趣，或感到心情低落？', '1', 1, 'WS/T 888-2026 7.3.2 抑郁筛查', '2026-06-06 12:10:10', '2026-06-06 12:10:10', NULL, NULL, '0');
INSERT INTO `cga_question` VALUES (27, 18, '您最近两周是否经常紧张、担忧，或无法停止/控制担忧？', '1', 1, 'WS/T 888-2026 7.3.3 焦虑筛查', '2026-06-06 12:10:10', '2026-06-06 12:10:10', NULL, NULL, '0');
INSERT INTO `cga_question` VALUES (28, 19, '过去一年您是否跌倒过，或经常走路不稳，或因害怕跌倒影响活动？', '1', 1, 'WS/T 888-2026 7.5.1 跌倒风险筛查', '2026-06-06 12:10:10', '2026-06-06 12:10:10', NULL, NULL, '0');
INSERT INTO `cga_question` VALUES (29, 20, '您目前使用药物和保健品的情况如何？', '1', 1, 'WS/T 888-2026 7.5.8 多重用药评估', '2026-06-06 12:10:10', '2026-06-06 12:10:10', NULL, NULL, '0');
INSERT INTO `cga_question` VALUES (30, 21, '是否存在以下营养风险迹象？', '1', 1, 'WS/T 888-2026 7.5.11 肌少症初筛', '2026-06-06 12:10:10', '2026-06-11 15:43:55', NULL, NULL, '0');
INSERT INTO `cga_question` VALUES (101, 22, '进食：指用合适的餐具将食物由容器送到口中，包括筷子（勺子或叉子）取食物、对碗（碟）的把持、咀嚼、吞咽等过程', '1', 1, NULL, '2026-06-08 10:34:08', '2026-06-09 15:41:51', NULL, NULL, '0');
INSERT INTO `cga_question` VALUES (102, 22, '洗澡：包括进出浴室、穿脱衣裤、洗浴全身等', '1', 2, NULL, '2026-06-08 10:34:08', '2026-06-09 15:41:53', NULL, NULL, '0');
INSERT INTO `cga_question` VALUES (103, 22, '修饰：包括洗脸、刷牙、梳头、刮脸等', '1', 3, NULL, '2026-06-08 10:34:08', '2026-06-09 15:41:58', NULL, NULL, '0');
INSERT INTO `cga_question` VALUES (104, 22, '穿（脱）衣：包括穿（脱）衣服、系扣子、拉拉链、穿（脱）鞋袜、系鞋带等', '1', 4, NULL, '2026-06-08 10:34:08', '2026-06-09 15:42:00', NULL, NULL, '0');
INSERT INTO `cga_question` VALUES (105, 22, '控制大便：指受意识控制，可自主排便', '1', 5, NULL, '2026-06-08 10:34:08', '2026-06-09 15:42:04', NULL, NULL, '0');
INSERT INTO `cga_question` VALUES (106, 22, '控制小便：指受意识控制，可自主排尿', '1', 6, NULL, '2026-06-08 10:34:08', '2026-06-09 15:42:05', NULL, NULL, '0');
INSERT INTO `cga_question` VALUES (107, 22, '如厕：包括去厕所、解开衣裤、擦净、整理衣裤、冲水等过程', '1', 7, NULL, '2026-06-08 10:34:08', '2026-06-09 15:42:07', NULL, NULL, '0');
INSERT INTO `cga_question` VALUES (108, 22, '床椅转移：包括从下床到坐在床旁椅，以及从坐在床旁椅到上床转移的所有动作', '1', 8, NULL, '2026-06-08 10:34:08', '2026-06-09 15:42:10', NULL, NULL, '0');
INSERT INTO `cga_question` VALUES (109, 22, '平地行走：指从双脚站立位，在平地行走 45 m 的过程', '1', 9, NULL, '2026-06-08 10:34:08', '2026-06-09 15:42:13', NULL, NULL, '0');
INSERT INTO `cga_question` VALUES (110, 22, '上下楼梯：指从双脚站立位，连续上、下10～15个台阶的过程', '1', 10, NULL, '2026-06-08 10:34:08', '2026-06-09 15:42:15', NULL, NULL, '0');
INSERT INTO `cga_question` VALUES (201, 23, '上街购物', '1', 1, 'WS/T 888-2026 B.2 工具性日常生活活动能力评估-上街购物', '2026-06-09 11:45:12', '2026-06-09 15:43:14', NULL, NULL, '0');
INSERT INTO `cga_question` VALUES (202, 23, '使用交通工具', '1', 2, 'WS/T 888-2026 B.2 工具性日常生活活动能力评估-使用交通工具', '2026-06-09 11:45:12', '2026-06-09 15:43:17', NULL, NULL, '0');
INSERT INTO `cga_question` VALUES (203, 23, '食物烹调', '1', 3, 'WS/T 888-2026 B.2 工具性日常生活活动能力评估-食物烹调', '2026-06-09 11:45:12', '2026-06-09 15:43:19', NULL, NULL, '0');
INSERT INTO `cga_question` VALUES (204, 23, '家务维持', '1', 4, 'WS/T 888-2026 B.2 工具性日常生活活动能力评估-家务维持', '2026-06-09 11:45:12', '2026-06-09 15:43:21', NULL, NULL, '0');
INSERT INTO `cga_question` VALUES (205, 23, '洗衣服', '1', 5, 'WS/T 888-2026 B.2 工具性日常生活活动能力评估-洗衣服', '2026-06-09 11:45:12', '2026-06-09 15:43:22', NULL, NULL, '0');
INSERT INTO `cga_question` VALUES (206, 23, '使用电话', '1', 6, 'WS/T 888-2026 B.2 工具性日常生活活动能力评估-使用电话', '2026-06-09 11:45:12', '2026-06-09 15:43:24', NULL, NULL, '0');
INSERT INTO `cga_question` VALUES (207, 23, '服用药物', '1', 7, 'WS/T 888-2026 B.2 工具性日常生活活动能力评估-服用药物', '2026-06-09 11:45:12', '2026-06-09 15:43:26', NULL, NULL, '0');
INSERT INTO `cga_question` VALUES (208, 23, '处理财务', '1', 8, 'WS/T 888-2026 B.2 工具性日常生活活动能力评估-处理财务', '2026-06-09 11:45:12', '2026-06-09 15:43:28', NULL, NULL, '0');
INSERT INTO `cga_question` VALUES (301, 24, '平衡测试 - 并排站立（保持10秒）', '1', 1, 'SPPB 平衡测试第1项', '2026-06-09 15:51:48', '2026-06-09 15:51:48', NULL, NULL, '0');
INSERT INTO `cga_question` VALUES (302, 24, '平衡测试 - 半足距站立（保持10秒）', '1', 2, 'SPPB 平衡测试第2项', '2026-06-09 15:51:48', '2026-06-09 15:51:48', NULL, NULL, '0');
INSERT INTO `cga_question` VALUES (303, 24, '平衡测试 - 全足距站立（保持10秒）', '1', 3, 'SPPB 平衡测试第3项', '2026-06-09 15:51:48', '2026-06-09 15:51:48', NULL, NULL, '0');
INSERT INTO `cga_question` VALUES (304, 24, '步速测试 - 步行4米最佳时间', '1', 4, 'SPPB 步速测试（取两次最佳值）', '2026-06-09 15:51:48', '2026-06-09 15:51:48', NULL, NULL, '0');
INSERT INTO `cga_question` VALUES (305, 24, '力量测试 - 5次起坐试验时间', '1', 5, 'SPPB 力量测试（双手交叉胸前，快速起立坐下）', '2026-06-09 15:51:48', '2026-06-09 15:51:48', NULL, NULL, '0');
INSERT INTO `cga_question` VALUES (401, 25, '视力简易评估', '1', 1, 'WS/T 888-2026 B.4 佩戴眼镜状态下评估', '2026-06-10 08:48:34', '2026-06-10 08:48:34', NULL, NULL, '0');
INSERT INTO `cga_question` VALUES (402, 25, '阅读、行走和看电视时，觉得吃力', '1', 2, 'WS/T 888-2026 B.5 视觉功能评估项1', '2026-06-10 08:48:34', '2026-06-10 08:48:34', NULL, NULL, '0');
INSERT INTO `cga_question` VALUES (403, 25, '看东西时觉得有东西遮挡或视物有缺损', '1', 3, 'WS/T 888-2026 B.5 视觉功能评估项2', '2026-06-10 08:48:34', '2026-06-10 08:48:34', NULL, NULL, '0');
INSERT INTO `cga_question` VALUES (404, 25, '看东西时实物变形、扭曲', '1', 4, 'WS/T 888-2026 B.5 视觉功能评估项3', '2026-06-10 08:48:34', '2026-06-10 08:48:34', NULL, NULL, '0');
INSERT INTO `cga_question` VALUES (501, 26, '听力简易评估', '1', 1, 'WS/T 888-2026 B.6 佩戴助听器状态下评估', '2026-06-10 09:27:12', '2026-06-10 09:27:12', NULL, NULL, '0');
INSERT INTO `cga_question` VALUES (502, 26, '耳语试验（左耳）', '1', 2, 'WS/T 888-2026 B.7 左耳耳语试验，正确重复3个及以上词语为正常', '2026-06-10 09:27:12', '2026-06-10 09:27:12', NULL, NULL, '0');
INSERT INTO `cga_question` VALUES (503, 26, '耳语试验（右耳）', '1', 3, 'WS/T 888-2026 B.7 右耳耳语试验，正确重复3个及以上词语为正常', '2026-06-10 09:27:12', '2026-06-10 09:27:12', NULL, NULL, '0');
INSERT INTO `cga_question` VALUES (601, 27, '居家环境安全筛查（请勾选所有符合的情况）', '2', 1, 'WS/T 888-2026 B.9 合并为多选题', '2026-06-10 10:00:55', '2026-06-10 10:00:55', NULL, NULL, '0');
INSERT INTO `cga_question` VALUES (701, 28, '请您仔细听并记住以下3个词：苹果、桌子、钢笔', '4', 1, '纯提示题，无需作答，念给老人听即可', '2026-06-10 10:51:12', '2026-06-10 10:51:12', NULL, NULL, '0');
INSERT INTO `cga_question` VALUES (702, 28, '画钟试验结果', '1', 2, '数字标注正确且指针显示时间正确为正确', '2026-06-10 10:51:12', '2026-06-10 10:51:12', NULL, NULL, '0');
INSERT INTO `cga_question` VALUES (703, 28, '延迟名词回忆（正确回忆数量）', '1', 3, '完成画钟试验后，让老人回忆刚才记住的3个词', '2026-06-10 10:51:12', '2026-06-10 10:51:12', NULL, NULL, '0');
INSERT INTO `cga_question` VALUES (801, 29, '疲乏：过去4周内大部分时间或者所有时间感到疲乏', '1', 1, 'WS/T 888-2026 B.10 第1条', '2026-06-10 14:51:57', '2026-06-10 14:51:57', NULL, NULL, '0');
INSERT INTO `cga_question` VALUES (802, 29, '阻力增加/耐力减退：在不用任何辅助工具及他人帮助的情况下，中途不休息爬1层楼梯有困难', '1', 2, 'WS/T 888-2026 B.10 第2条', '2026-06-10 14:51:57', '2026-06-10 14:51:57', NULL, NULL, '0');
INSERT INTO `cga_question` VALUES (803, 29, '自由活动下降：在不用任何辅助工具及他人帮助的情况下，走完1个街区（100m）较困难', '1', 3, 'WS/T 888-2026 B.10 第3条', '2026-06-10 14:51:57', '2026-06-10 14:51:57', NULL, NULL, '0');
INSERT INTO `cga_question` VALUES (804, 29, '疾病情况：医生告知存在5种及以上以下疾病（高血压、糖尿病、急性心脏病发作、卒中、恶性肿瘤、充血性心力衰竭、哮喘、关节炎、慢性肺病、肾脏疾病、心绞痛等）', '1', 4, 'WS/T 888-2026 B.10 第4条', '2026-06-10 14:51:57', '2026-06-10 14:51:57', NULL, NULL, '0');
INSERT INTO `cga_question` VALUES (805, 29, '体重下降：1年或更短时间内出现体重下降≥5%', '1', 5, 'WS/T 888-2026 B.10 第5条', '2026-06-10 14:51:57', '2026-06-10 14:51:57', NULL, NULL, '0');
INSERT INTO `cga_question` VALUES (901, 30, '漏尿频次', '1', 1, '评估最近4周漏尿频率', '2026-06-10 15:06:32', '2026-06-10 15:06:32', NULL, NULL, '0');
INSERT INTO `cga_question` VALUES (902, 30, '漏尿量', '1', 2, '评估最近4周每次漏尿量', '2026-06-10 15:06:32', '2026-06-10 15:06:32', NULL, NULL, '0');
INSERT INTO `cga_question` VALUES (903, 30, '漏尿对日常生活的影响程度', '1', 3, '选择0到10之间的数字，0分无任何影响，10分影响极重', '2026-06-10 15:06:32', '2026-06-10 15:06:32', NULL, NULL, '0');
INSERT INTO `cga_question` VALUES (904, 30, '什么时候发生漏尿（请在适合您的情况前打勾）', '2', 4, '仅记录情况，不计入总分', '2026-06-10 15:06:32', '2026-06-10 15:06:32', NULL, NULL, '0');
INSERT INTO `cga_question` VALUES (1001, 31, '症状开始到现在持续时间（年/月）：', '4', 1, '便秘症状持续时间', '2026-06-10 16:09:20', '2026-06-10 17:24:43', 'admin', 'admin', '0');
INSERT INTO `cga_question` VALUES (1002, 31, '其中大约有多长时间是有症状的（年/月）：', '4', 2, '便秘症状持续时间', '2026-06-10 17:24:29', '2026-06-10 17:25:28', 'admin', 'admin', '0');
INSERT INTO `cga_question` VALUES (1003, 31, '是否有以下症状（可多选）', '2', 2, '便秘相关症状', '2026-06-10 16:09:20', '2026-06-10 17:25:25', 'admin', 'admin', '0');
INSERT INTO `cga_question` VALUES (1004, 31, '有症状时的粪便性状', '1', 3, '布里斯托大便分型', '2026-06-10 16:09:20', '2026-06-10 17:25:22', 'admin', 'admin', '0');
INSERT INTO `cga_question` VALUES (1101, 32, '入睡时间（关灯后到睡着的时间）', '1', 1, '阿森斯失眠量表第1题', '2026-06-11 09:39:35', '2026-06-11 09:39:35', 'admin', 'admin', '0');
INSERT INTO `cga_question` VALUES (1102, 32, '夜间苏醒', '1', 2, '阿森斯失眠量表第2题', '2026-06-11 09:39:35', '2026-06-11 09:39:35', 'admin', 'admin', '0');
INSERT INTO `cga_question` VALUES (1103, 32, '比期望的时间早醒', '1', 3, '阿森斯失眠量表第3题', '2026-06-11 09:39:35', '2026-06-11 09:39:35', 'admin', 'admin', '0');
INSERT INTO `cga_question` VALUES (1104, 32, '总睡眠时间', '1', 4, '阿森斯失眠量表第4题', '2026-06-11 09:39:35', '2026-06-11 09:39:35', 'admin', 'admin', '0');
INSERT INTO `cga_question` VALUES (1105, 32, '总睡眠质量（无论睡多长）', '1', 5, '阿森斯失眠量表第5题', '2026-06-11 09:39:35', '2026-06-11 09:39:35', 'admin', 'admin', '0');
INSERT INTO `cga_question` VALUES (1106, 32, '白天情绪', '1', 6, '阿森斯失眠量表第6题', '2026-06-11 09:39:35', '2026-06-11 09:39:35', 'admin', 'admin', '0');
INSERT INTO `cga_question` VALUES (1107, 32, '白天身体功能（体力或精神：如记忆力、认知力或注意力等）', '1', 7, '阿森斯失眠量表第7题', '2026-06-11 09:39:35', '2026-06-11 09:39:35', 'admin', 'admin', '0');
INSERT INTO `cga_question` VALUES (1108, 32, '白天思睡', '1', 8, '阿森斯失眠量表第8题', '2026-06-11 09:39:35', '2026-06-11 09:39:35', 'admin', 'admin', '0');
INSERT INTO `cga_question` VALUES (1201, 33, '一、慢性疼痛数字评定量表(NRS)', '1', 1, '评估患者主观疼痛程度', '2026-06-11 10:08:19', '2026-06-11 10:08:19', 'admin', 'admin', '0');
INSERT INTO `cga_question` VALUES (1202, 33, '二、慢性疼痛行为评估量表 - 1. 面部表情', '1', 2, '行为评估第1题', '2026-06-11 10:08:19', '2026-06-11 10:08:19', 'admin', 'admin', '0');
INSERT INTO `cga_question` VALUES (1203, 33, '二、慢性疼痛行为评估量表 - 2. 上肢运动', '1', 3, '行为评估第2题', '2026-06-11 10:08:19', '2026-06-11 10:08:19', 'admin', 'admin', '0');
INSERT INTO `cga_question` VALUES (1204, 33, '二、慢性疼痛行为评估量表 - 3. 机械通气顺应性(插管患者)', '1', 4, '行为评估第3题（仅插管患者作答）', '2026-06-11 10:08:19', '2026-06-11 10:08:19', 'admin', 'admin', '0');
INSERT INTO `cga_question` VALUES (1205, 33, '二、慢性疼痛行为评估量表 - 4. 发声(非插管患者)', '1', 5, '行为评估第4题（仅非插管患者作答）', '2026-06-11 10:08:19', '2026-06-11 10:08:19', 'admin', 'admin', '0');
INSERT INTO `cga_question` VALUES (1301, 34, '1. 感觉', '1', 1, '对压迫引起的不适的感知能力', '2026-06-11 10:33:52', '2026-06-11 10:33:52', 'admin', 'admin', '0');
INSERT INTO `cga_question` VALUES (1302, 34, '2. 潮湿', '1', 2, '皮肤暴露于潮湿环境的程度', '2026-06-11 10:33:52', '2026-06-11 10:33:52', 'admin', 'admin', '0');
INSERT INTO `cga_question` VALUES (1303, 34, '3. 活动', '1', 3, '身体活动的程度', '2026-06-11 10:33:52', '2026-06-11 10:33:52', 'admin', 'admin', '0');
INSERT INTO `cga_question` VALUES (1304, 34, '4. 移动', '1', 4, '改变和控制身体姿势的能力', '2026-06-11 10:33:52', '2026-06-11 10:33:52', 'admin', 'admin', '0');
INSERT INTO `cga_question` VALUES (1305, 34, '5. 营养', '1', 5, '日常进食模式', '2026-06-11 10:33:52', '2026-06-11 10:33:52', 'admin', 'admin', '0');
INSERT INTO `cga_question` VALUES (1306, 34, '6. 摩擦和剪切力', '1', 6, '皮肤与床面/椅面之间的摩擦力和剪切力', '2026-06-11 10:33:52', '2026-06-11 10:33:52', 'admin', 'admin', '0');
INSERT INTO `cga_question` VALUES (1401, 35, '请选择患者饮用30ml温开水后的分级结果', '1', 1, '洼田饮水试验分级评估', '2026-06-11 10:46:23', '2026-06-11 10:46:23', 'admin', 'admin', '0');
INSERT INTO `cga_question` VALUES (1501, 36, '1. 营养状态受损程度', '1', 1, '根据体质量丢失、进食量、BMI评估', '2026-06-11 15:19:30', '2026-06-11 15:19:30', 'admin', 'admin', '0');
INSERT INTO `cga_question` VALUES (1502, 36, '2. 疾病严重程度', '1', 2, '根据疾病类型和严重程度评估', '2026-06-11 15:19:30', '2026-06-11 15:19:30', 'admin', 'admin', '0');
INSERT INTO `cga_question` VALUES (1503, 36, '3. 年龄加分', '1', 3, '年龄≥70岁加1分', '2026-06-11 15:19:30', '2026-06-11 15:23:01', 'admin', 'admin', '1');
INSERT INTO `cga_question` VALUES (1601, 37, '1. 过去3个月是否有因食欲减退、消化不良、咀嚼或吞咽困难而减少食量', '1', 1, '进食量变化评估', '2026-06-11 16:02:41', '2026-06-11 16:02:41', 'admin', 'admin', '0');
INSERT INTO `cga_question` VALUES (1602, 37, '2. 过去3个月体质量丢失情况', '1', 2, '近3个月体重变化', '2026-06-11 16:02:41', '2026-06-11 16:02:41', 'admin', 'admin', '0');
INSERT INTO `cga_question` VALUES (1603, 37, '3. 活动能力', '1', 3, '身体活动能力评估', '2026-06-11 16:02:41', '2026-06-11 16:02:41', 'admin', 'admin', '0');
INSERT INTO `cga_question` VALUES (1604, 37, '4. 过去3个月是否受到心理创伤或有急性疾病', '1', 4, '心理与疾病应激评估', '2026-06-11 16:02:41', '2026-06-11 16:02:41', 'admin', 'admin', '0');
INSERT INTO `cga_question` VALUES (1605, 37, '5. 精神心理问题', '1', 5, '认知与情绪状态评估', '2026-06-11 16:02:41', '2026-06-11 16:02:41', 'admin', 'admin', '0');
INSERT INTO `cga_question` VALUES (1606, 37, '6. 体质指数(BMI) (kg/m²)', '1', 6, 'BMI评分；无法获取BMI时答下一题', '2026-06-11 16:02:41', '2026-06-11 16:02:41', 'admin', 'admin', '0');
INSERT INTO `cga_question` VALUES (1607, 37, '7. 小腿围(CC) (cm)【仅无法获取BMI时作答】', '1', 7, '小腿围替代评分；二选一', '2026-06-11 16:02:41', '2026-06-11 16:02:41', 'admin', 'admin', '0');
INSERT INTO `cga_question` VALUES (1701, 38, '体质量减轻', '1', 1, '表B.20-1', '2026-06-11 17:50:10', '2026-06-11 17:50:10', 'admin', 'admin', '0');
INSERT INTO `cga_question` VALUES (1702, 38, '低体质指数', '1', 2, '表B.20-1', '2026-06-11 17:50:10', '2026-06-11 17:50:10', 'admin', 'admin', '0');
INSERT INTO `cga_question` VALUES (1703, 38, '肌肉减少', '1', 3, '表B.20-1/2', '2026-06-11 17:50:10', '2026-06-11 17:50:10', 'admin', 'admin', '0');
INSERT INTO `cga_question` VALUES (1704, 38, '饮食摄入或吸收减少', '1', 4, '表B.20-3', '2026-06-11 17:50:10', '2026-06-11 17:50:10', 'admin', 'admin', '0');
INSERT INTO `cga_question` VALUES (1705, 38, '炎症状态', '1', 5, '表B.20-3', '2026-06-11 17:50:10', '2026-06-11 17:50:10', 'admin', 'admin', '0');
INSERT INTO `cga_question` VALUES (1706, 38, '体质量显著下降', '1', 6, '表B.20-4', '2026-06-11 17:50:10', '2026-06-11 17:50:10', 'admin', 'admin', '0');
INSERT INTO `cga_question` VALUES (1707, 38, '低体质指数', '1', 7, '表B.20-4', '2026-06-11 17:50:10', '2026-06-11 17:50:10', 'admin', 'admin', '0');
INSERT INTO `cga_question` VALUES (1801, 39, '存在以下任一选\"是\"：①与基础水平相比精神状态急性变化；②异常行为一天内时有时无、时轻时重', '1', 1, '存在以下任一选\"是\"：①与基础水平相比精神状态急性变化；②异常行为一天内时有时无、时轻时重', '2026-06-12 15:02:50', '2026-06-12 15:19:48', 'admin', 'admin', '0');
INSERT INTO `cga_question` VALUES (1802, 39, '注意力难以集中，容易分散或跟不上正在谈论的话题，选\"是\"', '1', 2, '注意力难以集中，容易分散或跟不上正在谈论的话题，选\"是\"', '2026-06-12 15:02:50', '2026-06-12 15:19:41', 'admin', 'admin', '0');
INSERT INTO `cga_question` VALUES (1803, 39, '思维混乱不连贯，谈话主题分散、不合逻辑或突然转题，选\"是\"', '1', 3, '思维混乱不连贯，谈话主题分散、不合逻辑或突然转题，选\"是\"', '2026-06-12 15:02:50', '2026-06-12 15:19:37', 'admin', 'admin', '0');
INSERT INTO `cga_question` VALUES (1804, 39, '存在以下任一选\"是\"：过度警觉（易惊吓）、嗜睡（易叫醒）、昏睡（不易叫醒）', '1', 4, '存在以下任一选\"是\"：过度警觉（易惊吓）、嗜睡（易叫醒）、昏睡（不易叫醒）', '2026-06-12 15:02:50', '2026-06-12 15:19:32', 'admin', 'admin', '0');
INSERT INTO `cga_question` VALUES (1901, 40, '1. 您对您的生活基本上满意吗？', '1', 1, '反向计分', '2026-06-12 15:55:17', '2026-06-12 15:55:17', 'admin', 'admin', '0');
INSERT INTO `cga_question` VALUES (1902, 40, '2. 您减少了很多活动和嗜好(兴趣)吗？', '1', 2, '正向计分', '2026-06-12 15:55:17', '2026-06-12 15:55:17', 'admin', 'admin', '0');
INSERT INTO `cga_question` VALUES (1903, 40, '3. 您觉得生活空虚吗？', '1', 3, '正向计分', '2026-06-12 15:55:17', '2026-06-12 15:55:17', 'admin', 'admin', '0');
INSERT INTO `cga_question` VALUES (1904, 40, '4. 您常常感到厌烦吗？', '1', 4, '正向计分', '2026-06-12 15:55:17', '2026-06-12 15:55:17', 'admin', 'admin', '0');
INSERT INTO `cga_question` VALUES (1905, 40, '5. 您是否大部分时间内精神状态都好？', '1', 5, '反向计分', '2026-06-12 15:55:17', '2026-06-12 15:55:17', 'admin', 'admin', '0');
INSERT INTO `cga_question` VALUES (1906, 40, '6. 您会害怕将有不好的事情发生在您身上吗？', '1', 6, '正向计分', '2026-06-12 15:55:17', '2026-06-12 15:55:17', 'admin', 'admin', '0');
INSERT INTO `cga_question` VALUES (1907, 40, '7. 大部分时间内您觉得快乐吗？', '1', 7, '反向计分', '2026-06-12 15:55:17', '2026-06-12 15:55:17', 'admin', 'admin', '0');
INSERT INTO `cga_question` VALUES (1908, 40, '8. 您是否经常感到自己是无能和没用的？', '1', 8, '正向计分', '2026-06-12 15:55:17', '2026-06-12 15:55:17', 'admin', 'admin', '0');
INSERT INTO `cga_question` VALUES (1909, 40, '9. 您是否更愿意呆在家里，而不喜欢外出和尝试新鲜事物？', '1', 9, '正向计分', '2026-06-12 15:55:17', '2026-06-12 15:55:17', 'admin', 'admin', '0');
INSERT INTO `cga_question` VALUES (1910, 40, '10. 您是否觉得与多数人比较，您的记性更差？', '1', 10, '正向计分', '2026-06-12 15:55:17', '2026-06-12 15:55:17', 'admin', 'admin', '0');
INSERT INTO `cga_question` VALUES (1911, 40, '11. 您是否认为\"现在还能活着\"是一件很好的事情？', '1', 11, '反向计分', '2026-06-12 15:55:17', '2026-06-12 15:55:17', 'admin', 'admin', '0');
INSERT INTO `cga_question` VALUES (1912, 40, '12. 您是否感到您现在活得很没有价值？', '1', 12, '正向计分', '2026-06-12 15:55:17', '2026-06-12 15:55:17', 'admin', 'admin', '0');
INSERT INTO `cga_question` VALUES (1913, 40, '13. 您觉得体力充沛吗？', '1', 13, '反向计分', '2026-06-12 15:55:17', '2026-06-12 15:55:17', 'admin', 'admin', '0');
INSERT INTO `cga_question` VALUES (1914, 40, '14. 您是否觉得您现在的处境没有希望？', '1', 14, '正向计分', '2026-06-12 15:55:17', '2026-06-12 15:55:17', 'admin', 'admin', '0');
INSERT INTO `cga_question` VALUES (1915, 40, '15. 您是否觉得大部分人比你过得更好？', '1', 15, '正向计分', '2026-06-12 15:55:17', '2026-06-12 15:55:17', 'admin', 'admin', '0');
INSERT INTO `cga_question` VALUES (2001, 41, '1. 近三个月内跌倒史', '1', 1, '', '2026-06-12 16:24:04', '2026-06-12 16:24:04', 'admin', 'admin', '0');
INSERT INTO `cga_question` VALUES (2002, 41, '2. 超过一个医疗诊断', '1', 2, '', '2026-06-12 16:24:04', '2026-06-12 16:24:04', 'admin', 'admin', '0');
INSERT INTO `cga_question` VALUES (2003, 41, '3. 行走是否使用辅助用具', '1', 3, '', '2026-06-12 16:24:04', '2026-06-12 16:24:04', 'admin', 'admin', '0');
INSERT INTO `cga_question` VALUES (2004, 41, '4. 是否接受药物治疗', '1', 4, '', '2026-06-12 16:24:04', '2026-06-12 16:24:04', 'admin', 'admin', '0');
INSERT INTO `cga_question` VALUES (2005, 41, '5. 步态/移动', '1', 5, '', '2026-06-12 16:24:04', '2026-06-12 16:24:04', 'admin', 'admin', '0');
INSERT INTO `cga_question` VALUES (2006, 41, '6. 认知状态', '1', 6, '', '2026-06-12 16:24:04', '2026-06-12 16:24:04', 'admin', 'admin', '0');
INSERT INTO `cga_question` VALUES (2101, 42, '1. 老年人应避免的PIM', '1', 1, 'PIM：潜在不恰当用药', '2026-06-12 16:49:50', '2026-06-12 16:49:50', 'admin', 'admin', '0');
INSERT INTO `cga_question` VALUES (2102, 42, '2. 某些疾病或综合征情况下的PIM', '1', 2, '', '2026-06-12 16:49:50', '2026-06-12 16:49:50', 'admin', 'admin', '0');
INSERT INTO `cga_question` VALUES (2103, 42, '3. 需谨慎使用的药物', '1', 3, '', '2026-06-12 16:49:50', '2026-06-12 16:49:50', 'admin', 'admin', '0');
INSERT INTO `cga_question` VALUES (2104, 42, '4. 潜在的不适当的药物相互作用', '1', 4, '', '2026-06-12 16:49:50', '2026-06-12 16:49:50', 'admin', 'admin', '0');
INSERT INTO `cga_question` VALUES (2105, 42, '5. 根据肾功能调整剂量的药物', '1', 5, '', '2026-06-12 16:49:50', '2026-06-12 16:49:50', 'admin', 'admin', '0');
INSERT INTO `cga_question` VALUES (2106, 42, '6. 您能记起来的服用药物有哪些？', '4', 6, '请填写具体药物名称', '2026-06-12 16:49:50', '2026-06-12 17:41:46', 'admin', 'admin', '0');
INSERT INTO `cga_question` VALUES (2201, 43, '1. 感到不安、担心、烦躁或者易怒', '1', 1, '', '2026-06-12 17:02:11', '2026-06-12 17:02:11', 'admin', 'admin', '0');
INSERT INTO `cga_question` VALUES (2202, 43, '2. 不能停止或控制担心', '1', 2, '', '2026-06-12 17:02:11', '2026-06-12 17:02:11', 'admin', 'admin', '0');
INSERT INTO `cga_question` VALUES (2203, 43, '3. 对各种各样的事情担忧过多', '1', 3, '', '2026-06-12 17:02:11', '2026-06-12 17:02:11', 'admin', 'admin', '0');
INSERT INTO `cga_question` VALUES (2204, 43, '4. 很紧张，无法放松', '1', 4, '', '2026-06-12 17:02:11', '2026-06-12 17:02:11', 'admin', 'admin', '0');
INSERT INTO `cga_question` VALUES (2205, 43, '5. 非常焦躁，以至无法静坐', '1', 5, '', '2026-06-12 17:02:11', '2026-06-12 17:02:11', 'admin', 'admin', '0');
INSERT INTO `cga_question` VALUES (2206, 43, '6. 变得很易怒或躁动', '1', 6, '', '2026-06-12 17:02:11', '2026-06-12 17:02:11', 'admin', 'admin', '0');
INSERT INTO `cga_question` VALUES (2207, 43, '7. 担忧会有不祥的事情发生', '1', 7, '', '2026-06-12 17:02:11', '2026-06-12 17:02:11', 'admin', 'admin', '0');
INSERT INTO `cga_question` VALUES (2301, 44, '姓名', '2', 1, '必填项，文本输入', '2026-06-15 17:03:50', '2026-06-15 17:03:50', 'admin', 'admin', '0');
INSERT INTO `cga_question` VALUES (2302, 44, '性别', '1', 2, '必填项，单选', '2026-06-15 17:03:50', '2026-06-15 17:03:50', 'admin', 'admin', '0');
INSERT INTO `cga_question` VALUES (2303, 44, '出生日期', '2', 3, '必填项，格式：YYYY-MM-DD', '2026-06-15 17:03:50', '2026-06-15 17:03:50', 'admin', 'admin', '0');
INSERT INTO `cga_question` VALUES (2304, 44, '身份证号', '2', 4, '必填项，18位居民身份证号', '2026-06-15 17:03:50', '2026-06-15 17:03:50', 'admin', 'admin', '0');
INSERT INTO `cga_question` VALUES (2305, 44, '社会保障卡号', '2', 5, '必填项，文本输入', '2026-06-15 17:03:50', '2026-06-15 17:03:50', 'admin', 'admin', '0');
INSERT INTO `cga_question` VALUES (2306, 44, '身高', '2', 6, '单位：cm，数值输入', '2026-06-15 17:03:50', '2026-06-15 17:03:50', 'admin', 'admin', '0');
INSERT INTO `cga_question` VALUES (2307, 44, '体重', '2', 7, '单位：kg，数值输入', '2026-06-15 17:03:50', '2026-06-15 17:03:50', 'admin', 'admin', '0');
INSERT INTO `cga_question` VALUES (2308, 44, '民族', '2', 8, '必填项，下拉选择民族名称', '2026-06-15 17:03:50', '2026-06-15 17:04:01', 'admin', 'admin', '0');
INSERT INTO `cga_question` VALUES (2309, 44, '文化程度', '1', 9, '单选', '2026-06-15 17:03:50', '2026-06-15 17:03:50', 'admin', 'admin', '0');
INSERT INTO `cga_question` VALUES (2310, 44, '宗教信仰', '1', 10, '单选；有宗教信仰请填写具体名称', '2026-06-15 17:03:50', '2026-06-15 17:03:50', 'admin', 'admin', '0');
INSERT INTO `cga_question` VALUES (2311, 44, '婚姻状况', '1', 11, '单选', '2026-06-15 17:03:50', '2026-06-15 17:03:50', 'admin', 'admin', '0');
INSERT INTO `cga_question` VALUES (2312, 44, '家庭情况（有无子女）', '1', 12, '单选', '2026-06-15 17:03:50', '2026-06-15 17:03:50', 'admin', 'admin', '0');
INSERT INTO `cga_question` VALUES (2313, 44, '居住情况', '2', 13, '多选，可勾选所有符合项', '2026-06-15 17:03:50', '2026-06-17 10:55:21', 'admin', 'admin', '0');
INSERT INTO `cga_question` VALUES (2314, 44, '接受照顾情况', '2', 14, '多选；选择需要照顾时请勾选对应照顾者', '2026-06-15 17:03:50', '2026-06-17 10:55:19', 'admin', 'admin', '0');
INSERT INTO `cga_question` VALUES (2315, 44, '医疗费用支付方式', '2', 15, '多选，可勾选所有符合项', '2026-06-15 17:03:50', '2026-06-17 10:55:18', 'admin', 'admin', '0');
INSERT INTO `cga_question` VALUES (2316, 44, '经济来源', '2', 16, '多选；选择其他请填写具体说明', '2026-06-15 17:03:50', '2026-06-17 10:55:18', 'admin', 'admin', '0');

-- ----------------------------
-- Table structure for cga_record
-- ----------------------------
DROP TABLE IF EXISTS `cga_record`;
CREATE TABLE `cga_record`  (
  `id` int NOT NULL AUTO_INCREMENT COMMENT '主键',
  `patient_id` bigint NOT NULL COMMENT '病人id',
  `user_id` bigint NULL DEFAULT NULL COMMENT '操作医生id',
  `scale_id` bigint NULL DEFAULT NULL COMMENT '量表id',
  `total_score` int NULL DEFAULT 0 COMMENT '总分',
  `result` varchar(500) CHARACTER SET utf8mb4 COLLATE utf8mb4_general_ci NULL DEFAULT NULL COMMENT '评估结果',
  `suggest` varchar(500) CHARACTER SET utf8mb4 COLLATE utf8mb4_general_ci NULL DEFAULT NULL COMMENT '建议',
  `answer_json` text CHARACTER SET utf8mb4 COLLATE utf8mb4_general_ci NULL COMMENT '答案json',
  `create_time` datetime NULL DEFAULT CURRENT_TIMESTAMP,
  `update_time` datetime NULL DEFAULT CURRENT_TIMESTAMP ON UPDATE CURRENT_TIMESTAMP,
  `create_by` varchar(64) CHARACTER SET utf8mb4 COLLATE utf8mb4_general_ci NULL DEFAULT '' COMMENT '创建者',
  `update_by` varchar(64) CHARACTER SET utf8mb4 COLLATE utf8mb4_general_ci NULL DEFAULT '' COMMENT '更新者',
  `del_flag` char(1) CHARACTER SET utf8mb4 COLLATE utf8mb4_general_ci NULL DEFAULT '0',
  PRIMARY KEY (`id`) USING BTREE
) ENGINE = InnoDB AUTO_INCREMENT = 149 CHARACTER SET = utf8mb4 COLLATE = utf8mb4_general_ci COMMENT = 'cga-评估记录表' ROW_FORMAT = Dynamic;

-- ----------------------------
-- Records of cga_record
-- ----------------------------
INSERT INTO `cga_record` VALUES (31, 8, 1, 0, 1, NULL, NULL, '{\"1\":{\"optionIds\":[2],\"score\":0},\"2\":{\"optionIds\":[4],\"score\":0},\"3\":{\"optionIds\":[6],\"score\":0},\"4\":{\"optionIds\":[8],\"score\":0},\"5\":{\"optionIds\":[10],\"score\":0},\"6\":{\"optionIds\":[62],\"score\":0},\"7\":{\"optionIds\":[13],\"score\":0},\"8\":{\"optionIds\":[15],\"score\":1},\"9\":{\"optionIds\":[19],\"score\":0},\"10\":{\"optionIds\":[21],\"score\":0},\"11\":{\"optionIds\":[23],\"score\":0},\"12\":{\"optionIds\":[25],\"score\":0},\"13\":{\"optionIds\":[27],\"score\":0},\"14\":{\"optionIds\":[29],\"score\":0},\"15\":{\"optionIds\":[31],\"score\":0},\"16\":{\"optionIds\":[33],\"score\":0},\"17\":{\"optionIds\":[35],\"score\":0},\"18\":{\"optionIds\":[37],\"score\":0},\"19\":{\"optionIds\":[39],\"score\":0},\"20\":{\"optionIds\":[41],\"score\":0},\"21\":{\"optionIds\":[43],\"score\":0},\"22\":{\"optionIds\":[45],\"score\":0},\"23\":{\"optionIds\":[47],\"score\":0},\"24\":{\"optionIds\":[49],\"score\":0},\"25\":{\"optionIds\":[51],\"score\":0},\"26\":{\"optionIds\":[53],\"score\":0},\"27\":{\"optionIds\":[55],\"score\":0},\"28\":{\"optionIds\":[57],\"score\":0},\"29\":{\"optionIds\":[59],\"score\":0},\"30\":{\"optionIds\":[61],\"score\":0}}', '2026-06-06 14:39:35', '2026-06-08 10:00:25', '', '', '0');
INSERT INTO `cga_record` VALUES (32, 8, 1, 0, 13, NULL, NULL, '{\"1\":{\"optionIds\":[2],\"score\":0},\"2\":{\"optionIds\":[4],\"score\":0},\"3\":{\"optionIds\":[6],\"score\":0},\"4\":{\"optionIds\":[8],\"score\":0},\"5\":{\"optionIds\":[10],\"score\":0},\"6\":{\"optionIds\":[62],\"score\":0},\"7\":{\"optionIds\":[13],\"score\":0},\"8\":{\"optionIds\":[17],\"score\":3},\"9\":{\"optionIds\":[18],\"score\":3},\"10\":{\"optionIds\":[20],\"score\":1},\"11\":{\"optionIds\":[22],\"score\":1},\"12\":{\"optionIds\":[25],\"score\":0},\"13\":{\"optionIds\":[27],\"score\":0},\"14\":{\"optionIds\":[29],\"score\":0},\"15\":{\"optionIds\":[31],\"score\":0},\"16\":{\"optionIds\":[33],\"score\":0},\"17\":{\"optionIds\":[35],\"score\":0},\"18\":{\"optionIds\":[37],\"score\":0},\"19\":{\"optionIds\":[39],\"score\":0},\"20\":{\"optionIds\":[40],\"score\":5},\"21\":{\"optionIds\":[43],\"score\":0},\"22\":{\"optionIds\":[45],\"score\":0},\"23\":{\"optionIds\":[47],\"score\":0},\"24\":{\"optionIds\":[49],\"score\":0},\"25\":{\"optionIds\":[51],\"score\":0},\"26\":{\"optionIds\":[53],\"score\":0},\"27\":{\"optionIds\":[55],\"score\":0},\"28\":{\"optionIds\":[57],\"score\":0},\"29\":{\"optionIds\":[59],\"score\":0},\"30\":{\"optionIds\":[61],\"score\":0}}', '2026-06-06 14:47:18', '2026-06-08 10:00:29', '', '', '0');
INSERT INTO `cga_record` VALUES (33, 8, 1, 0, 3, NULL, NULL, '{\"1\":{\"optionIds\":[2],\"score\":0},\"2\":{\"optionIds\":[4],\"score\":0},\"3\":{\"optionIds\":[6],\"score\":0},\"4\":{\"optionIds\":[8],\"score\":0},\"5\":{\"optionIds\":[10],\"score\":0},\"6\":{\"optionIds\":[62],\"score\":0},\"7\":{\"optionIds\":[13],\"score\":0},\"8\":{\"optionIds\":[17],\"score\":3},\"9\":{\"optionIds\":[19],\"score\":0},\"10\":{\"optionIds\":[21],\"score\":0},\"11\":{\"optionIds\":[23],\"score\":0},\"12\":{\"optionIds\":[25],\"score\":0},\"13\":{\"optionIds\":[27],\"score\":0},\"14\":{\"optionIds\":[29],\"score\":0},\"15\":{\"optionIds\":[31],\"score\":0},\"16\":{\"optionIds\":[33],\"score\":0},\"17\":{\"optionIds\":[35],\"score\":0},\"18\":{\"optionIds\":[37],\"score\":0},\"19\":{\"optionIds\":[39],\"score\":0},\"20\":{\"optionIds\":[41],\"score\":0},\"21\":{\"optionIds\":[43],\"score\":0},\"22\":{\"optionIds\":[45],\"score\":0},\"23\":{\"optionIds\":[47],\"score\":0},\"24\":{\"optionIds\":[49],\"score\":0},\"25\":{\"optionIds\":[51],\"score\":0},\"26\":{\"optionIds\":[53],\"score\":0},\"27\":{\"optionIds\":[55],\"score\":0},\"28\":{\"optionIds\":[57],\"score\":0},\"29\":{\"optionIds\":[59],\"score\":0},\"30\":{\"optionIds\":[61],\"score\":0}}', '2026-06-06 14:50:58', '2026-06-08 10:00:29', '', '', '0');
INSERT INTO `cga_record` VALUES (34, 10, 1, 0, 99, NULL, NULL, '{\"1\":{\"optionIds\":[1],\"score\":8},\"2\":{\"optionIds\":[3],\"score\":7},\"3\":{\"optionIds\":[5],\"score\":5},\"4\":{\"optionIds\":[7],\"score\":8},\"5\":{\"optionIds\":[9],\"score\":8},\"6\":{\"optionIds\":[11],\"score\":0},\"7\":{\"optionIds\":[12],\"score\":2},\"8\":{\"optionIds\":[16],\"score\":2},\"9\":{\"optionIds\":[18],\"score\":3},\"10\":{\"optionIds\":[20],\"score\":1},\"11\":{\"optionIds\":[22],\"score\":1},\"12\":{\"optionIds\":[24],\"score\":1},\"13\":{\"optionIds\":[26],\"score\":1},\"14\":{\"optionIds\":[28],\"score\":1},\"15\":{\"optionIds\":[30],\"score\":3},\"16\":{\"optionIds\":[32],\"score\":3},\"17\":{\"optionIds\":[34],\"score\":3},\"18\":{\"optionIds\":[36],\"score\":6},\"19\":{\"optionIds\":[38],\"score\":4},\"20\":{\"optionIds\":[40],\"score\":5},\"21\":{\"optionIds\":[42],\"score\":6},\"22\":{\"optionIds\":[44],\"score\":1},\"23\":{\"optionIds\":[46],\"score\":1},\"24\":{\"optionIds\":[48],\"score\":1},\"25\":{\"optionIds\":[50],\"score\":1},\"26\":{\"optionIds\":[52],\"score\":3},\"27\":{\"optionIds\":[54],\"score\":3},\"28\":{\"optionIds\":[56],\"score\":6},\"29\":{\"optionIds\":[58],\"score\":3},\"30\":{\"optionIds\":[60],\"score\":2}}', '2026-06-06 15:16:29', '2026-06-08 10:00:29', '', '', '0');
INSERT INTO `cga_record` VALUES (35, 11, 1, 0, 41, NULL, NULL, '{\"1\":{\"optionIds\":[1],\"score\":8},\"2\":{\"optionIds\":[3],\"score\":7},\"3\":{\"optionIds\":[6],\"score\":0},\"4\":{\"optionIds\":[8],\"score\":0},\"5\":{\"optionIds\":[10],\"score\":0},\"6\":{\"optionIds\":[62],\"score\":0},\"7\":{\"optionIds\":[13],\"score\":0},\"8\":{\"optionIds\":[17],\"score\":3},\"9\":{\"optionIds\":[19],\"score\":0},\"10\":{\"optionIds\":[21],\"score\":0},\"11\":{\"optionIds\":[23],\"score\":0},\"12\":{\"optionIds\":[25],\"score\":0},\"13\":{\"optionIds\":[27],\"score\":0},\"14\":{\"optionIds\":[29],\"score\":0},\"15\":{\"optionIds\":[31],\"score\":0},\"16\":{\"optionIds\":[33],\"score\":0},\"17\":{\"optionIds\":[35],\"score\":0},\"18\":{\"optionIds\":[36],\"score\":6},\"19\":{\"optionIds\":[38],\"score\":4},\"20\":{\"optionIds\":[40],\"score\":5},\"21\":{\"optionIds\":[42],\"score\":6},\"22\":{\"optionIds\":[44],\"score\":1},\"23\":{\"optionIds\":[46],\"score\":1},\"24\":{\"optionIds\":[49],\"score\":0},\"25\":{\"optionIds\":[51],\"score\":0},\"26\":{\"optionIds\":[53],\"score\":0},\"27\":{\"optionIds\":[55],\"score\":0},\"28\":{\"optionIds\":[57],\"score\":0},\"29\":{\"optionIds\":[59],\"score\":0},\"30\":{\"optionIds\":[61],\"score\":0}}', '2026-06-08 08:45:14', '2026-06-08 10:00:29', '', '', '0');
INSERT INTO `cga_record` VALUES (36, 11, 1, 0, 3, NULL, NULL, '{\"1\":{\"optionIds\":[2],\"score\":0},\"2\":{\"optionIds\":[4],\"score\":0},\"3\":{\"optionIds\":[6],\"score\":0},\"4\":{\"optionIds\":[8],\"score\":0},\"5\":{\"optionIds\":[10],\"score\":0},\"6\":{\"optionIds\":[62],\"score\":0},\"7\":{\"optionIds\":[13],\"score\":0},\"8\":{\"optionIds\":[17],\"score\":3},\"9\":{\"optionIds\":[19],\"score\":0},\"10\":{\"optionIds\":[21],\"score\":0},\"11\":{\"optionIds\":[23],\"score\":0},\"12\":{\"optionIds\":[25],\"score\":0},\"13\":{\"optionIds\":[27],\"score\":0},\"14\":{\"optionIds\":[29],\"score\":0},\"15\":{\"optionIds\":[31],\"score\":0},\"16\":{\"optionIds\":[33],\"score\":0},\"17\":{\"optionIds\":[35],\"score\":0},\"18\":{\"optionIds\":[37],\"score\":0},\"19\":{\"optionIds\":[39],\"score\":0},\"20\":{\"optionIds\":[41],\"score\":0},\"21\":{\"optionIds\":[43],\"score\":0},\"22\":{\"optionIds\":[45],\"score\":0},\"23\":{\"optionIds\":[47],\"score\":0},\"24\":{\"optionIds\":[49],\"score\":0},\"25\":{\"optionIds\":[51],\"score\":0},\"26\":{\"optionIds\":[53],\"score\":0},\"27\":{\"optionIds\":[55],\"score\":0},\"28\":{\"optionIds\":[57],\"score\":0},\"29\":{\"optionIds\":[59],\"score\":0},\"30\":{\"optionIds\":[61],\"score\":0}}', '2026-06-08 08:46:12', '2026-06-08 10:00:29', '', '', '0');
INSERT INTO `cga_record` VALUES (37, 12, 1, 0, 33, NULL, NULL, '{\"1\":{\"optionIds\":[1],\"score\":8},\"2\":{\"optionIds\":[3],\"score\":7},\"3\":{\"optionIds\":[5],\"score\":5},\"4\":{\"optionIds\":[7],\"score\":8},\"5\":{\"optionIds\":[10],\"score\":0},\"6\":{\"optionIds\":[62],\"score\":0},\"7\":{\"optionIds\":[13],\"score\":0},\"8\":{\"optionIds\":[17],\"score\":3},\"9\":{\"optionIds\":[19],\"score\":0},\"10\":{\"optionIds\":[21],\"score\":0},\"11\":{\"optionIds\":[23],\"score\":0},\"12\":{\"optionIds\":[25],\"score\":0},\"13\":{\"optionIds\":[27],\"score\":0},\"14\":{\"optionIds\":[29],\"score\":0},\"15\":{\"optionIds\":[31],\"score\":0},\"16\":{\"optionIds\":[33],\"score\":0},\"17\":{\"optionIds\":[35],\"score\":0},\"18\":{\"optionIds\":[37],\"score\":0},\"19\":{\"optionIds\":[39],\"score\":0},\"20\":{\"optionIds\":[41],\"score\":0},\"21\":{\"optionIds\":[43],\"score\":0},\"22\":{\"optionIds\":[45],\"score\":0},\"23\":{\"optionIds\":[47],\"score\":0},\"24\":{\"optionIds\":[49],\"score\":0},\"25\":{\"optionIds\":[51],\"score\":0},\"26\":{\"optionIds\":[53],\"score\":0},\"27\":{\"optionIds\":[55],\"score\":0},\"28\":{\"optionIds\":[57],\"score\":0},\"29\":{\"optionIds\":[59],\"score\":0},\"30\":{\"optionIds\":[60],\"score\":2}}', '2026-06-08 08:53:01', '2026-06-08 10:00:29', '', '', '0');
INSERT INTO `cga_record` VALUES (38, 13, 1, 0, 46, NULL, NULL, '{\"1\":{\"optionIds\":[1],\"score\":8},\"2\":{\"optionIds\":[3],\"score\":7},\"3\":{\"optionIds\":[5],\"score\":5},\"4\":{\"optionIds\":[7],\"score\":8},\"5\":{\"optionIds\":[9],\"score\":8},\"6\":{\"optionIds\":[11],\"score\":0},\"7\":{\"optionIds\":[12],\"score\":2},\"8\":{\"optionIds\":[17],\"score\":3},\"9\":{\"optionIds\":[18],\"score\":3},\"10\":{\"optionIds\":[20],\"score\":1},\"11\":{\"optionIds\":[22],\"score\":1},\"12\":{\"optionIds\":[25],\"score\":0},\"13\":{\"optionIds\":[27],\"score\":0},\"14\":{\"optionIds\":[29],\"score\":0},\"15\":{\"optionIds\":[31],\"score\":0},\"16\":{\"optionIds\":[33],\"score\":0},\"17\":{\"optionIds\":[35],\"score\":0},\"18\":{\"optionIds\":[37],\"score\":0},\"19\":{\"optionIds\":[39],\"score\":0},\"20\":{\"optionIds\":[41],\"score\":0},\"21\":{\"optionIds\":[43],\"score\":0},\"22\":{\"optionIds\":[45],\"score\":0},\"23\":{\"optionIds\":[47],\"score\":0},\"24\":{\"optionIds\":[49],\"score\":0},\"25\":{\"optionIds\":[51],\"score\":0},\"26\":{\"optionIds\":[53],\"score\":0},\"27\":{\"optionIds\":[55],\"score\":0},\"28\":{\"optionIds\":[57],\"score\":0},\"29\":{\"optionIds\":[59],\"score\":0},\"30\":{\"optionIds\":[61],\"score\":0}}', '2026-06-08 09:13:02', '2026-06-08 10:00:29', '', '', '0');
INSERT INTO `cga_record` VALUES (39, 14, 1, 0, 3, NULL, NULL, '{\"1\":{\"optionIds\":[2],\"score\":0},\"2\":{\"optionIds\":[4],\"score\":0},\"3\":{\"optionIds\":[6],\"score\":0},\"4\":{\"optionIds\":[8],\"score\":0},\"5\":{\"optionIds\":[10],\"score\":0},\"6\":{\"optionIds\":[62],\"score\":0},\"7\":{\"optionIds\":[13],\"score\":0},\"8\":{\"optionIds\":[17],\"score\":3},\"9\":{\"optionIds\":[19],\"score\":0},\"10\":{\"optionIds\":[21],\"score\":0},\"11\":{\"optionIds\":[23],\"score\":0},\"12\":{\"optionIds\":[25],\"score\":0},\"13\":{\"optionIds\":[27],\"score\":0},\"14\":{\"optionIds\":[29],\"score\":0},\"15\":{\"optionIds\":[31],\"score\":0},\"16\":{\"optionIds\":[33],\"score\":0},\"17\":{\"optionIds\":[35],\"score\":0},\"18\":{\"optionIds\":[37],\"score\":0},\"19\":{\"optionIds\":[39],\"score\":0},\"20\":{\"optionIds\":[41],\"score\":0},\"21\":{\"optionIds\":[43],\"score\":0},\"22\":{\"optionIds\":[45],\"score\":0},\"23\":{\"optionIds\":[47],\"score\":0},\"24\":{\"optionIds\":[49],\"score\":0},\"25\":{\"optionIds\":[51],\"score\":0},\"26\":{\"optionIds\":[53],\"score\":0},\"27\":{\"optionIds\":[55],\"score\":0},\"28\":{\"optionIds\":[57],\"score\":0},\"29\":{\"optionIds\":[59],\"score\":0},\"30\":{\"optionIds\":[61],\"score\":0}}', '2026-06-08 10:20:49', '2026-06-08 10:20:49', '', '', '0');
INSERT INTO `cga_record` VALUES (40, 14, 1, 22, 0, NULL, NULL, '{\"52\":{\"optionIds\":[],\"score\":0},\"53\":{\"optionIds\":[],\"score\":0},\"54\":{\"optionIds\":[],\"score\":0},\"55\":{\"optionIds\":[],\"score\":0},\"56\":{\"optionIds\":[],\"score\":0},\"57\":{\"optionIds\":[],\"score\":0},\"58\":{\"optionIds\":[],\"score\":0},\"59\":{\"optionIds\":[],\"score\":0},\"60\":{\"optionIds\":[],\"score\":0},\"61\":{\"optionIds\":[],\"score\":0}}', '2026-06-08 10:41:16', '2026-06-08 10:41:16', '', '', '0');
INSERT INTO `cga_record` VALUES (41, 14, 1, 22, 65, '轻度依赖', '基本日常生活活动能力轻度依赖，建议鼓励患者在安全前提下独立完成日常活动，必要时给予辅助和康复指导。', '{\"52\":{\"optionIds\":[63],\"score\":10},\"53\":{\"optionIds\":[66],\"score\":5},\"54\":{\"optionIds\":[69],\"score\":0},\"55\":{\"optionIds\":[71],\"score\":5},\"56\":{\"optionIds\":[75],\"score\":0},\"57\":{\"optionIds\":[76],\"score\":10},\"58\":{\"optionIds\":[79],\"score\":10},\"59\":{\"optionIds\":[82],\"score\":15},\"60\":{\"optionIds\":[89],\"score\":0},\"61\":{\"optionIds\":[90],\"score\":10}}', '2026-06-08 10:50:03', '2026-06-08 10:50:03', '', '', '0');
INSERT INTO `cga_record` VALUES (42, 15, 1, 0, 24, NULL, NULL, '{\"1\":{\"optionIds\":[2],\"score\":0},\"2\":{\"optionIds\":[4],\"score\":0},\"3\":{\"optionIds\":[5],\"score\":5},\"4\":{\"optionIds\":[7],\"score\":8},\"5\":{\"optionIds\":[10],\"score\":0},\"6\":{\"optionIds\":[11],\"score\":0},\"7\":{\"optionIds\":[12],\"score\":2},\"8\":{\"optionIds\":[15],\"score\":1},\"9\":{\"optionIds\":[18],\"score\":3},\"10\":{\"optionIds\":[20],\"score\":1},\"11\":{\"optionIds\":[22],\"score\":1},\"12\":{\"optionIds\":[24],\"score\":1},\"13\":{\"optionIds\":[26],\"score\":1},\"14\":{\"optionIds\":[28],\"score\":1},\"15\":{\"optionIds\":[31],\"score\":0},\"16\":{\"optionIds\":[33],\"score\":0},\"17\":{\"optionIds\":[35],\"score\":0},\"18\":{\"optionIds\":[37],\"score\":0},\"19\":{\"optionIds\":[39],\"score\":0},\"20\":{\"optionIds\":[41],\"score\":0},\"21\":{\"optionIds\":[43],\"score\":0},\"22\":{\"optionIds\":[45],\"score\":0},\"23\":{\"optionIds\":[47],\"score\":0},\"24\":{\"optionIds\":[49],\"score\":0},\"25\":{\"optionIds\":[51],\"score\":0},\"26\":{\"optionIds\":[53],\"score\":0},\"27\":{\"optionIds\":[55],\"score\":0},\"28\":{\"optionIds\":[57],\"score\":0},\"29\":{\"optionIds\":[59],\"score\":0},\"30\":{\"optionIds\":[61],\"score\":0}}', '2026-06-08 11:28:55', '2026-06-08 11:28:55', '', '', '0');
INSERT INTO `cga_record` VALUES (43, 16, 1, 0, 1, NULL, NULL, '{\"1\":{\"optionIds\":[2],\"score\":0},\"2\":{\"optionIds\":[4],\"score\":0},\"3\":{\"optionIds\":[6],\"score\":0},\"4\":{\"optionIds\":[8],\"score\":0},\"5\":{\"optionIds\":[10],\"score\":0},\"6\":{\"optionIds\":[62],\"score\":0},\"7\":{\"optionIds\":[13],\"score\":0},\"8\":{\"optionIds\":[15],\"score\":1},\"9\":{\"optionIds\":[19],\"score\":0},\"10\":{\"optionIds\":[21],\"score\":0},\"11\":{\"optionIds\":[23],\"score\":0},\"12\":{\"optionIds\":[25],\"score\":0},\"13\":{\"optionIds\":[27],\"score\":0},\"14\":{\"optionIds\":[29],\"score\":0},\"15\":{\"optionIds\":[31],\"score\":0},\"16\":{\"optionIds\":[33],\"score\":0},\"17\":{\"optionIds\":[35],\"score\":0},\"18\":{\"optionIds\":[37],\"score\":0},\"19\":{\"optionIds\":[39],\"score\":0},\"20\":{\"optionIds\":[41],\"score\":0},\"21\":{\"optionIds\":[43],\"score\":0},\"22\":{\"optionIds\":[45],\"score\":0},\"23\":{\"optionIds\":[47],\"score\":0},\"24\":{\"optionIds\":[49],\"score\":0},\"25\":{\"optionIds\":[51],\"score\":0},\"26\":{\"optionIds\":[53],\"score\":0},\"27\":{\"optionIds\":[55],\"score\":0},\"28\":{\"optionIds\":[57],\"score\":0},\"29\":{\"optionIds\":[59],\"score\":0},\"30\":{\"optionIds\":[61],\"score\":0}}', '2026-06-08 14:34:43', '2026-06-08 14:34:43', '', '', '0');
INSERT INTO `cga_record` VALUES (44, 16, 1, 0, 0, NULL, NULL, '{\"1\":{\"optionIds\":[2],\"score\":0},\"2\":{\"optionIds\":[4],\"score\":0},\"3\":{\"optionIds\":[6],\"score\":0},\"4\":{\"optionIds\":[8],\"score\":0},\"5\":{\"optionIds\":[10],\"score\":0},\"6\":{\"optionIds\":[11],\"score\":0},\"7\":{\"optionIds\":[13],\"score\":0},\"8\":{\"optionIds\":[14],\"score\":0},\"9\":{\"optionIds\":[19],\"score\":0},\"10\":{\"optionIds\":[21],\"score\":0},\"11\":{\"optionIds\":[23],\"score\":0},\"12\":{\"optionIds\":[25],\"score\":0},\"13\":{\"optionIds\":[27],\"score\":0},\"14\":{\"optionIds\":[29],\"score\":0},\"15\":{\"optionIds\":[31],\"score\":0},\"16\":{\"optionIds\":[33],\"score\":0},\"17\":{\"optionIds\":[35],\"score\":0},\"18\":{\"optionIds\":[37],\"score\":0},\"19\":{\"optionIds\":[39],\"score\":0},\"20\":{\"optionIds\":[41],\"score\":0},\"21\":{\"optionIds\":[43],\"score\":0},\"22\":{\"optionIds\":[45],\"score\":0},\"23\":{\"optionIds\":[47],\"score\":0},\"24\":{\"optionIds\":[49],\"score\":0},\"25\":{\"optionIds\":[51],\"score\":0},\"26\":{\"optionIds\":[53],\"score\":0},\"27\":{\"optionIds\":[55],\"score\":0},\"28\":{\"optionIds\":[57],\"score\":0},\"29\":{\"optionIds\":[59],\"score\":0},\"30\":{\"optionIds\":[61],\"score\":0}}', '2026-06-08 14:59:34', '2026-06-08 14:59:34', '', '', '0');
INSERT INTO `cga_record` VALUES (45, 16, 1, 22, 65, '轻度依赖', '基本日常生活活动能力轻度依赖，建议鼓励患者在安全前提下独立完成日常活动，必要时给予辅助和康复指导。', '{\"52\":{\"optionIds\":[63],\"score\":10},\"53\":{\"optionIds\":[67],\"score\":0},\"54\":{\"optionIds\":[68],\"score\":5},\"55\":{\"optionIds\":[70],\"score\":10},\"56\":{\"optionIds\":[74],\"score\":5},\"57\":{\"optionIds\":[77],\"score\":5},\"58\":{\"optionIds\":[80],\"score\":5},\"59\":{\"optionIds\":[83],\"score\":10},\"60\":{\"optionIds\":[87],\"score\":10},\"61\":{\"optionIds\":[91],\"score\":5}}', '2026-06-08 15:09:46', '2026-06-08 15:09:46', '', '', '0');
INSERT INTO `cga_record` VALUES (46, 16, 1, 22, 50, '中度依赖', '基本日常生活活动能力中度依赖，建议给予部分生活照护，重点关注转移、行走、上下楼梯等风险环节，并进行针对性功能训练。', '{\"52\":{\"optionIds\":[64],\"score\":5},\"53\":{\"optionIds\":[67],\"score\":0},\"54\":{\"optionIds\":[69],\"score\":0},\"55\":{\"optionIds\":[71],\"score\":5},\"56\":{\"optionIds\":[74],\"score\":5},\"57\":{\"optionIds\":[77],\"score\":5},\"58\":{\"optionIds\":[80],\"score\":5},\"59\":{\"optionIds\":[83],\"score\":10},\"60\":{\"optionIds\":[87],\"score\":10},\"61\":{\"optionIds\":[91],\"score\":5}}', '2026-06-08 15:23:21', '2026-06-08 15:23:21', '', '', '0');
INSERT INTO `cga_record` VALUES (47, 16, 1, 22, 100, '无依赖', '基本日常生活活动能力无依赖，建议保持现有活动能力，定期随访复评。', '{\"52\":{\"optionIds\":[63],\"score\":10},\"53\":{\"optionIds\":[66],\"score\":5},\"54\":{\"optionIds\":[68],\"score\":5},\"55\":{\"optionIds\":[70],\"score\":10},\"56\":{\"optionIds\":[73],\"score\":10},\"57\":{\"optionIds\":[76],\"score\":10},\"58\":{\"optionIds\":[79],\"score\":10},\"59\":{\"optionIds\":[82],\"score\":15},\"60\":{\"optionIds\":[86],\"score\":15},\"61\":{\"optionIds\":[90],\"score\":10}}', '2026-06-08 16:28:05', '2026-06-08 16:28:05', '', '', '0');
INSERT INTO `cga_record` VALUES (48, 17, 1, 22, 95, '轻度依赖', '基本日常生活活动能力轻度依赖，建议鼓励患者在安全前提下独立完成日常活动，必要时给予辅助和康复指导。', '{\"52\":{\"optionIds\":[63],\"score\":10},\"53\":{\"optionIds\":[66],\"score\":5},\"54\":{\"optionIds\":[68],\"score\":5},\"55\":{\"optionIds\":[70],\"score\":10},\"56\":{\"optionIds\":[74],\"score\":5},\"57\":{\"optionIds\":[76],\"score\":10},\"58\":{\"optionIds\":[79],\"score\":10},\"59\":{\"optionIds\":[82],\"score\":15},\"60\":{\"optionIds\":[86],\"score\":15},\"61\":{\"optionIds\":[90],\"score\":10}}', '2026-06-08 17:09:32', '2026-06-08 17:09:32', '', '', '0');
INSERT INTO `cga_record` VALUES (49, 19, 1, 22, 50, '中度依赖', '基本日常生活活动能力中度依赖，建议给予部分生活照护，重点关注转移、行走、上下楼梯等风险环节，并进行针对性功能训练。', '{\"52\":{\"optionIds\":[63],\"score\":10},\"53\":{\"optionIds\":[66],\"score\":5},\"54\":{\"optionIds\":[68],\"score\":5},\"55\":{\"optionIds\":[71],\"score\":5},\"56\":{\"optionIds\":[74],\"score\":5},\"57\":{\"optionIds\":[77],\"score\":5},\"58\":{\"optionIds\":[81],\"score\":0},\"59\":{\"optionIds\":[83],\"score\":10},\"60\":{\"optionIds\":[89],\"score\":0},\"61\":{\"optionIds\":[91],\"score\":5}}', '2026-06-08 17:21:35', '2026-06-08 17:21:35', '', '', '0');
INSERT INTO `cga_record` VALUES (50, 20, 1, 22, 90, '轻度依赖', '基本日常生活活动能力轻度依赖，建议鼓励患者在安全前提下独立完成日常活动，必要时给予辅助和康复指导。', '{\"52\":{\"optionIds\":[65],\"score\":0},\"53\":{\"optionIds\":[66],\"score\":5},\"54\":{\"optionIds\":[68],\"score\":5},\"55\":{\"optionIds\":[70],\"score\":10},\"56\":{\"optionIds\":[73],\"score\":10},\"57\":{\"optionIds\":[76],\"score\":10},\"58\":{\"optionIds\":[79],\"score\":10},\"59\":{\"optionIds\":[82],\"score\":15},\"60\":{\"optionIds\":[86],\"score\":15},\"61\":{\"optionIds\":[90],\"score\":10}}', '2026-06-08 17:26:44', '2026-06-08 17:26:44', '', '', '0');
INSERT INTO `cga_record` VALUES (51, 21, 1, 22, 85, '轻度依赖', '基本日常生活活动能力轻度依赖，建议鼓励患者在安全前提下独立完成日常活动，必要时给予辅助和康复指导。', '{\"52\":{\"optionIds\":[63],\"score\":10},\"53\":{\"optionIds\":[66],\"score\":5},\"54\":{\"optionIds\":[68],\"score\":5},\"55\":{\"optionIds\":[70],\"score\":10},\"56\":{\"optionIds\":[73],\"score\":10},\"57\":{\"optionIds\":[76],\"score\":10},\"58\":{\"optionIds\":[79],\"score\":10},\"59\":{\"optionIds\":[85],\"score\":0},\"60\":{\"optionIds\":[86],\"score\":15},\"61\":{\"optionIds\":[90],\"score\":10}}', '2026-06-08 17:30:47', '2026-06-08 17:30:47', '', '', '0');
INSERT INTO `cga_record` VALUES (52, 21, 1, 22, 100, '无依赖', '基本日常生活活动能力无依赖，建议保持现有活动能力，定期随访复评。', '{\"52\":{\"optionIds\":[63],\"score\":10},\"53\":{\"optionIds\":[66],\"score\":5},\"54\":{\"optionIds\":[68],\"score\":5},\"55\":{\"optionIds\":[70],\"score\":10},\"56\":{\"optionIds\":[73],\"score\":10},\"57\":{\"optionIds\":[76],\"score\":10},\"58\":{\"optionIds\":[79],\"score\":10},\"59\":{\"optionIds\":[82],\"score\":15},\"60\":{\"optionIds\":[86],\"score\":15},\"61\":{\"optionIds\":[90],\"score\":10}}', '2026-06-08 17:31:19', '2026-06-08 17:31:19', '', '', '0');
INSERT INTO `cga_record` VALUES (53, 22, 1, 21, 100, '无依赖', '基本日常生活活动能力无依赖，建议保持现有活动能力，定期随访复评。', '{\"52\":{\"optionIds\":[63],\"score\":10},\"53\":{\"optionIds\":[66],\"score\":5},\"54\":{\"optionIds\":[68],\"score\":5},\"55\":{\"optionIds\":[70],\"score\":10},\"56\":{\"optionIds\":[73],\"score\":10},\"57\":{\"optionIds\":[76],\"score\":10},\"58\":{\"optionIds\":[79],\"score\":10},\"59\":{\"optionIds\":[82],\"score\":15},\"60\":{\"optionIds\":[86],\"score\":15},\"61\":{\"optionIds\":[90],\"score\":10}}', '2026-06-08 17:54:21', '2026-06-08 17:54:21', '', '', '0');
INSERT INTO `cga_record` VALUES (54, 22, 1, 0, 0, NULL, NULL, '{\"1\":{\"optionIds\":[2],\"score\":0},\"2\":{\"optionIds\":[4],\"score\":0},\"3\":{\"optionIds\":[6],\"score\":0},\"4\":{\"optionIds\":[8],\"score\":0},\"5\":{\"optionIds\":[10],\"score\":0},\"6\":{\"optionIds\":[62],\"score\":0},\"7\":{\"optionIds\":[13],\"score\":0},\"8\":{\"optionIds\":[14],\"score\":0},\"9\":{\"optionIds\":[19],\"score\":0},\"10\":{\"optionIds\":[21],\"score\":0},\"11\":{\"optionIds\":[23],\"score\":0},\"12\":{\"optionIds\":[25],\"score\":0},\"13\":{\"optionIds\":[27],\"score\":0},\"14\":{\"optionIds\":[29],\"score\":0},\"15\":{\"optionIds\":[31],\"score\":0},\"16\":{\"optionIds\":[33],\"score\":0},\"17\":{\"optionIds\":[35],\"score\":0},\"18\":{\"optionIds\":[37],\"score\":0},\"19\":{\"optionIds\":[39],\"score\":0},\"20\":{\"optionIds\":[41],\"score\":0},\"21\":{\"optionIds\":[43],\"score\":0},\"22\":{\"optionIds\":[45],\"score\":0},\"23\":{\"optionIds\":[47],\"score\":0},\"24\":{\"optionIds\":[49],\"score\":0},\"25\":{\"optionIds\":[51],\"score\":0},\"26\":{\"optionIds\":[53],\"score\":0},\"27\":{\"optionIds\":[55],\"score\":0},\"28\":{\"optionIds\":[57],\"score\":0},\"29\":{\"optionIds\":[59],\"score\":0},\"30\":{\"optionIds\":[61],\"score\":0}}', '2026-06-08 17:55:35', '2026-06-08 17:55:35', '', '', '0');
INSERT INTO `cga_record` VALUES (55, 22, 1, 21, 50, '中度依赖', '基本日常生活活动能力中度依赖，建议给予部分生活照护，重点关注转移、行走、上下楼梯等风险环节，并进行针对性功能训练。', '{\"52\":{\"optionIds\":[64],\"score\":5},\"53\":{\"optionIds\":[67],\"score\":0},\"54\":{\"optionIds\":[69],\"score\":0},\"55\":{\"optionIds\":[71],\"score\":5},\"56\":{\"optionIds\":[74],\"score\":5},\"57\":{\"optionIds\":[77],\"score\":5},\"58\":{\"optionIds\":[80],\"score\":5},\"59\":{\"optionIds\":[83],\"score\":10},\"60\":{\"optionIds\":[87],\"score\":10},\"61\":{\"optionIds\":[91],\"score\":5}}', '2026-06-09 08:36:42', '2026-06-09 08:36:42', '', '', '0');
INSERT INTO `cga_record` VALUES (56, 22, 1, 21, 100, '无依赖', '基本日常生活活动能力无依赖，建议保持现有活动能力，定期随访复评。', '{\"52\":{\"optionIds\":[63],\"score\":10},\"53\":{\"optionIds\":[66],\"score\":5},\"54\":{\"optionIds\":[68],\"score\":5},\"55\":{\"optionIds\":[70],\"score\":10},\"56\":{\"optionIds\":[73],\"score\":10},\"57\":{\"optionIds\":[76],\"score\":10},\"58\":{\"optionIds\":[79],\"score\":10},\"59\":{\"optionIds\":[82],\"score\":15},\"60\":{\"optionIds\":[86],\"score\":15},\"61\":{\"optionIds\":[90],\"score\":10}}', '2026-06-09 08:37:15', '2026-06-09 08:37:15', '', '', '0');
INSERT INTO `cga_record` VALUES (57, 23, 1, 21, 65, '轻度依赖', '基本日常生活活动能力轻度依赖，建议鼓励患者在安全前提下独立完成日常活动，必要时给予辅助和康复指导。', '{\"52\":{\"optionIds\":[63],\"score\":10},\"53\":{\"optionIds\":[66],\"score\":5},\"54\":{\"optionIds\":[69],\"score\":0},\"55\":{\"optionIds\":[71],\"score\":5},\"56\":{\"optionIds\":[74],\"score\":5},\"57\":{\"optionIds\":[77],\"score\":5},\"58\":{\"optionIds\":[80],\"score\":5},\"59\":{\"optionIds\":[83],\"score\":10},\"60\":{\"optionIds\":[87],\"score\":10},\"61\":{\"optionIds\":[90],\"score\":10}}', '2026-06-09 08:38:05', '2026-06-09 08:38:05', '', '', '0');
INSERT INTO `cga_record` VALUES (58, 23, 1, 21, 100, '无依赖', '基本日常生活活动能力无依赖，建议保持现有活动能力，定期随访复评。', '{\"52\":{\"optionIds\":[63],\"score\":10},\"53\":{\"optionIds\":[66],\"score\":5},\"54\":{\"optionIds\":[68],\"score\":5},\"55\":{\"optionIds\":[70],\"score\":10},\"56\":{\"optionIds\":[73],\"score\":10},\"57\":{\"optionIds\":[76],\"score\":10},\"58\":{\"optionIds\":[79],\"score\":10},\"59\":{\"optionIds\":[82],\"score\":15},\"60\":{\"optionIds\":[86],\"score\":15},\"61\":{\"optionIds\":[90],\"score\":10}}', '2026-06-09 08:57:58', '2026-06-09 08:57:58', '', '', '0');
INSERT INTO `cga_record` VALUES (59, 23, 1, 0, 100, NULL, NULL, '{\"1\":{\"optionIds\":[1],\"score\":8},\"2\":{\"optionIds\":[3],\"score\":7},\"3\":{\"optionIds\":[5],\"score\":5},\"4\":{\"optionIds\":[7],\"score\":8},\"5\":{\"optionIds\":[9],\"score\":8},\"6\":{\"optionIds\":[11],\"score\":0},\"7\":{\"optionIds\":[12],\"score\":2},\"8\":{\"optionIds\":[17],\"score\":3},\"9\":{\"optionIds\":[18],\"score\":3},\"10\":{\"optionIds\":[20],\"score\":1},\"11\":{\"optionIds\":[22],\"score\":1},\"12\":{\"optionIds\":[24],\"score\":1},\"13\":{\"optionIds\":[26],\"score\":1},\"14\":{\"optionIds\":[28],\"score\":1},\"15\":{\"optionIds\":[30],\"score\":3},\"16\":{\"optionIds\":[32],\"score\":3},\"17\":{\"optionIds\":[34],\"score\":3},\"18\":{\"optionIds\":[36],\"score\":6},\"19\":{\"optionIds\":[38],\"score\":4},\"20\":{\"optionIds\":[40],\"score\":5},\"21\":{\"optionIds\":[42],\"score\":6},\"22\":{\"optionIds\":[44],\"score\":1},\"23\":{\"optionIds\":[46],\"score\":1},\"24\":{\"optionIds\":[48],\"score\":1},\"25\":{\"optionIds\":[50],\"score\":1},\"26\":{\"optionIds\":[52],\"score\":3},\"27\":{\"optionIds\":[54],\"score\":3},\"28\":{\"optionIds\":[56],\"score\":6},\"29\":{\"optionIds\":[58],\"score\":3},\"30\":{\"optionIds\":[60],\"score\":2}}', '2026-06-09 10:33:11', '2026-06-09 10:33:11', '', '', '0');
INSERT INTO `cga_record` VALUES (60, 22, 1, 0, 17, NULL, NULL, '{\"1\":{\"optionIds\":[2],\"score\":0},\"2\":{\"optionIds\":[4],\"score\":0},\"3\":{\"optionIds\":[6],\"score\":0},\"4\":{\"optionIds\":[7],\"score\":8},\"5\":{\"optionIds\":[10],\"score\":0},\"6\":{\"optionIds\":[62],\"score\":0},\"7\":{\"optionIds\":[13],\"score\":0},\"8\":{\"optionIds\":[17],\"score\":3},\"9\":{\"optionIds\":[19],\"score\":0},\"10\":{\"optionIds\":[21],\"score\":0},\"11\":{\"optionIds\":[23],\"score\":0},\"12\":{\"optionIds\":[25],\"score\":0},\"13\":{\"optionIds\":[27],\"score\":0},\"14\":{\"optionIds\":[29],\"score\":0},\"15\":{\"optionIds\":[30],\"score\":3},\"16\":{\"optionIds\":[32],\"score\":3},\"17\":{\"optionIds\":[35],\"score\":0},\"18\":{\"optionIds\":[37],\"score\":0},\"19\":{\"optionIds\":[39],\"score\":0},\"20\":{\"optionIds\":[41],\"score\":0},\"21\":{\"optionIds\":[43],\"score\":0},\"22\":{\"optionIds\":[45],\"score\":0},\"23\":{\"optionIds\":[47],\"score\":0},\"24\":{\"optionIds\":[49],\"score\":0},\"25\":{\"optionIds\":[51],\"score\":0},\"26\":{\"optionIds\":[53],\"score\":0},\"27\":{\"optionIds\":[55],\"score\":0},\"28\":{\"optionIds\":[57],\"score\":0},\"29\":{\"optionIds\":[59],\"score\":0},\"30\":{\"optionIds\":[61],\"score\":0}}', '2026-06-09 10:40:53', '2026-06-09 10:40:53', '', '', '0');
INSERT INTO `cga_record` VALUES (61, 24, 1, 0, 11, NULL, NULL, '{\"1\":{\"optionIds\":[1],\"score\":8},\"2\":{\"optionIds\":[4],\"score\":0},\"3\":{\"optionIds\":[6],\"score\":0},\"4\":{\"optionIds\":[8],\"score\":0},\"5\":{\"optionIds\":[10],\"score\":0},\"6\":{\"optionIds\":[62],\"score\":0},\"7\":{\"optionIds\":[13],\"score\":0},\"8\":{\"optionIds\":[17],\"score\":3},\"9\":{\"optionIds\":[19],\"score\":0},\"10\":{\"optionIds\":[21],\"score\":0},\"11\":{\"optionIds\":[23],\"score\":0},\"12\":{\"optionIds\":[25],\"score\":0},\"13\":{\"optionIds\":[27],\"score\":0},\"14\":{\"optionIds\":[29],\"score\":0},\"15\":{\"optionIds\":[31],\"score\":0},\"16\":{\"optionIds\":[33],\"score\":0},\"17\":{\"optionIds\":[35],\"score\":0},\"18\":{\"optionIds\":[37],\"score\":0},\"19\":{\"optionIds\":[39],\"score\":0},\"20\":{\"optionIds\":[41],\"score\":0},\"21\":{\"optionIds\":[43],\"score\":0},\"22\":{\"optionIds\":[45],\"score\":0},\"23\":{\"optionIds\":[47],\"score\":0},\"24\":{\"optionIds\":[49],\"score\":0},\"25\":{\"optionIds\":[51],\"score\":0},\"26\":{\"optionIds\":[53],\"score\":0},\"27\":{\"optionIds\":[55],\"score\":0},\"28\":{\"optionIds\":[57],\"score\":0},\"29\":{\"optionIds\":[59],\"score\":0},\"30\":{\"optionIds\":[61],\"score\":0}}', '2026-06-09 11:07:18', '2026-06-09 11:07:18', '', '', '0');
INSERT INTO `cga_record` VALUES (62, 22, 1, 0, 3, NULL, NULL, '{\"1\":{\"optionIds\":[2],\"score\":0},\"2\":{\"optionIds\":[4],\"score\":0},\"3\":{\"optionIds\":[6],\"score\":0},\"4\":{\"optionIds\":[8],\"score\":0},\"5\":{\"optionIds\":[10],\"score\":0},\"6\":{\"optionIds\":[62],\"score\":0},\"7\":{\"optionIds\":[13],\"score\":0},\"8\":{\"optionIds\":[17],\"score\":3},\"9\":{\"optionIds\":[19],\"score\":0},\"10\":{\"optionIds\":[21],\"score\":0},\"11\":{\"optionIds\":[23],\"score\":0},\"12\":{\"optionIds\":[25],\"score\":0},\"13\":{\"optionIds\":[27],\"score\":0},\"14\":{\"optionIds\":[29],\"score\":0},\"15\":{\"optionIds\":[31],\"score\":0},\"16\":{\"optionIds\":[33],\"score\":0},\"17\":{\"optionIds\":[35],\"score\":0},\"18\":{\"optionIds\":[37],\"score\":0},\"19\":{\"optionIds\":[39],\"score\":0},\"20\":{\"optionIds\":[41],\"score\":0},\"21\":{\"optionIds\":[43],\"score\":0},\"22\":{\"optionIds\":[45],\"score\":0},\"23\":{\"optionIds\":[47],\"score\":0},\"24\":{\"optionIds\":[49],\"score\":0},\"25\":{\"optionIds\":[51],\"score\":0},\"26\":{\"optionIds\":[53],\"score\":0},\"27\":{\"optionIds\":[55],\"score\":0},\"28\":{\"optionIds\":[57],\"score\":0},\"29\":{\"optionIds\":[59],\"score\":0},\"30\":{\"optionIds\":[61],\"score\":0}}', '2026-06-09 11:22:25', '2026-06-09 11:22:25', '', '', '0');
INSERT INTO `cga_record` VALUES (63, 22, 1, 21, 50, '中度依赖', '基本日常生活活动能力中度依赖，建议给予部分生活照护，重点关注转移、行走、上下楼梯等风险环节，并进行针对性功能训练。', '{\"52\":{\"optionIds\":[65],\"score\":0},\"53\":{\"optionIds\":[67],\"score\":0},\"54\":{\"optionIds\":[69],\"score\":0},\"55\":{\"optionIds\":[70],\"score\":10},\"56\":{\"optionIds\":[74],\"score\":5},\"57\":{\"optionIds\":[76],\"score\":10},\"58\":{\"optionIds\":[79],\"score\":10},\"59\":{\"optionIds\":[84],\"score\":5},\"60\":{\"optionIds\":[87],\"score\":10},\"61\":{\"optionIds\":[92],\"score\":0}}', '2026-06-09 11:23:12', '2026-06-09 11:23:12', '', '', '0');
INSERT INTO `cga_record` VALUES (64, 25, 1, 22, 10, '功能良好', '简易体能状况量表得分提示下肢功能、平衡与步速良好，建议维持现有运动习惯，坚持规律运动与日常活动，定期随访复查。', '{\"301\":{\"optionIds\":[301],\"score\":1},\"302\":{\"optionIds\":[304],\"score\":1},\"303\":{\"optionIds\":[308],\"score\":1},\"304\":{\"optionIds\":[312],\"score\":3},\"305\":{\"optionIds\":[316],\"score\":4}}', '2026-06-09 17:09:57', '2026-06-09 17:09:57', '', '', '0');
INSERT INTO `cga_record` VALUES (65, 25, 1, 26, 2, '听力简易评估：听力障碍（2/4分）；耳语试验：双耳异常（0/4分）；检出异常项目 3 项', '听力障碍较明显，建议尽快耳鼻喉科专科评估，排查老年性聋、中耳炎、听神经瘤等病因，必要时佩戴助听器。 耳语试验双耳阳性，提示双侧听力障碍，建议尽快耳鼻喉科专科评估。 检出项目：1. 听力简易评估：C（2分）；2. 耳语试验（左耳）：B（0分）；3. 耳语试验（右耳）：B（0分）', '{\"501\":{\"optionIds\":[503],\"score\":2},\"502\":{\"optionIds\":[507],\"score\":0},\"503\":{\"optionIds\":[509],\"score\":0}}', '2026-06-10 09:40:41', '2026-06-10 09:40:41', '', '', '0');
INSERT INTO `cga_record` VALUES (66, 25, 1, 27, 2, '居家环境筛查：跌倒风险高（2/14分）；检出跌倒风险 12 项', '居家环境跌倒风险较高，存在多处安全隐患。建议立即进行全面整改，必要时进行适老化改造，避免跌倒事故发生。 风险项：1. B. 地板状况良好；2. D. 地板上有固定的防滑垫；3. E. 灯的亮度能够看清东西；4. F. 在床上开关灯方便；5. G. 晚上外边的路灯、楼道的灯照明良好；6. H. 淋浴室和浴池旁有扶手；7. I. 浴池和浴室有固定的防滑垫；8. J. 厕所接近浴室；9. K. 室内的楼梯旁都有可用的扶手；10. L. 室外的楼梯旁都有可用的扶手；11. M. 楼梯的边缘清晰；12. N. 房屋周围的路况良好', '{\"601\":{\"optionIds\":[601,603],\"score\":2}}', '2026-06-10 10:16:23', '2026-06-10 10:16:23', '', '', '0');
INSERT INTO `cga_record` VALUES (67, 25, 1, 28, 1, '简易智力评估：认知障碍筛查阳性（总分1/5分）；画钟试验：异常（0/2分）；延迟回忆：轻度减退（1/3分）', '认知功能存在异常，筛查结果为阳性，提示可能存在认知功能障碍。 建议尽快完善详细认知功能评估。', '{\"702\":{\"optionIds\":[702],\"score\":0},\"703\":{\"optionIds\":[704],\"score\":1}}', '2026-06-10 11:02:47', '2026-06-10 11:02:47', '', '', '0');
INSERT INTO `cga_record` VALUES (68, 25, 1, 22, 100, '无依赖', '基本日常生活活动能力无依赖，建议保持现有活动能力，定期随访复评。', '{\"101\":{\"optionIds\":[101],\"score\":10},\"102\":{\"optionIds\":[104],\"score\":5},\"103\":{\"optionIds\":[106],\"score\":5},\"104\":{\"optionIds\":[108],\"score\":10},\"105\":{\"optionIds\":[111],\"score\":10},\"106\":{\"optionIds\":[114],\"score\":10},\"107\":{\"optionIds\":[117],\"score\":10},\"108\":{\"optionIds\":[120],\"score\":15},\"109\":{\"optionIds\":[124],\"score\":15},\"110\":{\"optionIds\":[128],\"score\":10}}', '2026-06-10 14:57:20', '2026-06-10 14:57:20', '', '', '0');
INSERT INTO `cga_record` VALUES (69, 25, 1, 29, 2, 'FRAIL衰弱评估：衰弱前期（2/5分）；检出衰弱征象 2 项', '处于衰弱前期，存在潜在衰弱风险。建议加强营养摄入，适当进行抗阻运动，避免久坐，定期监测身体状态。 异常项：1. 疲乏：过去4周内大部分时间或者所有时间感到疲乏：符合；2. 阻力增加/耐力减退：在不用任何辅助工具及他人帮助的情况下，中途不休息爬1层楼梯有困难：符合', '{\"801\":{\"optionIds\":[801],\"score\":1},\"802\":{\"optionIds\":[803],\"score\":1},\"803\":{\"optionIds\":[806],\"score\":0},\"804\":{\"optionIds\":[808],\"score\":0},\"805\":{\"optionIds\":[810],\"score\":0}}', '2026-06-10 14:59:26', '2026-06-10 14:59:26', '', '', '0');
INSERT INTO `cga_record` VALUES (70, 25, 1, 30, 16, '尿失禁评估：重度尿失禁；漏尿类型：在未到达厕所之前就有漏尿、在咳嗽和打喷嚏时漏尿、在睡着时漏尿、在活动和体育运动时漏尿、在小便结束和穿好衣服时漏尿、没有明显原因的漏尿、一直漏尿', '重度尿失禁，严重影响日常生活和社交活动。建议尽快到专科就诊，评估手术治疗的可行性。 建议完善专科检查明确诊断。', '{\"901\":{\"optionIds\":[904],\"score\":3},\"902\":{\"optionIds\":[910],\"score\":6},\"903\":{\"optionIds\":[911],\"score\":0},\"904\":{\"optionIds\":[923,925,928,927,926,929,924],\"score\":7}}', '2026-06-10 16:00:33', '2026-06-10 16:00:59', '', '', '0');
INSERT INTO `cga_record` VALUES (71, 25, 1, 1, 6, 'AIS总分：6分，可能有睡眠障碍。入睡时间（关灯后到睡着的时间）：没问题(0分)；夜间苏醒：没问题(0分)；比期望的时间早醒：没问题(0分)；总睡眠时间：没问题(0分)；总睡眠质量（无论睡多长）：满意(0分)；白天情绪：正常(0分)；白天身体功能（体力或精神：如记忆力、认知力或注意力等）：严重影响(3分)；白天思睡：严重思睡(3分)', '存在轻度睡眠问题，建议调整作息时间，改善睡眠环境，避免睡前饮用咖啡、浓茶等刺激性饮品，适当增加日间运动。', '{\"1101\":{\"optionIds\":[1101],\"score\":0},\"1102\":{\"optionIds\":[1105],\"score\":0},\"1103\":{\"optionIds\":[1109],\"score\":0},\"1104\":{\"optionIds\":[1113],\"score\":0},\"1105\":{\"optionIds\":[1117],\"score\":0},\"1106\":{\"optionIds\":[1121],\"score\":0},\"1107\":{\"optionIds\":[1128],\"score\":3},\"1108\":{\"optionIds\":[1132],\"score\":3}}', '2026-06-11 10:03:19', '2026-06-11 10:03:19', '', '', '0');
INSERT INTO `cga_record` VALUES (72, 25, 1, 1, 14, '疼痛强度：静息时感疼痛较重（6分）；疼痛相关存在3项异常', '疼痛强度：静息时感疼痛较重（6分）。疼痛情况：部分紧绷（如皱眉）；呛咳，大部分时间能耐受；呻吟>3次/min且每次持续时间>3s。建议进一步进行疼痛评估，必要时到疼痛科或相关专科就诊，进行针对性的疼痛管理与治疗。', '{\"1201\":{\"optionIds\":[1207],\"score\":6},\"1202\":{\"optionIds\":[1213],\"score\":2},\"1203\":{\"optionIds\":[1216],\"score\":1},\"1204\":{\"optionIds\":[1221],\"score\":2},\"1205\":{\"optionIds\":[1226],\"score\":3}}', '2026-06-11 10:25:41', '2026-06-11 10:25:41', '', '', '0');
INSERT INTO `cga_record` VALUES (73, 25, 1, 1, 18, '高度风险。存在高度压力性损伤风险，强烈建议立即进行专业皮肤评估，使用高级减压设备（交替式气垫床），增加翻身频率，加强营养和水分管理，必要时到专科就诊制定详细护理方案。', '存在高度压力性损伤风险，强烈建议立即进行专业皮肤评估，使用高级减压设备（交替式气垫床），增加翻身频率，加强营养和水分管理，必要时到专科就诊制定详细护理方案。', '{\"1301\":{\"optionIds\":[1303],\"score\":3},\"1302\":{\"optionIds\":[1307],\"score\":3},\"1303\":{\"optionIds\":[1311],\"score\":3},\"1304\":{\"optionIds\":[1316],\"score\":4},\"1305\":{\"optionIds\":[1320],\"score\":4},\"1306\":{\"optionIds\":[1321],\"score\":1}}', '2026-06-11 10:41:32', '2026-06-11 10:41:32', '', '', '0');
INSERT INTO `cga_record` VALUES (74, 22, 1, 1, 4, '轻度吞咽困难。存在轻度吞咽困难。', '存在轻度吞咽困难。建议调整饮食质地（软食、糊状食物），进食时采取坐位或半卧位，小口慢咽，每次吞咽后清嗓确认，必要时进行吞咽功能训练。', '{\"1401\":{\"optionIds\":[1404],\"score\":4}}', '2026-06-11 10:52:17', '2026-06-11 10:52:17', '', '', '0');
INSERT INTO `cga_record` VALUES (75, 22, 1, 36, 6, '总分：6分（基础分6分），营养不良', '存在明确的营养不良。强烈建议到营养科就诊，进行专业营养评估，制定个性化营养干预方案（包括饮食指导、口服营养补充或肠内营养支持），同时排查导致营养不良的基础疾病。', '{\"1501\":{\"optionIds\":[1504],\"score\":3},\"1502\":{\"optionIds\":[1508],\"score\":3}}', '2026-06-11 15:34:18', '2026-06-11 15:34:18', '', '', '0');
INSERT INTO `cga_record` VALUES (76, 22, 1, 42, 0, '本次多重用药评估共发现 1 项用药相关问题，存在轻度多重用药风险。', '多重用药评估提示存在轻度多重用药风险，建议携带完整用药清单至药师或专科医生处评估，关注药物相互作用与不良反应，定期复查。', '{\"2101\":{\"optionIds\":[2102],\"score\":0},\"2102\":{\"optionIds\":[2103],\"score\":0},\"2103\":{\"optionIds\":[2106],\"score\":0},\"2104\":{\"optionIds\":[2108],\"score\":0},\"2105\":{\"optionIds\":[2110],\"score\":0}}', '2026-06-12 17:48:55', '2026-06-12 17:48:55', '', '', '0');
INSERT INTO `cga_record` VALUES (77, 26, 1, 0, 5, NULL, NULL, '{\"1\":{\"optionIds\":[2],\"score\":0},\"2\":{\"optionIds\":[4],\"score\":0},\"3\":{\"optionIds\":[6],\"score\":0},\"4\":{\"optionIds\":[8],\"score\":0},\"5\":{\"optionIds\":[10],\"score\":0},\"6\":{\"optionIds\":[62],\"score\":0},\"7\":{\"optionIds\":[13],\"score\":0},\"8\":{\"optionIds\":[17],\"score\":3},\"9\":{\"optionIds\":[19],\"score\":0},\"10\":{\"optionIds\":[21],\"score\":0},\"11\":{\"optionIds\":[23],\"score\":0},\"12\":{\"optionIds\":[25],\"score\":0},\"13\":{\"optionIds\":[27],\"score\":0},\"14\":{\"optionIds\":[29],\"score\":0},\"15\":{\"optionIds\":[31],\"score\":0},\"16\":{\"optionIds\":[33],\"score\":0},\"17\":{\"optionIds\":[35],\"score\":0},\"18\":{\"optionIds\":[37],\"score\":0},\"19\":{\"optionIds\":[39],\"score\":0},\"20\":{\"optionIds\":[41],\"score\":0},\"21\":{\"optionIds\":[64],\"score\":2},\"22\":{\"optionIds\":[45],\"score\":0},\"23\":{\"optionIds\":[47],\"score\":0},\"24\":{\"optionIds\":[49],\"score\":0},\"25\":{\"optionIds\":[51],\"score\":0},\"26\":{\"optionIds\":[53],\"score\":0},\"27\":{\"optionIds\":[55],\"score\":0},\"28\":{\"optionIds\":[57],\"score\":0},\"29\":{\"optionIds\":[59],\"score\":0},\"30\":{\"optionIds\":[61],\"score\":0}}', '2026-06-13 08:44:22', '2026-06-13 08:44:22', '', '', '0');
INSERT INTO `cga_record` VALUES (78, 26, 1, 21, 30, '重度依赖', '基本日常生活活动能力重度依赖，建议完善照护计划，加强进食、转移、如厕、洗澡等基础生活照护，并结合患者情况进行康复训练。', '{\"101\":{\"optionIds\":[103],\"score\":0},\"102\":{\"optionIds\":[105],\"score\":0},\"103\":{\"optionIds\":[106],\"score\":5},\"104\":{\"optionIds\":[109],\"score\":5},\"105\":{\"optionIds\":[112],\"score\":5},\"106\":{\"optionIds\":[116],\"score\":0},\"107\":{\"optionIds\":[119],\"score\":0},\"108\":{\"optionIds\":[123],\"score\":0},\"109\":{\"optionIds\":[126],\"score\":5},\"110\":{\"optionIds\":[128],\"score\":10}}', '2026-06-13 08:44:44', '2026-06-13 08:44:44', '', '', '0');
INSERT INTO `cga_record` VALUES (79, 27, 1, 0, 5, NULL, NULL, '{\"1\":{\"optionIds\":[2],\"score\":0},\"2\":{\"optionIds\":[4],\"score\":0},\"3\":{\"optionIds\":[6],\"score\":0},\"4\":{\"optionIds\":[8],\"score\":0},\"5\":{\"optionIds\":[10],\"score\":0},\"6\":{\"optionIds\":[62],\"score\":0},\"7\":{\"optionIds\":[13],\"score\":0},\"8\":{\"optionIds\":[17],\"score\":3},\"9\":{\"optionIds\":[19],\"score\":0},\"10\":{\"optionIds\":[21],\"score\":0},\"11\":{\"optionIds\":[23],\"score\":0},\"12\":{\"optionIds\":[25],\"score\":0},\"13\":{\"optionIds\":[27],\"score\":0},\"14\":{\"optionIds\":[29],\"score\":0},\"15\":{\"optionIds\":[31],\"score\":0},\"16\":{\"optionIds\":[33],\"score\":0},\"17\":{\"optionIds\":[35],\"score\":0},\"18\":{\"optionIds\":[37],\"score\":0},\"19\":{\"optionIds\":[39],\"score\":0},\"20\":{\"optionIds\":[41],\"score\":0},\"21\":{\"optionIds\":[66],\"score\":2},\"22\":{\"optionIds\":[45],\"score\":0},\"23\":{\"optionIds\":[47],\"score\":0},\"24\":{\"optionIds\":[49],\"score\":0},\"25\":{\"optionIds\":[51],\"score\":0},\"26\":{\"optionIds\":[53],\"score\":0},\"27\":{\"optionIds\":[55],\"score\":0},\"28\":{\"optionIds\":[57],\"score\":0},\"29\":{\"optionIds\":[59],\"score\":0},\"30\":{\"optionIds\":[61],\"score\":0}}', '2026-06-13 08:55:26', '2026-06-13 08:55:26', '', '', '0');
INSERT INTO `cga_record` VALUES (80, 27, 1, 21, 70, '轻度依赖', '基本日常生活活动能力轻度依赖，建议鼓励患者在安全前提下独立完成日常活动，必要时给予辅助和康复指导。', '{\"101\":{\"optionIds\":[102],\"score\":5},\"102\":{\"optionIds\":[104],\"score\":5},\"103\":{\"optionIds\":[106],\"score\":5},\"104\":{\"optionIds\":[108],\"score\":10},\"105\":{\"optionIds\":[111],\"score\":10},\"106\":{\"optionIds\":[115],\"score\":5},\"107\":{\"optionIds\":[117],\"score\":10},\"108\":{\"optionIds\":[121],\"score\":10},\"109\":{\"optionIds\":[125],\"score\":10},\"110\":{\"optionIds\":[130],\"score\":0}}', '2026-06-13 08:56:11', '2026-06-13 08:56:11', '', '', '0');
INSERT INTO `cga_record` VALUES (81, 28, 1, 0, 5, NULL, NULL, '{\"1\":{\"optionIds\":[2],\"score\":0},\"2\":{\"optionIds\":[4],\"score\":0},\"3\":{\"optionIds\":[6],\"score\":0},\"4\":{\"optionIds\":[8],\"score\":0},\"5\":{\"optionIds\":[10],\"score\":0},\"6\":{\"optionIds\":[62],\"score\":0},\"7\":{\"optionIds\":[13],\"score\":0},\"8\":{\"optionIds\":[17],\"score\":3},\"9\":{\"optionIds\":[19],\"score\":0},\"10\":{\"optionIds\":[21],\"score\":0},\"11\":{\"optionIds\":[23],\"score\":0},\"12\":{\"optionIds\":[25],\"score\":0},\"13\":{\"optionIds\":[27],\"score\":0},\"14\":{\"optionIds\":[29],\"score\":0},\"15\":{\"optionIds\":[31],\"score\":0},\"16\":{\"optionIds\":[33],\"score\":0},\"17\":{\"optionIds\":[35],\"score\":0},\"18\":{\"optionIds\":[37],\"score\":0},\"19\":{\"optionIds\":[39],\"score\":0},\"20\":{\"optionIds\":[41],\"score\":0},\"21\":{\"optionIds\":[66],\"score\":2},\"22\":{\"optionIds\":[45],\"score\":0},\"23\":{\"optionIds\":[47],\"score\":0},\"24\":{\"optionIds\":[49],\"score\":0},\"25\":{\"optionIds\":[51],\"score\":0},\"26\":{\"optionIds\":[53],\"score\":0},\"27\":{\"optionIds\":[55],\"score\":0},\"28\":{\"optionIds\":[57],\"score\":0},\"29\":{\"optionIds\":[59],\"score\":0},\"30\":{\"optionIds\":[61],\"score\":0}}', '2026-06-13 09:26:56', '2026-06-13 09:26:56', '', '', '0');
INSERT INTO `cga_record` VALUES (82, 28, 1, 21, 55, '中度依赖', '基本日常生活活动能力中度依赖，建议给予部分生活照护，重点关注转移、行走、上下楼梯等风险环节，并进行针对性功能训练。', '{\"101\":{\"optionIds\":[101],\"score\":10},\"102\":{\"optionIds\":[104],\"score\":5},\"103\":{\"optionIds\":[107],\"score\":0},\"104\":{\"optionIds\":[110],\"score\":0},\"105\":{\"optionIds\":[112],\"score\":5},\"106\":{\"optionIds\":[115],\"score\":5},\"107\":{\"optionIds\":[118],\"score\":5},\"108\":{\"optionIds\":[121],\"score\":10},\"109\":{\"optionIds\":[125],\"score\":10},\"110\":{\"optionIds\":[129],\"score\":5}}', '2026-06-13 09:27:24', '2026-06-13 09:27:24', '', '', '0');
INSERT INTO `cga_record` VALUES (83, 29, 1, 22, 35, '重度依赖', '基本日常生活活动能力重度依赖，建议完善照护计划，加强进食、转移、如厕、洗澡等基础生活照护，并结合患者情况进行康复训练。', '{\"101\":{\"optionIds\":[103],\"score\":0},\"102\":{\"optionIds\":[105],\"score\":0},\"103\":{\"optionIds\":[106],\"score\":5},\"104\":{\"optionIds\":[108],\"score\":10},\"105\":{\"optionIds\":[112],\"score\":5},\"106\":{\"optionIds\":[116],\"score\":0},\"107\":{\"optionIds\":[119],\"score\":0},\"108\":{\"optionIds\":[121],\"score\":10},\"109\":{\"optionIds\":[127],\"score\":0},\"110\":{\"optionIds\":[129],\"score\":5}}', '2026-06-13 09:29:04', '2026-06-13 09:29:04', '', '', '0');
INSERT INTO `cga_record` VALUES (84, 29, 1, 22, 50, '中度依赖', '基本日常生活活动能力中度依赖，建议给予部分生活照护，重点关注转移、行走、上下楼梯等风险环节，并进行针对性功能训练。', '{\"101\":{\"optionIds\":[101],\"score\":10},\"102\":{\"optionIds\":[104],\"score\":5},\"103\":{\"optionIds\":[106],\"score\":5},\"104\":{\"optionIds\":[110],\"score\":0},\"105\":{\"optionIds\":[111],\"score\":10},\"106\":{\"optionIds\":[114],\"score\":10},\"107\":{\"optionIds\":[119],\"score\":0},\"108\":{\"optionIds\":[123],\"score\":0},\"109\":{\"optionIds\":[127],\"score\":0},\"110\":{\"optionIds\":[128],\"score\":10}}', '2026-06-15 08:49:47', '2026-06-15 08:49:47', '', '', '0');
INSERT INTO `cga_record` VALUES (85, 29, 1, 0, 2, NULL, NULL, '{\"1\":{\"optionIds\":[2],\"score\":0},\"2\":{\"optionIds\":[4],\"score\":0},\"3\":{\"optionIds\":[6],\"score\":0},\"4\":{\"optionIds\":[8],\"score\":0},\"5\":{\"optionIds\":[10],\"score\":0},\"6\":{\"optionIds\":[11],\"score\":0},\"7\":{\"optionIds\":[13],\"score\":0},\"8\":{\"optionIds\":[14],\"score\":0},\"9\":{\"optionIds\":[19],\"score\":0},\"10\":{\"optionIds\":[21],\"score\":0},\"11\":{\"optionIds\":[23],\"score\":0},\"12\":{\"optionIds\":[25],\"score\":0},\"13\":{\"optionIds\":[27],\"score\":0},\"14\":{\"optionIds\":[29],\"score\":0},\"15\":{\"optionIds\":[31],\"score\":0},\"16\":{\"optionIds\":[33],\"score\":0},\"17\":{\"optionIds\":[35],\"score\":0},\"18\":{\"optionIds\":[37],\"score\":0},\"19\":{\"optionIds\":[39],\"score\":0},\"20\":{\"optionIds\":[41],\"score\":0},\"21\":{\"optionIds\":[64],\"score\":2},\"22\":{\"optionIds\":[45],\"score\":0},\"23\":{\"optionIds\":[47],\"score\":0},\"24\":{\"optionIds\":[49],\"score\":0},\"25\":{\"optionIds\":[51],\"score\":0},\"26\":{\"optionIds\":[53],\"score\":0},\"27\":{\"optionIds\":[55],\"score\":0},\"28\":{\"optionIds\":[57],\"score\":0},\"29\":{\"optionIds\":[59],\"score\":0},\"30\":{\"optionIds\":[61],\"score\":0}}', '2026-06-15 08:51:04', '2026-06-15 08:51:04', '', '', '0');
INSERT INTO `cga_record` VALUES (86, 29, 1, 2, 5, '中度依赖', '工具性日常生活活动能力中度依赖，建议在安全前提下给予部分生活辅助，关注外出、购物、用药等高风险环节，定期评估功能变化。', '{\"201\":{\"optionIds\":[201],\"score\":1},\"202\":{\"optionIds\":[207],\"score\":1},\"203\":{\"optionIds\":[211],\"score\":0},\"204\":{\"optionIds\":[214],\"score\":1},\"205\":{\"optionIds\":[219],\"score\":1},\"206\":{\"optionIds\":[225],\"score\":0},\"207\":{\"optionIds\":[228],\"score\":0},\"208\":{\"optionIds\":[231],\"score\":1}}', '2026-06-15 08:52:10', '2026-06-15 08:52:10', '', '', '0');
INSERT INTO `cga_record` VALUES (87, 29, 1, 24, 7, '功能中等', '简易体能状况量表得分提示躯体功能轻度下降，建议加强下肢肌力训练与平衡练习，结合日常步行、起坐练习等功能性活动，3-6 个月复查。', '{\"301\":{\"optionIds\":[302],\"score\":0},\"302\":{\"optionIds\":[304],\"score\":1},\"303\":{\"optionIds\":[309],\"score\":0},\"304\":{\"optionIds\":[312],\"score\":3},\"305\":{\"optionIds\":[317],\"score\":3}}', '2026-06-15 08:59:44', '2026-06-15 08:59:44', '', '', '0');
INSERT INTO `cga_record` VALUES (88, 29, 1, 2, 4, '中度依赖', '工具性日常生活活动能力中度依赖，建议在安全前提下给予部分生活辅助，关注外出、购物、用药等高风险环节，定期评估功能变化。', '{\"201\":{\"optionIds\":[202],\"score\":0},\"202\":{\"optionIds\":[208],\"score\":0},\"203\":{\"optionIds\":[211],\"score\":0},\"204\":{\"optionIds\":[218],\"score\":0},\"205\":{\"optionIds\":[220],\"score\":1},\"206\":{\"optionIds\":[223],\"score\":1},\"207\":{\"optionIds\":[227],\"score\":1},\"208\":{\"optionIds\":[231],\"score\":1}}', '2026-06-15 09:00:31', '2026-06-15 09:00:31', '', '', '0');
INSERT INTO `cga_record` VALUES (89, 29, 1, 23, 6, '轻度依赖', '工具性日常生活活动能力轻度依赖，建议鼓励独立完成日常活动，必要时提供辅助器具或照护支持，定期随访观察。', '{\"201\":{\"optionIds\":[204],\"score\":0},\"202\":{\"optionIds\":[206],\"score\":1},\"203\":{\"optionIds\":[210],\"score\":1},\"204\":{\"optionIds\":[216],\"score\":1},\"205\":{\"optionIds\":[220],\"score\":1},\"206\":{\"optionIds\":[222],\"score\":1},\"207\":{\"optionIds\":[226],\"score\":1},\"208\":{\"optionIds\":[232],\"score\":0}}', '2026-06-15 09:02:54', '2026-06-15 09:02:54', '', '', '0');
INSERT INTO `cga_record` VALUES (90, 29, 1, 25, 4, '视力评估：盲（2/4分）；视觉功能评估：视觉功能较差（2/3分）；检出异常项目 2 项', '视力已达盲标准，建议尽快眼科专科评估，排查白内障、青光眼、黄斑病变等严重眼部疾病。 视觉功能较差，建议眼科就诊排查白内障、青光眼等病因。 检出项目：1. 视力简易评估：C（2分）；2. 看东西时觉得有东西遮挡或视物有缺损：A（0分）', '{\"401\":{\"optionIds\":[403],\"score\":2},\"402\":{\"optionIds\":[407],\"score\":1},\"403\":{\"optionIds\":[408],\"score\":0},\"404\":{\"optionIds\":[411],\"score\":1}}', '2026-06-15 14:54:35', '2026-06-15 14:54:35', '', '', '0');
INSERT INTO `cga_record` VALUES (91, 29, 1, 25, 6, '视力评估：视力正常（4/4分）；视觉功能评估：视觉功能较差（2/3分）；检出异常项目 1 项', '视力正常，建议保持良好用眼习惯，定期进行视力检查。 视觉功能较差，建议眼科就诊排查白内障、青光眼等病因。 检出项目：1. 看东西时实物变形、扭曲：A（0分）', '{\"401\":{\"optionIds\":[401],\"score\":4},\"402\":{\"optionIds\":[407],\"score\":1},\"403\":{\"optionIds\":[409],\"score\":1},\"404\":{\"optionIds\":[410],\"score\":0}}', '2026-06-15 15:00:35', '2026-06-15 15:00:35', '', '', '0');
INSERT INTO `cga_record` VALUES (92, 29, 1, 25, 6, '视力评估：视力正常（4/4分）；视觉功能评估：视觉功能较差（2/3分）；检出异常项目 1 项', '视力正常，建议保持良好用眼习惯，定期进行视力检查。 视觉功能较差，建议眼科就诊排查白内障、青光眼等病因。 检出项目：1. 看东西时实物变形、扭曲：是（0分）', '{\"401\":{\"optionIds\":[401],\"score\":4},\"402\":{\"optionIds\":[407],\"score\":1},\"403\":{\"optionIds\":[409],\"score\":1},\"404\":{\"optionIds\":[410],\"score\":0}}', '2026-06-15 15:06:31', '2026-06-15 15:06:31', '', '', '0');
INSERT INTO `cga_record` VALUES (93, 29, 1, 26, 3, '听力简易评估：听力障碍（1/4分）；耳语试验：单耳异常（2/4分）；检出异常项目 2 项', '听力障碍较明显，建议尽快耳鼻喉科专科评估，排查老年性聋、中耳炎、听神经瘤等病因，必要时佩戴助听器。 耳语试验单耳阳性，提示单侧听力障碍，建议进一步纯音测听检查。 检出项目：1. 听力简易评估：讲话者大声说话或说话很慢，才能部分听见（1分）；2. 耳语试验（右耳）：无法正确重复3个及以上词语（阳性）（0分）', '{\"501\":{\"optionIds\":[504],\"score\":1},\"502\":{\"optionIds\":[506],\"score\":2},\"503\":{\"optionIds\":[509],\"score\":0}}', '2026-06-15 15:13:16', '2026-06-15 15:13:16', '', '', '0');
INSERT INTO `cga_record` VALUES (94, 29, 1, 27, 5, '居家环境筛查：跌倒风险高（5/14分）；检出跌倒风险 9 项', '居家环境跌倒风险较高，存在多处安全隐患。建议立即进行全面整改，必要时进行适老化改造，避免跌倒事故发生。 风险项：1. A. 通道无杂乱物品；2. B. 地板状况良好；3. C. 地板防滑；4. E. 灯的亮度能够看清东西；5. F. 在床上开关灯方便；6. H. 淋浴室和浴池旁有扶手；7. I. 浴池和浴室有固定的防滑垫；8. M. 楼梯的边缘清晰；9. N. 房屋周围的路况良好', '{\"601\":{\"optionIds\":[604,607,610,612,611],\"score\":5}}', '2026-06-15 15:16:16', '2026-06-15 15:16:16', '', '', '0');
INSERT INTO `cga_record` VALUES (95, 29, 1, 30, 8, '尿失禁评估：中度尿失禁；漏尿类型：在咳嗽和打喷嚏时漏尿、在活动和体育运动时漏尿', '中度尿失禁，已对日常生活产生一定影响。建议在医生指导下进行盆底肌康复治疗，必要时使用药物干预。 建议完善专科检查明确诊断。', '{\"901\":{\"optionIds\":[905],\"score\":4},\"902\":{\"optionIds\":[907],\"score\":0},\"903\":{\"optionIds\":[913],\"score\":2},\"904\":{\"optionIds\":[924,926],\"score\":2}}', '2026-06-15 15:18:35', '2026-06-15 15:18:35', '', '', '0');
INSERT INTO `cga_record` VALUES (96, 29, 1, 30, 10, '尿失禁评估：中度尿失禁；漏尿类型：在睡着时漏尿', '中度尿失禁，已对日常生活产生一定影响。建议在医生指导下进行盆底肌康复治疗，必要时使用药物干预。 建议完善专科检查明确诊断。', '{\"901\":{\"optionIds\":[902],\"score\":1},\"902\":{\"optionIds\":[909],\"score\":4},\"903\":{\"optionIds\":[915],\"score\":4},\"904\":{\"optionIds\":[925],\"score\":1}}', '2026-06-15 15:37:45', '2026-06-15 15:37:45', '', '', '0');
INSERT INTO `cga_record` VALUES (97, 29, 1, 31, 0, '便秘评估：存在便秘症状。时间情况：症状开始到现在持续时间：4个月；其中大约有多长时间是有症状的：1个月。症状表现：排便时肛门直肠堵塞感、需要手法辅助排便【异常】；粪便性状：水样便【异常】。', '症状开始到现在持续时间：4个月，其中大约有多长时间是有症状的：1个月，主要表现为：排便时肛门直肠堵塞感、需要手法辅助排便；粪便性状：水样便。建议增加膳食纤维（蔬菜、水果、粗粮）摄入，每日饮水1500-2000ml，规律排便，避免久坐。 建议必要时到消化内科专科就诊，完善相关检查明确诊断。', '{\"1001\":{\"optionIds\":[],\"value\":{\"type\":\"duration\",\"years\":0,\"months\":4,\"unknown\":false,\"text\":\"4个月\"},\"score\":0},\"1002\":{\"optionIds\":[],\"value\":{\"type\":\"duration\",\"years\":0,\"months\":1,\"unknown\":false,\"text\":\"1个月\"},\"score\":0},\"1003\":{\"optionIds\":[1005,1003],\"value\":null,\"score\":0},\"1004\":{\"optionIds\":[1013],\"value\":null,\"score\":0}}', '2026-06-15 16:34:59', '2026-06-15 16:34:59', '', '', '0');
INSERT INTO `cga_record` VALUES (98, 29, 1, 33, 16, '疼痛强度：静息时感间歇疼痛（开始影响生活质量）（4分）；疼痛相关存在4项异常', '疼痛强度：静息时感间歇疼痛（开始影响生活质量）（4分）。疼痛情况：完全紧绷（如眼睛紧闭）；完全弯曲且手指弯曲；对抗呼吸机；呻吟>3次/min且每次持续时间>3s。建议关注疼痛情况，适当调整生活方式，如症状持续或加重，建议到专科就诊。', '{\"1201\":{\"optionIds\":[1205],\"value\":null,\"score\":4},\"1202\":{\"optionIds\":[1214],\"value\":null,\"score\":3},\"1203\":{\"optionIds\":[1218],\"value\":null,\"score\":3},\"1204\":{\"optionIds\":[1222],\"value\":null,\"score\":3},\"1205\":{\"optionIds\":[1226],\"value\":null,\"score\":3}}', '2026-06-15 16:35:35', '2026-06-15 16:35:35', '', '', '0');
INSERT INTO `cga_record` VALUES (99, 29, 1, 34, 15, '高度风险。存在高度压力性损伤风险，强烈建议立即进行专业皮肤评估，使用高级减压设备（交替式气垫床），增加翻身频率，加强营养和水分管理，必要时到专科就诊制定详细护理方案。', '存在高度压力性损伤风险，强烈建议立即进行专业皮肤评估，使用高级减压设备（交替式气垫床），增加翻身频率，加强营养和水分管理，必要时到专科就诊制定详细护理方案。', '{\"1301\":{\"optionIds\":[1303],\"value\":null,\"score\":3},\"1302\":{\"optionIds\":[1306],\"value\":null,\"score\":2},\"1303\":{\"optionIds\":[1311],\"value\":null,\"score\":3},\"1304\":{\"optionIds\":[1314],\"value\":null,\"score\":2},\"1305\":{\"optionIds\":[1319],\"value\":null,\"score\":3},\"1306\":{\"optionIds\":[1322],\"value\":null,\"score\":2}}', '2026-06-15 16:36:56', '2026-06-15 16:36:56', '', '', '0');
INSERT INTO `cga_record` VALUES (100, 29, 1, 35, 4, '轻度吞咽困难。存在轻度吞咽困难。', '存在轻度吞咽困难。建议调整饮食质地（软食、糊状食物），进食时采取坐位或半卧位，小口慢咽，每次吞咽后清嗓确认，必要时进行吞咽功能训练。', '{\"1401\":{\"optionIds\":[1404],\"value\":null,\"score\":4}}', '2026-06-15 16:37:55', '2026-06-15 16:37:55', '', '', '0');
INSERT INTO `cga_record` VALUES (101, 29, 1, 41, 0, '本次跌倒风险评估共发现 6 项风险因素，存在高度跌倒风险。', '跌倒风险评估提示高度风险，建议立即进行多因素干预：综合评估与处理可逆危险因素、完善家居安全改造、使用合适的助行器具与防滑鞋履、加强护理与陪护，并结合临床进一步评估处理。', '{\"2001\":{\"optionIds\":[2002],\"value\":null,\"score\":0},\"2002\":{\"optionIds\":[2004],\"value\":null,\"score\":0},\"2003\":{\"optionIds\":[2006],\"value\":null,\"score\":0},\"2004\":{\"optionIds\":[2009],\"value\":null,\"score\":0},\"2005\":{\"optionIds\":[2011],\"value\":null,\"score\":0},\"2006\":{\"optionIds\":[2013],\"value\":null,\"score\":0}}', '2026-06-15 16:38:28', '2026-06-15 16:38:28', '', '', '0');
INSERT INTO `cga_record` VALUES (102, 29, 1, 42, 0, '本次多重用药评估共发现 2 项用药相关问题，存在轻度多重用药风险。', '多重用药评估提示存在轻度多重用药风险，建议携带完整用药清单至药师或专科医生处评估，关注药物相互作用与不良反应，定期复查。', '{\"2101\":{\"optionIds\":[2102],\"value\":null,\"score\":0},\"2102\":{\"optionIds\":[2103],\"value\":null,\"score\":0},\"2103\":{\"optionIds\":[2105],\"value\":null,\"score\":0},\"2104\":{\"optionIds\":[2108],\"value\":null,\"score\":0},\"2105\":{\"optionIds\":[2110],\"value\":null,\"score\":0}}', '2026-06-15 16:38:59', '2026-06-15 16:38:59', '', '', '0');
INSERT INTO `cga_record` VALUES (103, 29, 1, 21, 8, '微营养筛选量表：4 分；营养标准量表：4 分；综合评分：8 分；评估结论：营养不良', '存在明确的营养不良。强烈建议：（1）尽快到营养科或老年科就诊，进行专业营养评估（如血清白蛋白、前白蛋白、血红蛋白等指标检测）；（2）制定个性化营养干预方案，包括饮食指导、口服营养补充或必要时肠内营养支持；（3）排查导致营养不良的基础疾病并进行针对性处理。', '{\"1601\":{\"optionIds\":[1601],\"value\":null,\"score\":0},\"1602\":{\"optionIds\":[1604],\"value\":null,\"score\":0},\"1603\":{\"optionIds\":[1608],\"value\":null,\"score\":0},\"1604\":{\"optionIds\":[1611],\"value\":null,\"score\":0},\"1605\":{\"optionIds\":[1614],\"value\":null,\"score\":1},\"1606\":{\"optionIds\":[],\"value\":[],\"score\":0},\"1607\":{\"optionIds\":[1621],\"value\":null,\"score\":3},\"1701\":{\"optionIds\":[1702],\"value\":null,\"score\":1},\"1702\":{\"optionIds\":[1705],\"value\":null,\"score\":1},\"1703\":{\"optionIds\":[1708],\"value\":null,\"score\":1},\"1704\":{\"optionIds\":[1712],\"value\":null,\"score\":1},\"1705\":{\"optionIds\":[1713],\"value\":null,\"score\":0},\"1706\":{\"optionIds\":[],\"value\":[],\"score\":0},\"1707\":{\"optionIds\":[],\"value\":[],\"score\":0}}', '2026-06-15 16:43:10', '2026-06-15 16:43:10', '', '', '0');
INSERT INTO `cga_record` VALUES (104, 29, 1, 28, 3, '简易智力评估：认知障碍筛查阴性（总分3/5分）；画钟试验：正常（2/2分）；延迟回忆：轻度减退（1/3分）', '认知功能基本正常，建议保持规律作息，多进行脑力活动，定期进行认知功能检查。', '{\"702\":{\"optionIds\":[701],\"value\":null,\"score\":2},\"703\":{\"optionIds\":[704],\"value\":null,\"score\":1}}', '2026-06-15 16:45:41', '2026-06-15 16:45:41', '', '', '0');
INSERT INTO `cga_record` VALUES (105, 29, 1, 32, 14, 'AIS总分：14分，存在睡眠障碍', '存在明确的睡眠障碍，建议进一步完善睡眠相关检查，评估睡眠障碍类型，并给予针对性的干预和治疗。', '{\"1101\":{\"optionIds\":[1103],\"value\":null,\"score\":2},\"1102\":{\"optionIds\":[1108],\"value\":null,\"score\":3},\"1103\":{\"optionIds\":[1110],\"value\":null,\"score\":1},\"1104\":{\"optionIds\":[1114],\"value\":null,\"score\":1},\"1105\":{\"optionIds\":[1119],\"value\":null,\"score\":2},\"1106\":{\"optionIds\":[1122],\"value\":null,\"score\":1},\"1107\":{\"optionIds\":[1127],\"value\":null,\"score\":2},\"1108\":{\"optionIds\":[1131],\"value\":null,\"score\":2}}', '2026-06-15 16:46:13', '2026-06-15 16:46:13', '', '', '0');
INSERT INTO `cga_record` VALUES (106, 29, 1, 40, 7, '轻度抑郁', '抑郁专项评估提示轻度抑郁，建议加强心理支持与社会关怀，保持规律作息与适当运动，必要时专科咨询或复评。', '{\"1901\":{\"optionIds\":[1902],\"value\":null,\"score\":1},\"1902\":{\"optionIds\":[1903],\"value\":null,\"score\":1},\"1903\":{\"optionIds\":[1906],\"value\":null,\"score\":0},\"1904\":{\"optionIds\":[1907],\"value\":null,\"score\":1},\"1905\":{\"optionIds\":[1910],\"value\":null,\"score\":1},\"1906\":{\"optionIds\":[1912],\"value\":null,\"score\":0},\"1907\":{\"optionIds\":[1913],\"value\":null,\"score\":0},\"1908\":{\"optionIds\":[1916],\"value\":null,\"score\":0},\"1909\":{\"optionIds\":[1918],\"value\":null,\"score\":0},\"1910\":{\"optionIds\":[1919],\"value\":null,\"score\":1},\"1911\":{\"optionIds\":[1921],\"value\":null,\"score\":0},\"1912\":{\"optionIds\":[1924],\"value\":null,\"score\":0},\"1913\":{\"optionIds\":[1926],\"value\":null,\"score\":1},\"1914\":{\"optionIds\":[1928],\"value\":null,\"score\":0},\"1915\":{\"optionIds\":[1929],\"value\":null,\"score\":1}}', '2026-06-15 16:46:53', '2026-06-15 16:46:53', '', '', '0');
INSERT INTO `cga_record` VALUES (107, 29, 1, 43, 8, '轻度焦虑', 'GAD-7 评分提示轻度焦虑症状，建议加强心理调节与压力管理，保持规律作息与社交活动，必要时寻求心理咨询或短期随访评估。', '{\"2201\":{\"optionIds\":[2203],\"value\":null,\"score\":2},\"2202\":{\"optionIds\":[2205],\"value\":null,\"score\":0},\"2203\":{\"optionIds\":[2209],\"value\":null,\"score\":0},\"2204\":{\"optionIds\":[2216],\"value\":null,\"score\":3},\"2205\":{\"optionIds\":[2218],\"value\":null,\"score\":1},\"2206\":{\"optionIds\":[2222],\"value\":null,\"score\":1},\"2207\":{\"optionIds\":[2226],\"value\":null,\"score\":1}}', '2026-06-15 16:47:09', '2026-06-15 16:47:09', '', '', '0');
INSERT INTO `cga_record` VALUES (108, 29, 1, 36, 3, '总分：3分（基础分3分），存在营养不良风险', '存在营养不良风险。建议加强膳食指导：增加优质蛋白（鸡蛋、牛奶、鱼、豆制品）摄入，每天至少三餐并适当加餐，鼓励户外活动，必要时补充口服营养制剂（ONS）。', '{\"1501\":{\"optionIds\":[1503],\"value\":null,\"score\":2},\"1502\":{\"optionIds\":[1506],\"value\":null,\"score\":1}}', '2026-06-15 16:53:28', '2026-06-15 16:53:28', '', '', '0');
INSERT INTO `cga_record` VALUES (109, 29, 1, 37, 12, '微营养筛选量表：12 分；评估结论：营养状况良好', '目前营养状况评估提示营养状况良好。建议保持规律的三餐饮食，保证优质蛋白质（鸡蛋、牛奶、鱼、豆制品等）、维生素和膳食纤维的均衡摄入，适量户外活动，定期监测体重和食欲变化。', '{\"1601\":{\"optionIds\":[1603],\"value\":null,\"score\":2},\"1602\":{\"optionIds\":[1606],\"value\":null,\"score\":2},\"1603\":{\"optionIds\":[1610],\"value\":null,\"score\":2},\"1604\":{\"optionIds\":[1612],\"value\":null,\"score\":2},\"1605\":{\"optionIds\":[1614],\"value\":null,\"score\":1},\"1606\":{\"optionIds\":[],\"value\":[],\"score\":0},\"1607\":{\"optionIds\":[1621],\"value\":null,\"score\":3}}', '2026-06-15 16:54:44', '2026-06-15 16:54:44', '', '', '0');
INSERT INTO `cga_record` VALUES (110, 29, 1, 37, 9, '微营养筛选量表：3 分；营养标准量表：6 分；综合评分：9 分；评估结论：营养不良', '存在明确的营养不良。强烈建议：（1）尽快到营养科或老年科就诊，进行专业营养评估（如血清白蛋白、前白蛋白、血红蛋白等指标检测）；（2）制定个性化营养干预方案，包括饮食指导、口服营养补充或必要时肠内营养支持；（3）排查导致营养不良的基础疾病并进行针对性处理。', '{\"1601\":{\"optionIds\":[1601],\"value\":null,\"score\":0},\"1602\":{\"optionIds\":[1604],\"value\":null,\"score\":0},\"1603\":{\"optionIds\":[1608],\"value\":null,\"score\":0},\"1604\":{\"optionIds\":[1611],\"value\":null,\"score\":0},\"1605\":{\"optionIds\":[1613],\"value\":null,\"score\":0},\"1606\":{\"optionIds\":[],\"value\":[],\"score\":0},\"1607\":{\"optionIds\":[1621],\"value\":null,\"score\":3},\"1701\":{\"optionIds\":[1703],\"value\":null,\"score\":1},\"1702\":{\"optionIds\":[1705],\"value\":null,\"score\":1},\"1703\":{\"optionIds\":[1708],\"value\":null,\"score\":1},\"1704\":{\"optionIds\":[1711],\"value\":null,\"score\":1},\"1705\":{\"optionIds\":[1714],\"value\":null,\"score\":1},\"1706\":{\"optionIds\":[],\"value\":[],\"score\":0},\"1707\":{\"optionIds\":[1721],\"value\":null,\"score\":1}}', '2026-06-15 16:55:40', '2026-06-15 16:55:40', '', '', '0');
INSERT INTO `cga_record` VALUES (111, 29, 1, 44, 0, '基本情况已完善', '已按老年综合评估基本情况信息表完成资料采集。', '{\"1\":{\"optionIds\":[],\"value\":{\"field\":\"name\",\"value\":\"张三\"},\"score\":0},\"2\":{\"optionIds\":[],\"value\":{\"field\":\"medicalCaseNo\",\"value\":\"55\"},\"score\":0},\"3\":{\"optionIds\":[],\"value\":{\"field\":\"phone\",\"value\":\"18837727538\"},\"score\":0},\"4\":{\"optionIds\":[],\"value\":{\"field\":\"gender\",\"value\":\"1\"},\"score\":0},\"5\":{\"optionIds\":[],\"value\":{\"field\":\"birthday\",\"value\":\"2026-06-01\"},\"score\":0},\"6\":{\"optionIds\":[],\"value\":{\"field\":\"idCard\",\"value\":\"411329200105053997\"},\"score\":0},\"10\":{\"optionIds\":[],\"value\":{\"field\":\"nation\",\"value\":\"汉族\"},\"score\":0},\"12\":{\"optionIds\":[],\"value\":{\"field\":\"religiousBelief\",\"value\":\"无\"},\"score\":0}}', '2026-06-15 18:06:27', '2026-06-15 18:06:27', '', '', '0');
INSERT INTO `cga_record` VALUES (112, 29, 1, 29, 3, 'FRAIL衰弱评估：衰弱（3/5分）；检出衰弱征象 3 项', '已检出衰弱状态，跌倒、失能风险显著升高。建议立即进行全面老年综合评估，制定个体化营养、运动和康复干预方案。 异常项：1. 自由活动下降：在不用任何辅助工具及他人帮助的情况下，走完1个街区（100m）较困难：符合；2. 疾病情况：医生告知存在5种及以上以下疾病（高血压、糖尿病、急性心脏病发作、卒中、恶性肿瘤、充血性心力衰竭、哮喘、关节炎、慢性肺病、肾脏疾病、心绞痛等）：符合；3. 体重下降：1年或更短时间内出现体重下降≥5%：符合', '{\"801\":{\"optionIds\":[802],\"value\":null,\"score\":0},\"802\":{\"optionIds\":[804],\"value\":null,\"score\":0},\"803\":{\"optionIds\":[805],\"value\":null,\"score\":1},\"804\":{\"optionIds\":[807],\"value\":null,\"score\":1},\"805\":{\"optionIds\":[809],\"value\":null,\"score\":1}}', '2026-06-16 15:08:09', '2026-06-16 15:08:09', '', '', '0');
INSERT INTO `cga_record` VALUES (113, 29, 1, 44, 0, '基本情况已完善', '已按老年综合评估基本情况信息表完成资料采集。', '{\"1\":{\"optionIds\":[],\"value\":{\"field\":\"name\",\"value\":\"张三\"},\"score\":0},\"2\":{\"optionIds\":[],\"value\":{\"field\":\"medicalCaseNo\",\"value\":\"55\"},\"score\":0},\"3\":{\"optionIds\":[],\"value\":{\"field\":\"phone\",\"value\":\"18837727538\"},\"score\":0},\"4\":{\"optionIds\":[],\"value\":{\"field\":\"gender\",\"value\":\"1\"},\"score\":0},\"5\":{\"optionIds\":[],\"value\":{\"field\":\"birthday\",\"value\":\"2026-06-01\"},\"score\":0},\"6\":{\"optionIds\":[],\"value\":{\"field\":\"idCard\",\"value\":\"411329200105053997\"},\"score\":0},\"10\":{\"optionIds\":[],\"value\":{\"field\":\"nation\",\"value\":\"汉族\"},\"score\":0},\"11\":{\"optionIds\":[],\"value\":{\"field\":\"educationalLevel\",\"value\":\"小学\"},\"score\":0},\"12\":{\"optionIds\":[],\"value\":{\"field\":\"religiousBelief\",\"value\":\"无\"},\"score\":0},\"13\":{\"optionIds\":[],\"value\":{\"field\":\"maritalStatus\",\"value\":\"已婚\"},\"score\":0},\"14\":{\"optionIds\":[],\"value\":{\"field\":\"familyStatus\",\"value\":\"有子女\"},\"score\":0},\"15\":{\"optionIds\":[],\"value\":{\"field\":\"liveSituation\",\"value\":\"与父母居住\"},\"score\":0},\"16\":{\"optionIds\":[],\"value\":{\"field\":\"careSituation\",\"value\":\"配偶\"},\"score\":0},\"17\":{\"optionIds\":[],\"value\":{\"field\":\"payType\",\"value\":\"城镇居民基本医疗保险\"},\"score\":0},\"18\":{\"optionIds\":[],\"value\":{\"field\":\"incomeSource\",\"value\":\"子女补贴\"},\"score\":0}}', '2026-06-16 15:10:21', '2026-06-16 15:10:21', '', '', '0');
INSERT INTO `cga_record` VALUES (114, 29, 1, 39, 1, '存在注意力障碍', '评估提示存在注意力障碍，尚不满足谵妄的完整诊断标准。建议结合临床实际情况，关注相关症状的发展变化，必要时进一步评估以明确原因，避免影响日常生活与安全。', '{\"1801\":{\"optionIds\":[1801],\"value\":null,\"score\":0},\"1802\":{\"optionIds\":[1804],\"value\":null,\"score\":1},\"1803\":{\"optionIds\":[1805],\"value\":null,\"score\":0},\"1804\":{\"optionIds\":[1807],\"value\":null,\"score\":0}}', '2026-06-16 15:11:27', '2026-06-16 15:11:27', '', '', '0');
INSERT INTO `cga_record` VALUES (115, 30, 1, 23, 6, '轻度依赖', '工具性日常生活活动能力轻度依赖，建议鼓励独立完成日常活动，必要时提供辅助器具或照护支持，定期随访观察。', '{\"201\":{\"optionIds\":[202],\"value\":null,\"score\":0},\"202\":{\"optionIds\":[206],\"value\":null,\"score\":1},\"203\":{\"optionIds\":[210],\"value\":null,\"score\":1},\"204\":{\"optionIds\":[214],\"value\":null,\"score\":1},\"205\":{\"optionIds\":[220],\"value\":null,\"score\":1},\"206\":{\"optionIds\":[223],\"value\":null,\"score\":1},\"207\":{\"optionIds\":[228],\"value\":null,\"score\":0},\"208\":{\"optionIds\":[230],\"value\":null,\"score\":1}}', '2026-06-16 15:12:33', '2026-06-16 15:12:33', '', '', '0');
INSERT INTO `cga_record` VALUES (116, 31, 1, 0, 8, NULL, NULL, '{\"1\":{\"optionIds\":[2],\"value\":null,\"score\":0},\"2\":{\"optionIds\":[4],\"value\":null,\"score\":0},\"3\":{\"optionIds\":[6],\"value\":null,\"score\":0},\"4\":{\"optionIds\":[8],\"value\":null,\"score\":0},\"5\":{\"optionIds\":[10],\"value\":null,\"score\":0},\"7\":{\"optionIds\":[13],\"value\":null,\"score\":0},\"8\":{\"optionIds\":[14],\"value\":null,\"score\":0},\"9\":{\"optionIds\":[19],\"value\":null,\"score\":0},\"10\":{\"optionIds\":[21],\"value\":null,\"score\":0},\"11\":{\"optionIds\":[23],\"value\":null,\"score\":0},\"12\":{\"optionIds\":[25],\"value\":null,\"score\":0},\"13\":{\"optionIds\":[27],\"value\":null,\"score\":0},\"14\":{\"optionIds\":[29],\"value\":null,\"score\":0},\"15\":{\"optionIds\":[31],\"value\":null,\"score\":0},\"16\":{\"optionIds\":[33],\"value\":null,\"score\":0},\"17\":{\"optionIds\":[35],\"value\":null,\"score\":0},\"18\":{\"optionIds\":[37],\"value\":null,\"score\":0},\"19\":{\"optionIds\":[39],\"value\":null,\"score\":0},\"20\":{\"optionIds\":[41],\"value\":null,\"score\":0},\"21\":{\"optionIds\":[66,65,63,64],\"value\":null,\"score\":8},\"22\":{\"optionIds\":[45],\"value\":null,\"score\":0},\"23\":{\"optionIds\":[47],\"value\":null,\"score\":0},\"24\":{\"optionIds\":[49],\"value\":null,\"score\":0},\"25\":{\"optionIds\":[51],\"value\":null,\"score\":0},\"26\":{\"optionIds\":[53],\"value\":null,\"score\":0},\"27\":{\"optionIds\":[55],\"value\":null,\"score\":0},\"28\":{\"optionIds\":[57],\"value\":null,\"score\":0},\"29\":{\"optionIds\":[59],\"value\":null,\"score\":0},\"30\":{\"optionIds\":[61],\"value\":null,\"score\":0}}', '2026-06-16 16:08:22', '2026-06-16 16:08:22', '', '', '0');
INSERT INTO `cga_record` VALUES (117, 31, 1, 0, 0, NULL, NULL, '{\"1\":{\"optionIds\":[2],\"value\":null,\"score\":0},\"2\":{\"optionIds\":[4],\"value\":null,\"score\":0},\"3\":{\"optionIds\":[6],\"value\":null,\"score\":0},\"4\":{\"optionIds\":[8],\"value\":null,\"score\":0},\"5\":{\"optionIds\":[10],\"value\":null,\"score\":0},\"7\":{\"optionIds\":[13],\"value\":null,\"score\":0},\"8\":{\"optionIds\":[14],\"value\":null,\"score\":0},\"9\":{\"optionIds\":[19],\"value\":null,\"score\":0},\"10\":{\"optionIds\":[21],\"value\":null,\"score\":0},\"11\":{\"optionIds\":[23],\"value\":null,\"score\":0},\"12\":{\"optionIds\":[25],\"value\":null,\"score\":0},\"13\":{\"optionIds\":[27],\"value\":null,\"score\":0},\"14\":{\"optionIds\":[29],\"value\":null,\"score\":0},\"15\":{\"optionIds\":[31],\"value\":null,\"score\":0},\"16\":{\"optionIds\":[33],\"value\":null,\"score\":0},\"17\":{\"optionIds\":[35],\"value\":null,\"score\":0},\"18\":{\"optionIds\":[37],\"value\":null,\"score\":0},\"19\":{\"optionIds\":[39],\"value\":null,\"score\":0},\"20\":{\"optionIds\":[41],\"value\":null,\"score\":0},\"21\":{\"optionIds\":[67],\"value\":null,\"score\":0},\"22\":{\"optionIds\":[45],\"value\":null,\"score\":0},\"23\":{\"optionIds\":[47],\"value\":null,\"score\":0},\"24\":{\"optionIds\":[49],\"value\":null,\"score\":0},\"25\":{\"optionIds\":[51],\"value\":null,\"score\":0},\"26\":{\"optionIds\":[53],\"value\":null,\"score\":0},\"27\":{\"optionIds\":[55],\"value\":null,\"score\":0},\"28\":{\"optionIds\":[57],\"value\":null,\"score\":0},\"29\":{\"optionIds\":[59],\"value\":null,\"score\":0},\"30\":{\"optionIds\":[61],\"value\":null,\"score\":0}}', '2026-06-16 16:09:31', '2026-06-16 16:09:31', '', '', '0');
INSERT INTO `cga_record` VALUES (118, 31, 1, 22, 35, '重度依赖', '基本日常生活活动能力重度依赖，建议完善照护计划，加强进食、转移、如厕、洗澡等基础生活照护，并结合患者情况进行康复训练。', '{\"101\":{\"optionIds\":[103],\"value\":null,\"score\":0},\"102\":{\"optionIds\":[105],\"value\":null,\"score\":0},\"103\":{\"optionIds\":[107],\"value\":null,\"score\":0},\"104\":{\"optionIds\":[110],\"value\":null,\"score\":0},\"105\":{\"optionIds\":[111],\"value\":null,\"score\":10},\"106\":{\"optionIds\":[116],\"value\":null,\"score\":0},\"107\":{\"optionIds\":[117],\"value\":null,\"score\":10},\"108\":{\"optionIds\":[121],\"value\":null,\"score\":10},\"109\":{\"optionIds\":[126],\"value\":null,\"score\":5},\"110\":{\"optionIds\":[130],\"value\":null,\"score\":0}}', '2026-06-16 16:42:28', '2026-06-16 16:42:28', '', '', '0');
INSERT INTO `cga_record` VALUES (119, 31, 1, 23, 4, '中度依赖', '工具性日常生活活动能力中度依赖，建议在安全前提下给予部分生活辅助，关注外出、购物、用药等高风险环节，定期评估功能变化。', '{\"201\":{\"optionIds\":[203],\"value\":null,\"score\":0},\"202\":{\"optionIds\":[205],\"value\":null,\"score\":1},\"203\":{\"optionIds\":[212],\"value\":null,\"score\":0},\"204\":{\"optionIds\":[217],\"value\":null,\"score\":0},\"205\":{\"optionIds\":[221],\"value\":null,\"score\":0},\"206\":{\"optionIds\":[223],\"value\":null,\"score\":1},\"207\":{\"optionIds\":[226],\"value\":null,\"score\":1},\"208\":{\"optionIds\":[230],\"value\":null,\"score\":1}}', '2026-06-16 16:43:03', '2026-06-16 16:43:03', '', '', '0');
INSERT INTO `cga_record` VALUES (120, 31, 1, 24, 7, '功能中等', '简易体能状况量表得分提示躯体功能轻度下降，建议加强下肢肌力训练与平衡练习，结合日常步行、起坐练习等功能性活动，3-6 个月复查。', '{\"301\":{\"optionIds\":[301],\"value\":null,\"score\":1},\"302\":{\"optionIds\":[304],\"value\":null,\"score\":1},\"303\":{\"optionIds\":[308],\"value\":null,\"score\":1},\"304\":{\"optionIds\":[313],\"value\":null,\"score\":2},\"305\":{\"optionIds\":[318],\"value\":null,\"score\":2}}', '2026-06-16 16:48:46', '2026-06-16 16:48:46', '', '', '0');
INSERT INTO `cga_record` VALUES (121, 31, 1, 25, 5, '视力评估：低视力；视觉功能评估：视觉功能较差；检出异常项目 2 项', '存在低视力，应考虑是否有屈光不正、早期白内障或干眼症等问题，建议眼科就诊完善视力及验光检查。 视觉功能较差，建议眼科就诊排查白内障、青光眼等病因。', '{\"401\":{\"optionIds\":[402],\"value\":null,\"score\":3},\"402\":{\"optionIds\":[407],\"value\":null,\"score\":1},\"403\":{\"optionIds\":[409],\"value\":null,\"score\":1},\"404\":{\"optionIds\":[410],\"value\":null,\"score\":0}}', '2026-06-16 16:57:12', '2026-06-16 16:57:12', '', '', '0');
INSERT INTO `cga_record` VALUES (122, 31, 1, 26, 5, '听力简易评估：听力下降；耳语试验：单耳异常；检出异常项目 2 项', '存在轻度听力下降，应考虑是否有耵聍栓塞、早期老年性聋或中耳炎等问题，建议耳鼻喉科就诊完善纯音测听检查。 耳语试验单耳阳性，提示单侧听力障碍，建议进一步纯音测听检查。', '{\"501\":{\"optionIds\":[502],\"value\":null,\"score\":3},\"502\":{\"optionIds\":[506],\"value\":null,\"score\":2},\"503\":{\"optionIds\":[509],\"value\":null,\"score\":0}}', '2026-06-16 16:57:24', '2026-06-16 16:57:24', '', '', '0');
INSERT INTO `cga_record` VALUES (123, 31, 1, 27, 6, '居家环境筛查：跌倒风险高（6/14分）；检出跌倒风险 8 项', '居家环境跌倒风险较高，存在多处安全隐患。建议立即进行全面整改，必要时进行适老化改造，避免跌倒事故发生。 风险项：1. 通道无杂乱物品；2. 地板状况良好；3. 地板防滑；4. 地板上有固定的防滑垫；5. 在床上开关灯方便；6. 淋浴室和浴池旁有扶手；7. 楼梯的边缘清晰；8. 房屋周围的路况良好', '{\"601\":{\"optionIds\":[607,609,610,605,611,612],\"value\":null,\"score\":6}}', '2026-06-16 16:57:35', '2026-06-16 16:57:35', '', '', '0');
INSERT INTO `cga_record` VALUES (124, 31, 1, 25, 5, '盲；视觉功能良好；检出异常项目 1 项', '视力已达盲标准，建议尽快眼科专科评估，排查白内障、青光眼、黄斑病变等严重眼部疾病。 视觉功能正常，无明显异常。', '{\"401\":{\"optionIds\":[403],\"value\":null,\"score\":2},\"402\":{\"optionIds\":[407],\"value\":null,\"score\":1},\"403\":{\"optionIds\":[409],\"value\":null,\"score\":1},\"404\":{\"optionIds\":[411],\"value\":null,\"score\":1}}', '2026-06-16 17:00:43', '2026-06-16 17:00:43', '', '', '0');
INSERT INTO `cga_record` VALUES (125, 31, 1, 25, 3, '盲；视觉功能差；检出异常项目 3 项', '视力已达盲标准，建议尽快眼科专科评估，排查白内障、青光眼、黄斑病变等严重眼部疾病。 视觉功能差，存在明显视物异常，建议尽快眼科专科评估，排查黄斑变性、视网膜病变等疾病。', '{\"401\":{\"optionIds\":[403],\"value\":null,\"score\":2},\"402\":{\"optionIds\":[406],\"value\":null,\"score\":0},\"403\":{\"optionIds\":[408],\"value\":null,\"score\":0},\"404\":{\"optionIds\":[411],\"value\":null,\"score\":1}}', '2026-06-16 17:01:15', '2026-06-16 17:01:15', '', '', '0');
INSERT INTO `cga_record` VALUES (126, 31, 1, 27, 5, '居家环境筛查：跌倒风险高（5/14分）；检出跌倒风险 9 项', '居家环境跌倒风险较高，存在多处安全隐患。建议立即进行全面整改，必要时进行适老化改造，避免跌倒事故发生。 风险项：1. 通道杂乱物品；2. 地板状况；3. 地板防滑；4. 灯光亮度；5. 夜间室外及楼道照明；6. 淋浴室和浴池扶手；7. 厕所与浴室距离；8. 楼梯边缘；9. 房屋周围的路况', '{\"601\":{\"optionIds\":[604,606,612,609,611],\"value\":null,\"score\":5}}', '2026-06-16 17:24:39', '2026-06-16 17:24:39', '', '', '0');
INSERT INTO `cga_record` VALUES (127, 31, 1, 27, 8, '居家环境筛查：跌倒风险中等（8/14分）；检出跌倒风险 6 项', '居家环境存在一定跌倒风险。建议针对检出的风险项进行整改，重点改善照明、地面防滑和扶手配置，消除潜在隐患。 风险项：1. 通道杂乱物品；2. 地板状况；3. 地板固定防滑垫；4. 浴池和浴室固定防滑垫；5. 厕所与浴室距离；6. 房屋周围的路况', '{\"601\":{\"optionIds\":[603,605,608,606,607,612,611,613],\"value\":null,\"score\":8}}', '2026-06-16 17:24:59', '2026-06-16 17:24:59', '', '', '0');
INSERT INTO `cga_record` VALUES (128, 31, 1, 30, 14, '尿失禁评估：中度尿失禁；漏尿类型：在睡着时漏尿、在活动和体育运动时漏尿', '中度尿失禁，已对日常生活产生一定影响。建议在医生指导下进行盆底肌康复治疗，必要时使用药物干预。 建议完善专科检查明确诊断。', '{\"901\":{\"optionIds\":[904],\"value\":null,\"score\":3},\"902\":{\"optionIds\":[908],\"value\":null,\"score\":2},\"903\":{\"optionIds\":[918],\"value\":null,\"score\":7},\"904\":{\"optionIds\":[925,926],\"value\":null,\"score\":2}}', '2026-06-16 17:25:15', '2026-06-16 17:25:15', '', '', '0');
INSERT INTO `cga_record` VALUES (129, 31, 1, 31, 0, '便秘评估：存在便秘症状。时间情况：症状开始到现在持续时间：1年7个月；其中大约有多长时间是有症状的：1年。症状表现：排便次数减少（每周<3次）、排便费时【异常】；粪便性状：腊肠样/蛇状，光滑柔软【异常】。', '症状开始到现在持续时间：1年7个月，其中大约有多长时间是有症状的：1年，主要表现为：排便次数减少（每周<3次）、排便费时；粪便性状：腊肠样/蛇状，光滑柔软。建议增加膳食纤维（蔬菜、水果、粗粮）摄入，每日饮水1500-2000ml，规律排便，避免久坐。 建议必要时到消化内科专科就诊，完善相关检查明确诊断。', '{\"1001\":{\"optionIds\":[],\"value\":{\"type\":\"duration\",\"years\":1,\"months\":7,\"unknown\":false,\"text\":\"1年7个月\"},\"score\":0},\"1002\":{\"optionIds\":[],\"value\":{\"type\":\"duration\",\"years\":1,\"months\":0,\"unknown\":false,\"text\":\"1年\"},\"score\":0},\"1003\":{\"optionIds\":[1001,1004],\"value\":null,\"score\":0},\"1004\":{\"optionIds\":[1010],\"value\":null,\"score\":0}}', '2026-06-16 17:25:28', '2026-06-16 17:25:28', '', '', '0');
INSERT INTO `cga_record` VALUES (130, 31, 1, 33, 16, '疼痛强度：静息时感疼痛较重（6分）；疼痛相关存在4项异常', '疼痛强度：静息时感疼痛较重。疼痛情况：部分紧绷（如皱眉）；部分弯曲；对抗呼吸机；呻吟>3次/min且每次持续时间>3s。建议进一步进行疼痛评估，必要时到疼痛科或相关专科就诊，进行针对性的疼痛管理与治疗。', '{\"1201\":{\"optionIds\":[1207],\"value\":null,\"score\":6},\"1202\":{\"optionIds\":[1213],\"value\":null,\"score\":2},\"1203\":{\"optionIds\":[1217],\"value\":null,\"score\":2},\"1204\":{\"optionIds\":[1222],\"value\":null,\"score\":3},\"1205\":{\"optionIds\":[1226],\"value\":null,\"score\":3}}', '2026-06-16 17:25:58', '2026-06-16 17:25:58', '', '', '0');
INSERT INTO `cga_record` VALUES (131, 31, 1, 34, 16, '高度风险。存在高度压力性损伤风险，强烈建议立即进行专业皮肤评估，使用高级减压设备（交替式气垫床），增加翻身频率，加强营养和水分管理，必要时到专科就诊制定详细护理方案。', '存在高度压力性损伤风险，强烈建议立即进行专业皮肤评估，使用高级减压设备（交替式气垫床），增加翻身频率，加强营养和水分管理，必要时到专科就诊制定详细护理方案。', '{\"1301\":{\"optionIds\":[1304],\"value\":null,\"score\":4},\"1302\":{\"optionIds\":[1307],\"value\":null,\"score\":3},\"1303\":{\"optionIds\":[1310],\"value\":null,\"score\":2},\"1304\":{\"optionIds\":[1315],\"value\":null,\"score\":3},\"1305\":{\"optionIds\":[1319],\"value\":null,\"score\":3},\"1306\":{\"optionIds\":[1321],\"value\":null,\"score\":1}}', '2026-06-16 17:26:09', '2026-06-16 17:26:09', '', '', '0');
INSERT INTO `cga_record` VALUES (132, 31, 1, 35, 3, '轻度吞咽困难。存在轻度吞咽困难。', '存在轻度吞咽困难。建议调整饮食质地（软食、糊状食物），进食时采取坐位或半卧位，小口慢咽，每次吞咽后清嗓确认，必要时进行吞咽功能训练。', '{\"1401\":{\"optionIds\":[1403],\"value\":null,\"score\":3}}', '2026-06-16 17:26:19', '2026-06-16 17:26:19', '', '', '0');
INSERT INTO `cga_record` VALUES (133, 31, 1, 36, 3, '总分：3分（基础分3分），存在营养不良风险', '存在营养不良风险。建议加强膳食指导：增加优质蛋白（鸡蛋、牛奶、鱼、豆制品）摄入，每天至少三餐并适当加餐，鼓励户外活动，必要时补充口服营养制剂（ONS）。', '{\"1501\":{\"optionIds\":[1503],\"value\":null,\"score\":2},\"1502\":{\"optionIds\":[1506],\"value\":null,\"score\":1}}', '2026-06-16 17:26:33', '2026-06-16 17:26:33', '', '', '0');
INSERT INTO `cga_record` VALUES (134, 31, 1, 36, 4, '总分：4分（基础分4分），营养不良', '存在明确的营养不良。强烈建议到营养科就诊，进行专业营养评估，制定个性化营养干预方案（包括饮食指导、口服营养补充或肠内营养支持），同时排查导致营养不良的基础疾病。', '{\"1501\":{\"optionIds\":[1502],\"value\":null,\"score\":1},\"1502\":{\"optionIds\":[1508],\"value\":null,\"score\":3}}', '2026-06-16 17:27:01', '2026-06-16 17:27:01', '', '', '0');
INSERT INTO `cga_record` VALUES (135, 31, 1, 41, 0, '本次跌倒风险评估共发现 2 项风险因素，存在中度跌倒风险。', '跌倒风险评估提示中度风险，建议加强预防措施：改善家居环境、必要时使用辅助行走器具、穿着防滑鞋、进行平衡与肌力训练、加强陪护与观察。', '{\"2001\":{\"optionIds\":[2001],\"value\":null,\"score\":0},\"2002\":{\"optionIds\":[2003],\"value\":null,\"score\":0},\"2003\":{\"optionIds\":[2006],\"value\":null,\"score\":0},\"2004\":{\"optionIds\":[2009],\"value\":null,\"score\":0},\"2005\":{\"optionIds\":[2010],\"value\":null,\"score\":0},\"2006\":{\"optionIds\":[2014],\"value\":null,\"score\":0}}', '2026-06-16 17:27:15', '2026-06-16 17:27:15', '', '', '0');
INSERT INTO `cga_record` VALUES (136, 31, 1, 42, 0, '本次多重用药评估共发现 4 项用药相关问题，存在中度多重用药风险。', '多重用药评估提示存在中度多重用药风险，建议尽快至临床药师或专科医生处进行用药重整，评估重复用药、药物相互作用及潜在不良反应，优化用药方案。', '{\"2101\":{\"optionIds\":[2101],\"value\":null,\"score\":0},\"2102\":{\"optionIds\":[2104],\"value\":null,\"score\":0},\"2103\":{\"optionIds\":[2105],\"value\":null,\"score\":0},\"2104\":{\"optionIds\":[2107],\"value\":null,\"score\":0},\"2105\":{\"optionIds\":[2109],\"value\":null,\"score\":0}}', '2026-06-16 17:27:34', '2026-06-16 17:27:34', '', '', '0');
INSERT INTO `cga_record` VALUES (137, 31, 1, 37, 10, '微营养筛选量表：5 分；营养标准量表：5 分；综合评分：10 分；评估结论：营养不良', '存在明确的营养不良。强烈建议：（1）尽快到营养科或老年科就诊，进行专业营养评估（如血清白蛋白、前白蛋白、血红蛋白等指标检测）；（2）制定个性化营养干预方案，包括饮食指导、口服营养补充或必要时肠内营养支持；（3）排查导致营养不良的基础疾病并进行针对性处理。', '{\"1601\":{\"optionIds\":[1602],\"value\":null,\"score\":1},\"1602\":{\"optionIds\":[1605],\"value\":null,\"score\":1},\"1603\":{\"optionIds\":[1608],\"value\":null,\"score\":0},\"1604\":{\"optionIds\":[1612],\"value\":null,\"score\":2},\"1605\":{\"optionIds\":[1614],\"value\":null,\"score\":1},\"1606\":{\"optionIds\":[],\"value\":[],\"score\":0},\"1607\":{\"optionIds\":[1620],\"value\":null,\"score\":0},\"1701\":{\"optionIds\":[1703],\"value\":null,\"score\":1},\"1702\":{\"optionIds\":[1706],\"value\":null,\"score\":1},\"1703\":{\"optionIds\":[1708],\"value\":null,\"score\":1},\"1704\":{\"optionIds\":[1710],\"value\":null,\"score\":1},\"1705\":{\"optionIds\":[1714],\"value\":null,\"score\":1},\"1706\":{\"optionIds\":[],\"value\":[],\"score\":0},\"1707\":{\"optionIds\":[1719],\"value\":null,\"score\":0}}', '2026-06-16 17:27:56', '2026-06-16 17:27:56', '', '', '0');
INSERT INTO `cga_record` VALUES (138, 31, 1, 32, 13, 'AIS总分：13分，存在睡眠障碍', '存在明确的睡眠障碍，建议进一步完善睡眠相关检查，评估睡眠障碍类型，并给予针对性的干预和治疗。', '{\"1101\":{\"optionIds\":[1103],\"value\":null,\"score\":2},\"1102\":{\"optionIds\":[1107],\"value\":null,\"score\":2},\"1103\":{\"optionIds\":[1110],\"value\":null,\"score\":1},\"1104\":{\"optionIds\":[1115],\"value\":null,\"score\":2},\"1105\":{\"optionIds\":[1119],\"value\":null,\"score\":2},\"1106\":{\"optionIds\":[1123],\"value\":null,\"score\":2},\"1107\":{\"optionIds\":[1127],\"value\":null,\"score\":2},\"1108\":{\"optionIds\":[1129],\"value\":null,\"score\":0}}', '2026-06-16 17:28:13', '2026-06-16 17:28:13', '', '', '0');
INSERT INTO `cga_record` VALUES (139, 31, 1, 40, 7, '轻度抑郁', '抑郁专项评估提示轻度抑郁，建议加强心理支持与社会关怀，保持规律作息与适当运动，必要时专科咨询或复评。', '{\"1901\":{\"optionIds\":[1901],\"value\":null,\"score\":0},\"1902\":{\"optionIds\":[1904],\"value\":null,\"score\":0},\"1903\":{\"optionIds\":[1906],\"value\":null,\"score\":0},\"1904\":{\"optionIds\":[1908],\"value\":null,\"score\":0},\"1905\":{\"optionIds\":[1909],\"value\":null,\"score\":0},\"1906\":{\"optionIds\":[1911],\"value\":null,\"score\":1},\"1907\":{\"optionIds\":[1913],\"value\":null,\"score\":0},\"1908\":{\"optionIds\":[1915],\"value\":null,\"score\":1},\"1909\":{\"optionIds\":[1917],\"value\":null,\"score\":1},\"1910\":{\"optionIds\":[1919],\"value\":null,\"score\":1},\"1911\":{\"optionIds\":[1922],\"value\":null,\"score\":1},\"1912\":{\"optionIds\":[1924],\"value\":null,\"score\":0},\"1913\":{\"optionIds\":[1925],\"value\":null,\"score\":0},\"1914\":{\"optionIds\":[1927],\"value\":null,\"score\":1},\"1915\":{\"optionIds\":[1929],\"value\":null,\"score\":1}}', '2026-06-16 17:28:37', '2026-06-16 17:28:37', '', '', '0');
INSERT INTO `cga_record` VALUES (140, 31, 1, 43, 10, '中度焦虑', 'GAD-7 评分提示中度焦虑，建议至精神心理专科进一步评估，考虑结合心理治疗（如认知行为治疗）与必要的药物干预，同时关注躯体健康与生活方式调整。', '{\"2201\":{\"optionIds\":[2203],\"value\":null,\"score\":2},\"2202\":{\"optionIds\":[2206],\"value\":null,\"score\":1},\"2203\":{\"optionIds\":[2210],\"value\":null,\"score\":1},\"2204\":{\"optionIds\":[2214],\"value\":null,\"score\":1},\"2205\":{\"optionIds\":[2219],\"value\":null,\"score\":2},\"2206\":{\"optionIds\":[2223],\"value\":null,\"score\":2},\"2207\":{\"optionIds\":[2226],\"value\":null,\"score\":1}}', '2026-06-16 17:28:52', '2026-06-16 17:28:52', '', '', '0');
INSERT INTO `cga_record` VALUES (141, 32, 1, 0, 96, NULL, NULL, '{\"1\":{\"optionIds\":[1],\"value\":null,\"score\":8},\"2\":{\"optionIds\":[3],\"value\":null,\"score\":6},\"3\":{\"optionIds\":[5],\"value\":null,\"score\":4},\"4\":{\"optionIds\":[7],\"value\":null,\"score\":8},\"5\":{\"optionIds\":[9],\"value\":null,\"score\":8},\"7\":{\"optionIds\":[12],\"value\":null,\"score\":2},\"8\":{\"optionIds\":[17],\"value\":null,\"score\":3},\"9\":{\"optionIds\":[18],\"value\":null,\"score\":3},\"10\":{\"optionIds\":[20],\"value\":null,\"score\":1},\"11\":{\"optionIds\":[22],\"value\":null,\"score\":1},\"12\":{\"optionIds\":[24],\"value\":null,\"score\":1},\"13\":{\"optionIds\":[26],\"value\":null,\"score\":1},\"14\":{\"optionIds\":[28],\"value\":null,\"score\":1},\"15\":{\"optionIds\":[30],\"value\":null,\"score\":3},\"16\":{\"optionIds\":[32],\"value\":null,\"score\":3},\"17\":{\"optionIds\":[34],\"value\":null,\"score\":3},\"18\":{\"optionIds\":[36],\"value\":null,\"score\":6},\"19\":{\"optionIds\":[38],\"value\":null,\"score\":4},\"20\":{\"optionIds\":[40],\"value\":null,\"score\":5},\"21\":{\"optionIds\":[63,65],\"value\":null,\"score\":4},\"22\":{\"optionIds\":[44],\"value\":null,\"score\":1},\"23\":{\"optionIds\":[46],\"value\":null,\"score\":1},\"24\":{\"optionIds\":[48],\"value\":null,\"score\":1},\"25\":{\"optionIds\":[50],\"value\":null,\"score\":1},\"26\":{\"optionIds\":[52],\"value\":null,\"score\":3},\"27\":{\"optionIds\":[54],\"value\":null,\"score\":3},\"28\":{\"optionIds\":[56],\"value\":null,\"score\":6},\"29\":{\"optionIds\":[58],\"value\":null,\"score\":3},\"30\":{\"optionIds\":[60],\"value\":null,\"score\":2}}', '2026-06-16 17:47:35', '2026-06-16 17:47:35', '', '', '0');
INSERT INTO `cga_record` VALUES (142, 33, 1, 0, 100, NULL, NULL, '{\"1\":{\"optionIds\":[1],\"value\":null,\"score\":8},\"2\":{\"optionIds\":[3],\"value\":null,\"score\":6},\"3\":{\"optionIds\":[5],\"value\":null,\"score\":4},\"4\":{\"optionIds\":[7],\"value\":null,\"score\":8},\"5\":{\"optionIds\":[9],\"value\":null,\"score\":8},\"7\":{\"optionIds\":[12],\"value\":null,\"score\":2},\"8\":{\"optionIds\":[17],\"value\":null,\"score\":3},\"9\":{\"optionIds\":[18],\"value\":null,\"score\":3},\"10\":{\"optionIds\":[20],\"value\":null,\"score\":1},\"11\":{\"optionIds\":[22],\"value\":null,\"score\":1},\"12\":{\"optionIds\":[24],\"value\":null,\"score\":1},\"13\":{\"optionIds\":[26],\"value\":null,\"score\":1},\"14\":{\"optionIds\":[28],\"value\":null,\"score\":1},\"15\":{\"optionIds\":[30],\"value\":null,\"score\":3},\"16\":{\"optionIds\":[32],\"value\":null,\"score\":3},\"17\":{\"optionIds\":[34],\"value\":null,\"score\":3},\"18\":{\"optionIds\":[36],\"value\":null,\"score\":6},\"19\":{\"optionIds\":[38],\"value\":null,\"score\":4},\"20\":{\"optionIds\":[40],\"value\":null,\"score\":5},\"21\":{\"optionIds\":[63,65,64,66],\"value\":null,\"score\":8},\"22\":{\"optionIds\":[44],\"value\":null,\"score\":1},\"23\":{\"optionIds\":[46],\"value\":null,\"score\":1},\"24\":{\"optionIds\":[48],\"value\":null,\"score\":1},\"25\":{\"optionIds\":[50],\"value\":null,\"score\":1},\"26\":{\"optionIds\":[52],\"value\":null,\"score\":3},\"27\":{\"optionIds\":[54],\"value\":null,\"score\":3},\"28\":{\"optionIds\":[56],\"value\":null,\"score\":6},\"29\":{\"optionIds\":[58],\"value\":null,\"score\":3},\"30\":{\"optionIds\":[60],\"value\":null,\"score\":2}}', '2026-06-17 10:37:30', '2026-06-17 10:37:30', '', '', '0');
INSERT INTO `cga_record` VALUES (143, 34, 1, 0, 100, NULL, NULL, '{\"1\":{\"optionIds\":[1],\"value\":null,\"score\":8},\"2\":{\"optionIds\":[3],\"value\":null,\"score\":6},\"3\":{\"optionIds\":[5],\"value\":null,\"score\":4},\"4\":{\"optionIds\":[7],\"value\":null,\"score\":8},\"5\":{\"optionIds\":[9],\"value\":null,\"score\":8},\"7\":{\"optionIds\":[12],\"value\":null,\"score\":2},\"8\":{\"optionIds\":[17],\"value\":null,\"score\":3},\"9\":{\"optionIds\":[18],\"value\":null,\"score\":3},\"10\":{\"optionIds\":[20],\"value\":null,\"score\":1},\"11\":{\"optionIds\":[22],\"value\":null,\"score\":1},\"12\":{\"optionIds\":[24],\"value\":null,\"score\":1},\"13\":{\"optionIds\":[26],\"value\":null,\"score\":1},\"14\":{\"optionIds\":[28],\"value\":null,\"score\":1},\"15\":{\"optionIds\":[30],\"value\":null,\"score\":3},\"16\":{\"optionIds\":[32],\"value\":null,\"score\":3},\"17\":{\"optionIds\":[34],\"value\":null,\"score\":3},\"18\":{\"optionIds\":[36],\"value\":null,\"score\":6},\"19\":{\"optionIds\":[38],\"value\":null,\"score\":4},\"20\":{\"optionIds\":[40],\"value\":null,\"score\":5},\"21\":{\"optionIds\":[65,66,64,63],\"value\":null,\"score\":8},\"22\":{\"optionIds\":[44],\"value\":null,\"score\":1},\"23\":{\"optionIds\":[46],\"value\":null,\"score\":1},\"24\":{\"optionIds\":[48],\"value\":null,\"score\":1},\"25\":{\"optionIds\":[50],\"value\":null,\"score\":1},\"26\":{\"optionIds\":[52],\"value\":null,\"score\":3},\"27\":{\"optionIds\":[54],\"value\":null,\"score\":3},\"28\":{\"optionIds\":[56],\"value\":null,\"score\":6},\"29\":{\"optionIds\":[58],\"value\":null,\"score\":3},\"30\":{\"optionIds\":[60],\"value\":null,\"score\":2}}', '2026-06-17 10:42:11', '2026-06-17 10:42:11', '', '', '0');
INSERT INTO `cga_record` VALUES (144, 34, 1, 0, 97, NULL, NULL, '{\"1\":{\"optionIds\":[1],\"value\":null,\"score\":8},\"2\":{\"optionIds\":[3],\"value\":null,\"score\":6},\"3\":{\"optionIds\":[5],\"value\":null,\"score\":4},\"4\":{\"optionIds\":[7],\"value\":null,\"score\":8},\"5\":{\"optionIds\":[9],\"value\":null,\"score\":8},\"7\":{\"optionIds\":[12],\"value\":null,\"score\":2},\"8\":{\"optionIds\":[16],\"value\":null,\"score\":2},\"9\":{\"optionIds\":[18],\"value\":null,\"score\":3},\"10\":{\"optionIds\":[20],\"value\":null,\"score\":1},\"11\":{\"optionIds\":[22],\"value\":null,\"score\":1},\"12\":{\"optionIds\":[24],\"value\":null,\"score\":1},\"13\":{\"optionIds\":[26],\"value\":null,\"score\":1},\"14\":{\"optionIds\":[28],\"value\":null,\"score\":1},\"15\":{\"optionIds\":[30],\"value\":null,\"score\":3},\"16\":{\"optionIds\":[32],\"value\":null,\"score\":3},\"17\":{\"optionIds\":[34],\"value\":null,\"score\":3},\"18\":{\"optionIds\":[36],\"value\":null,\"score\":6},\"19\":{\"optionIds\":[38],\"value\":null,\"score\":4},\"20\":{\"optionIds\":[40],\"value\":null,\"score\":5},\"21\":{\"optionIds\":[63,65,64],\"value\":null,\"score\":6},\"22\":{\"optionIds\":[44],\"value\":null,\"score\":1},\"23\":{\"optionIds\":[46],\"value\":null,\"score\":1},\"24\":{\"optionIds\":[48],\"value\":null,\"score\":1},\"25\":{\"optionIds\":[50],\"value\":null,\"score\":1},\"26\":{\"optionIds\":[52],\"value\":null,\"score\":3},\"27\":{\"optionIds\":[54],\"value\":null,\"score\":3},\"28\":{\"optionIds\":[56],\"value\":null,\"score\":6},\"29\":{\"optionIds\":[58],\"value\":null,\"score\":3},\"30\":{\"optionIds\":[60],\"value\":null,\"score\":2}}', '2026-06-17 11:24:37', '2026-06-17 11:24:37', '', '', '0');
INSERT INTO `cga_record` VALUES (145, 35, 1, 22, 60, '中度依赖', '基本日常生活活动能力中度依赖，建议给予部分生活照护，重点关注转移、行走、上下楼梯等风险环节，并进行针对性功能训练。', '{\"101\":{\"optionIds\":[102],\"value\":null,\"score\":5},\"102\":{\"optionIds\":[104],\"value\":null,\"score\":5},\"103\":{\"optionIds\":[106],\"value\":null,\"score\":5},\"104\":{\"optionIds\":[109],\"value\":null,\"score\":5},\"105\":{\"optionIds\":[112],\"value\":null,\"score\":5},\"106\":{\"optionIds\":[115],\"value\":null,\"score\":5},\"107\":{\"optionIds\":[117],\"value\":null,\"score\":10},\"108\":{\"optionIds\":[123],\"value\":null,\"score\":0},\"109\":{\"optionIds\":[125],\"value\":null,\"score\":10},\"110\":{\"optionIds\":[128],\"value\":null,\"score\":10}}', '2026-06-18 09:32:28', '2026-06-18 09:32:28', '', '', '0');
INSERT INTO `cga_record` VALUES (146, 36, 1, 22, 50, '中度依赖', '基本日常生活活动能力中度依赖，建议给予部分生活照护，重点关注转移、行走、上下楼梯等风险环节，并进行针对性功能训练。', '{\"101\":{\"optionIds\":[103],\"value\":null,\"score\":0},\"102\":{\"optionIds\":[105],\"value\":null,\"score\":0},\"103\":{\"optionIds\":[107],\"value\":null,\"score\":0},\"104\":{\"optionIds\":[109],\"value\":null,\"score\":5},\"105\":{\"optionIds\":[112],\"value\":null,\"score\":5},\"106\":{\"optionIds\":[115],\"value\":null,\"score\":5},\"107\":{\"optionIds\":[119],\"value\":null,\"score\":0},\"108\":{\"optionIds\":[120],\"value\":null,\"score\":15},\"109\":{\"optionIds\":[124],\"value\":null,\"score\":15},\"110\":{\"optionIds\":[129],\"value\":null,\"score\":5}}', '2026-06-18 09:53:20', '2026-06-18 09:53:20', '', '', '0');
INSERT INTO `cga_record` VALUES (147, 37, 1, 28, 3, '简易智力评估：认知障碍筛查阴性（总分3/5分）；画钟试验：正常（2/2分）；延迟回忆：轻度减退（1/3分）', '认知功能基本正常，建议保持规律作息，多进行脑力活动，定期进行认知功能检查。', '{\"702\":{\"optionIds\":[701],\"value\":null,\"score\":2},\"703\":{\"optionIds\":[704],\"value\":null,\"score\":1}}', '2026-06-18 09:57:33', '2026-06-18 09:57:33', '', '', '0');
INSERT INTO `cga_record` VALUES (148, 38, 1, 0, 2, NULL, NULL, '{\"1\":{\"optionIds\":[2],\"value\":null,\"score\":0},\"2\":{\"optionIds\":[4],\"value\":null,\"score\":0},\"3\":{\"optionIds\":[6],\"value\":null,\"score\":0},\"4\":{\"optionIds\":[8],\"value\":null,\"score\":0},\"5\":{\"optionIds\":[10],\"value\":null,\"score\":0},\"7\":{\"optionIds\":[13],\"value\":null,\"score\":0},\"8\":{\"optionIds\":[14],\"value\":null,\"score\":0},\"9\":{\"optionIds\":[19],\"value\":null,\"score\":0},\"10\":{\"optionIds\":[21],\"value\":null,\"score\":0},\"11\":{\"optionIds\":[23],\"value\":null,\"score\":0},\"12\":{\"optionIds\":[25],\"value\":null,\"score\":0},\"13\":{\"optionIds\":[27],\"value\":null,\"score\":0},\"14\":{\"optionIds\":[29],\"value\":null,\"score\":0},\"15\":{\"optionIds\":[31],\"value\":null,\"score\":0},\"16\":{\"optionIds\":[33],\"value\":null,\"score\":0},\"17\":{\"optionIds\":[35],\"value\":null,\"score\":0},\"18\":{\"optionIds\":[37],\"value\":null,\"score\":0},\"19\":{\"optionIds\":[39],\"value\":null,\"score\":0},\"20\":{\"optionIds\":[41],\"value\":null,\"score\":0},\"21\":{\"optionIds\":[66],\"value\":null,\"score\":2},\"22\":{\"optionIds\":[45],\"value\":null,\"score\":0},\"23\":{\"optionIds\":[47],\"value\":null,\"score\":0},\"24\":{\"optionIds\":[49],\"value\":null,\"score\":0},\"25\":{\"optionIds\":[51],\"value\":null,\"score\":0},\"26\":{\"optionIds\":[53],\"value\":null,\"score\":0},\"27\":{\"optionIds\":[55],\"value\":null,\"score\":0},\"28\":{\"optionIds\":[57],\"value\":null,\"score\":0},\"29\":{\"optionIds\":[59],\"value\":null,\"score\":0},\"30\":{\"optionIds\":[61],\"value\":null,\"score\":0}}', '2026-06-18 16:34:50', '2026-06-18 16:34:50', '', '', '0');

-- ----------------------------
-- Table structure for cga_scale
-- ----------------------------
DROP TABLE IF EXISTS `cga_scale`;
CREATE TABLE `cga_scale`  (
  `id` bigint NOT NULL AUTO_INCREMENT COMMENT '主键',
  `scale_name` varchar(100) CHARACTER SET utf8mb4 COLLATE utf8mb4_unicode_ci NOT NULL COMMENT '量表名称',
  `code` varchar(50) CHARACTER SET utf8mb4 COLLATE utf8mb4_unicode_ci NULL DEFAULT NULL COMMENT '编码(cga/gds15/gad7...)',
  `total_score` int NULL DEFAULT NULL COMMENT '总分',
  `remark` varchar(500) CHARACTER SET utf8mb4 COLLATE utf8mb4_unicode_ci NULL DEFAULT NULL COMMENT '说明',
  `create_time` datetime NULL DEFAULT CURRENT_TIMESTAMP COMMENT '创建时间',
  `update_time` datetime NULL DEFAULT CURRENT_TIMESTAMP ON UPDATE CURRENT_TIMESTAMP COMMENT '更新时间',
  `create_by` varchar(64) CHARACTER SET utf8mb4 COLLATE utf8mb4_unicode_ci NULL DEFAULT NULL COMMENT '创建者',
  `update_by` varchar(64) CHARACTER SET utf8mb4 COLLATE utf8mb4_unicode_ci NULL DEFAULT NULL COMMENT '更新者',
  `del_flag` char(1) CHARACTER SET utf8mb4 COLLATE utf8mb4_unicode_ci NULL DEFAULT '0' COMMENT '删除标记(0-未删除 1-已删除)',
  PRIMARY KEY (`id`) USING BTREE
) ENGINE = InnoDB AUTO_INCREMENT = 211 CHARACTER SET = utf8mb4 COLLATE = utf8mb4_unicode_ci COMMENT = '老年综合评估量表主表' ROW_FORMAT = Dynamic;

-- ----------------------------
-- Records of cga_scale
-- ----------------------------
INSERT INTO `cga_scale` VALUES (1, '基本日常生活活动能力评估', 'basic_adl', 8, 'WS/T 888-2026 B.1', '2026-06-06 12:17:39', '2026-06-16 15:28:11', NULL, NULL, '0');
INSERT INTO `cga_scale` VALUES (2, '工具性日常生活活动能力评估', 'instrumental_adl', 6, 'WS/T 888-2026 B.2', '2026-06-06 12:17:39', '2026-06-16 15:28:48', NULL, NULL, '0');
INSERT INTO `cga_scale` VALUES (3, '简易体能状况评估', 'exercise_function', 4, 'WS/T 888-2026 B.3', '2026-06-08 15:37:57', '2026-06-16 15:29:40', NULL, NULL, '0');
INSERT INTO `cga_scale` VALUES (4, '视力视觉简易评估', 'vision_assessment', 8, 'WS/T 888-2026 B.4+B.5', '2026-06-06 12:17:39', '2026-06-06 12:17:39', NULL, NULL, '0');
INSERT INTO `cga_scale` VALUES (5, '听力简易评估', 'hearing_assessment', 8, 'WS/T 888-2026 B.6+B.7', '2026-06-06 12:17:39', '2026-06-06 14:14:57', NULL, NULL, '0');
INSERT INTO `cga_scale` VALUES (6, '简易智力评估', 'cognition_screen', 5, 'WS/T 888-2026 B.8', '2026-06-06 12:17:39', '2026-06-16 15:30:57', NULL, NULL, '0');
INSERT INTO `cga_scale` VALUES (7, '居家环境评估', 'home_environment', 3, 'WS/T 888-2026 B.9', '2026-06-06 12:17:39', '2026-06-16 15:47:23', NULL, NULL, '0');
INSERT INTO `cga_scale` VALUES (8, 'FRAIL衰弱评估', 'frail_assessment', 5, 'WS/T 888-2026 B.10', '2026-06-06 12:17:39', '2026-06-06 14:00:57', NULL, NULL, '0');
INSERT INTO `cga_scale` VALUES (9, '尿失禁评估', 'incontinence_screen', 3, 'WS/T 888-2026 B.11', '2026-06-06 12:17:39', '2026-06-16 15:48:41', NULL, NULL, '0');
INSERT INTO `cga_scale` VALUES (10, '便秘症状评估', 'constipation_screen', 3, 'WS/T 888-2026 B.12', '2026-06-06 12:17:39', '2026-06-16 15:49:25', NULL, NULL, '0');
INSERT INTO `cga_scale` VALUES (11, '阿森斯失眠评估', 'sleep_disorder_screen', 3, 'WS/T 888-2026 B.13', '2026-06-06 12:17:39', '2026-06-16 15:50:26', NULL, NULL, '0');
INSERT INTO `cga_scale` VALUES (12, '慢性疼痛筛查', 'chronic_pain_screen', 6, 'WS/T 888-2026 B.14+B.15', '2026-06-06 12:17:39', '2026-06-06 12:17:39', NULL, NULL, '0');
INSERT INTO `cga_scale` VALUES (13, '压力性损伤风险评估', 'pressure_injury_risk', 4, 'WS/T 888-2026 B.16', '2026-06-06 12:17:39', '2026-06-16 15:50:29', NULL, NULL, '0');
INSERT INTO `cga_scale` VALUES (14, '吞咽评估', 'water_swallowing_test', 5, 'WS/T 888-2026 B.17', '2026-06-06 12:17:39', '2026-06-16 15:51:07', NULL, NULL, '0');
INSERT INTO `cga_scale` VALUES (15, '营养风险评估', 'nutrition_risk_screen', 8, 'WS/T 888-2026 B.18+B.19', '2026-06-06 12:17:39', '2026-06-16 15:51:23', NULL, NULL, '0');
INSERT INTO `cga_scale` VALUES (16, '谵妄（意识模糊）评估', 'delirium_assessment', 4, 'WS/T 888-2026 B.21', '2026-06-06 12:17:39', '2026-06-16 15:51:47', NULL, NULL, '0');
INSERT INTO `cga_scale` VALUES (17, '抑郁评估', 'depression_screen', 3, 'WS/T 888-2026 7.3.2', '2026-06-06 12:17:39', '2026-06-16 15:55:46', NULL, NULL, '0');
INSERT INTO `cga_scale` VALUES (18, '焦虑评估', 'anxiety_screen', 3, 'WS/T 888-2026 7.3.3', '2026-06-06 12:17:39', '2026-06-16 15:55:49', NULL, NULL, '0');
INSERT INTO `cga_scale` VALUES (19, '跌倒风险评估', 'fall_risk_screen', 6, 'WS/T 888-2026 7.5.1', '2026-06-06 12:17:39', '2026-06-16 15:56:16', NULL, NULL, '0');
INSERT INTO `cga_scale` VALUES (20, '多重用药状态评估', 'polypharmacy_assessment', 3, 'WS/T 888-2026 7.5.8', '2026-06-06 12:17:39', '2026-06-06 14:17:01', NULL, NULL, '0');
INSERT INTO `cga_scale` VALUES (21, '微营养评估', 'sarcopenia_screen', 2, 'WS/T 888-2026 7.5.11', '2026-06-06 12:17:39', '2026-06-16 15:51:37', NULL, NULL, '0');
INSERT INTO `cga_scale` VALUES (22, '基本日常生活活动能力评估量表', 'daily_life', 100, 'WS/T 888-2026 附录B 医疗机构老年人基本日常生活活动能力评估量表', '2026-06-08 10:33:21', '2026-06-09 11:39:58', NULL, NULL, '0');
INSERT INTO `cga_scale` VALUES (23, '工具性日常生活活动能力量表', 'instrumental_life', 8, 'WS/T 888-2026 B.2 医疗机构老年人工具性日常生活活动能力量表', '2026-06-09 11:43:40', '2026-06-10 08:57:06', NULL, NULL, '0');
INSERT INTO `cga_scale` VALUES (24, '简易体能状况量表（SPPB）', 'sppb', 12, 'WS/T 888-2026 B.3 医疗机构老年人简易体能状况量表，总分12分，10-12良好/7-9中等/0-6较差', '2026-06-09 15:41:25', '2026-06-09 15:41:36', NULL, NULL, '0');
INSERT INTO `cga_scale` VALUES (25, '视力与视觉功能综合评估表', 'visual_acuity', 7, 'WS/T 888-2026 B.4+B.5 视力+视觉功能联合评估，总分7分', '2026-06-10 08:47:39', '2026-06-10 08:49:58', NULL, NULL, '0');
INSERT INTO `cga_scale` VALUES (26, '听力与耳语试验综合评估表', 'listening', 8, 'WS/T 888-2026 B.6+B.7 听力简易评估+耳语试验联合评估；总分8分：4分（听力）+4分（耳语试验）', '2026-06-10 09:27:04', '2026-06-10 09:31:44', NULL, NULL, '0');
INSERT INTO `cga_scale` VALUES (27, '居家环境筛查表', 'home_environment', 14, 'WS/T 888-2026 B.9 居家环境筛查表；多选，勾选=是=1分，不勾选=否=0分；得分越低，居家环境风险越大', '2026-06-10 10:00:55', '2026-06-10 10:00:55', NULL, NULL, '0');
INSERT INTO `cga_scale` VALUES (28, '简易智力评估量表（认知功能）', 'cognition', 5, 'WS/T 888-2026 B.8；标准流程：1. 念3个词让老人记住 2. 完成画钟试验 3. 延迟回忆；总分5分：0~2分认知障碍筛查阳性，3~5分阴性', '2026-06-10 10:51:12', '2026-06-10 10:51:40', NULL, NULL, '0');
INSERT INTO `cga_scale` VALUES (29, 'FRAIL衰弱评估量表', 'frail_scale', 5, 'WS/T 888-2026 B.10；每题1分，共5分；≥3分衰弱，1~2分衰弱前期，0分无衰弱', '2026-06-10 14:51:57', '2026-06-10 14:51:57', NULL, NULL, '0');
INSERT INTO `cga_scale` VALUES (30, '国际尿失禁咨询委员会尿失禁问卷表（简表）', 'urinary_incontinence', 21, 'WS/T 888-2026 B.11；评估最近4周漏尿情况；1-3题得分相加，总分0-21分；分值越高，尿失禁程度越轻；第4题为多选题，仅记录情况不计入总分', '2026-06-10 15:06:32', '2026-06-10 15:06:32', NULL, NULL, '0');
INSERT INTO `cga_scale` VALUES (31, '老年人便秘症状评估表', 'constipation', 0, 'WS/T 888-2026 医疗机构老年人便秘症状评估表，用于评估老年人便秘相关症状', '2026-06-10 16:06:24', '2026-06-10 16:06:39', 'admin', 'admin', '0');
INSERT INTO `cga_scale` VALUES (32, '阿森斯失眠量表(AIS)', 'insomnia', 24, 'WS/T 888-2026 医疗机构老年人睡眠障碍量表，阿森斯失眠量表(AIS)，用于评估过去1个月内的睡眠质量', '2026-06-11 09:37:22', '2026-06-11 09:37:22', 'admin', 'admin', '0');
INSERT INTO `cga_scale` VALUES (33, '老年人慢性疼痛综合评估量表', 'chronic_pain', 26, 'WS/T 888-2026 合并量表：包含慢性疼痛数字评定量表(NRS)和慢性疼痛行为评估量表(CPOT)；行为量表：插管患者评1+2+3题，非插管患者评1+2+4题', '2026-06-11 10:08:19', '2026-06-11 10:08:39', 'admin', 'admin', '0');
INSERT INTO `cga_scale` VALUES (34, '老年人压力性损伤风险评估量表(Braden)', 'pressure_injury_ws_t888_2026', 23, 'WS/T 888-2026 压力性损伤风险评估量表；反向计分：分数越低风险越高；评判标准：≤9分极高危，10~12分高危，13~14分中危，15~18分低危', '2026-06-11 10:33:52', '2026-06-11 10:33:52', 'admin', 'admin', '0');
INSERT INTO `cga_scale` VALUES (35, '洼田饮水试验（吞咽障碍评估）', 'swallowing', 5, 'WS/T 888-2026 老年人吞咽障碍评估；操作方法：患者坐位，饮用30ml温开水，观察饮水时间、呛咳及异常征象；评判结果：正常/可疑异常/异常', '2026-06-11 10:46:23', '2026-06-11 10:46:23', 'admin', 'admin', '0');
INSERT INTO `cga_scale` VALUES (36, '老年人营养风险终筛表(NRS 2002)', 'nutrition', 7, 'WS/T 888-2026 营养风险终筛；总分0~7分；评判标准：0~2分每周复评，3~7分存在营养风险启动营养干预；年龄≥70岁加1分', '2026-06-11 15:19:30', '2026-06-11 16:04:13', 'admin', 'admin', '0');
INSERT INTO `cga_scale` VALUES (37, '老年人微营养评定法(简表)(MNA-SF)', 'micro_nutrition', 14, 'WS/T 888-2026 微营养评定；总分0~14分；评判标准：≤11分存在营养不良风险；【核心规则】BMI与小腿围二选一评分，不要同时计分', '2026-06-11 16:02:41', '2026-06-11 16:04:20', 'admin', 'admin', '0');
INSERT INTO `cga_scale` VALUES (38, '老年人营养不良诊断与分级标准(GLIM)', 'glim_malnutrition_ws_t888_2026', 0, 'WS/T 888-2026 全球领导人营养不良倡议标准；【诊断逻辑】任何1项表现型指标 + 任何1项病因型指标 = 确诊营养不良；【分级】符合严重程度任一为重度，否则为中度', '2026-06-11 16:20:28', '2026-06-11 16:20:28', 'admin', 'admin', '0');
INSERT INTO `cga_scale` VALUES (39, '老年人谵妄（意识模糊）评估量表', 'delirium', 0, 'WS/T 888-2026 谵妄评估；【诊断逻辑】条目1是 AND 条目2是 AND (条目3是 OR 条目4是) = 诊断为谵妄；【条目1规则】任意一个子问题为是即选\"是\"', '2026-06-12 15:02:50', '2026-06-12 15:02:50', 'admin', 'admin', '0');
INSERT INTO `cga_scale` VALUES (40, 'GDS-15简版老年抑郁量表', 'depression', 15, '【评分规则】正向题：选\"是\"得1分，选\"否\"得0分；反向题（1、5、7、11、13题）：选\"否\"得1分，选\"是\"得0分；【评判标准】≤4分：无抑郁；5~9分：可疑抑郁；≥10分：抑郁', '2026-06-12 15:55:17', '2026-06-12 15:55:17', 'admin', 'admin', '0');
INSERT INTO `cga_scale` VALUES (41, '老年人跌倒风险筛查量表', 'fall_risk_screen', 0, '老年人跌倒风险初筛量表；评估跌倒相关危险因素，包括跌倒史、基础疾病、辅助用具、用药情况、步态及认知状态', '2026-06-12 16:24:04', '2026-06-12 16:24:04', 'admin', 'admin', '0');
INSERT INTO `cga_scale` VALUES (42, 'Beers不适当用药筛查量表', 'medication', 0, '老年人潜在不恰当用药(PIM)筛查；PIM：潜在不恰当用药；存在任意一项风险建议请药师会诊调整用药方案', '2026-06-12 16:49:50', '2026-06-12 16:55:21', 'admin', 'admin', '0');
INSERT INTO `cga_scale` VALUES (43, 'GAD-7广泛性焦虑障碍筛查量表', 'anxiety', 21, '【评分规则】从没有=0分，有几天=1分，一半天数以上=2分，几乎每天=3分；【评判标准】0~4分：无焦虑；5~9分：轻度焦虑；10~14分：中度焦虑；15~21分：重度焦虑', '2026-06-12 17:02:11', '2026-06-12 17:02:55', 'admin', 'admin', '0');
INSERT INTO `cga_scale` VALUES (44, '老年人基本信息采集表', 'basic_information', 0, '老年综合评估基础信息采集表；标注*为必填项，可根据机构已有评估对象信息情况适当采集', '2026-06-15 17:03:50', '2026-06-15 17:04:34', 'admin', 'admin', '0');

-- ----------------------------
-- Table structure for gen_table
-- ----------------------------
DROP TABLE IF EXISTS `gen_table`;
CREATE TABLE `gen_table`  (
  `table_id` bigint NOT NULL AUTO_INCREMENT COMMENT '编号',
  `table_name` varchar(200) CHARACTER SET utf8mb4 COLLATE utf8mb4_general_ci NULL DEFAULT '' COMMENT '表名称',
  `table_comment` varchar(500) CHARACTER SET utf8mb4 COLLATE utf8mb4_general_ci NULL DEFAULT '' COMMENT '表描述',
  `sub_table_name` varchar(64) CHARACTER SET utf8mb4 COLLATE utf8mb4_general_ci NULL DEFAULT NULL COMMENT '关联子表的表名',
  `sub_table_fk_name` varchar(64) CHARACTER SET utf8mb4 COLLATE utf8mb4_general_ci NULL DEFAULT NULL COMMENT '子表关联的外键名',
  `class_name` varchar(100) CHARACTER SET utf8mb4 COLLATE utf8mb4_general_ci NULL DEFAULT '' COMMENT '实体类名称',
  `tpl_category` varchar(200) CHARACTER SET utf8mb4 COLLATE utf8mb4_general_ci NULL DEFAULT 'crud' COMMENT '使用的模板（crud单表操作 tree树表操作）',
  `tpl_web_type` varchar(30) CHARACTER SET utf8mb4 COLLATE utf8mb4_general_ci NULL DEFAULT '' COMMENT '前端模板类型（element-ui模版 element-plus模版）',
  `package_name` varchar(100) CHARACTER SET utf8mb4 COLLATE utf8mb4_general_ci NULL DEFAULT NULL COMMENT '生成包路径',
  `module_name` varchar(30) CHARACTER SET utf8mb4 COLLATE utf8mb4_general_ci NULL DEFAULT NULL COMMENT '生成模块名',
  `business_name` varchar(30) CHARACTER SET utf8mb4 COLLATE utf8mb4_general_ci NULL DEFAULT NULL COMMENT '生成业务名',
  `function_name` varchar(50) CHARACTER SET utf8mb4 COLLATE utf8mb4_general_ci NULL DEFAULT NULL COMMENT '生成功能名',
  `function_author` varchar(50) CHARACTER SET utf8mb4 COLLATE utf8mb4_general_ci NULL DEFAULT NULL COMMENT '生成功能作者',
  `form_col_num` int NULL DEFAULT 1 COMMENT '表单布局（单列 双列 三列）',
  `gen_type` char(1) CHARACTER SET utf8mb4 COLLATE utf8mb4_general_ci NULL DEFAULT '0' COMMENT '生成代码方式（0zip压缩包 1自定义路径）',
  `gen_path` varchar(200) CHARACTER SET utf8mb4 COLLATE utf8mb4_general_ci NULL DEFAULT '/' COMMENT '生成路径（不填默认项目路径）',
  `options` varchar(1000) CHARACTER SET utf8mb4 COLLATE utf8mb4_general_ci NULL DEFAULT NULL COMMENT '其它生成选项',
  `create_by` varchar(64) CHARACTER SET utf8mb4 COLLATE utf8mb4_general_ci NULL DEFAULT '' COMMENT '创建者',
  `create_time` datetime NULL DEFAULT NULL COMMENT '创建时间',
  `update_by` varchar(64) CHARACTER SET utf8mb4 COLLATE utf8mb4_general_ci NULL DEFAULT '' COMMENT '更新者',
  `update_time` datetime NULL DEFAULT NULL COMMENT '更新时间',
  `remark` varchar(500) CHARACTER SET utf8mb4 COLLATE utf8mb4_general_ci NULL DEFAULT NULL COMMENT '备注',
  PRIMARY KEY (`table_id`) USING BTREE
) ENGINE = InnoDB AUTO_INCREMENT = 1 CHARACTER SET = utf8mb4 COLLATE = utf8mb4_general_ci COMMENT = '代码生成业务表' ROW_FORMAT = Dynamic;

-- ----------------------------
-- Records of gen_table
-- ----------------------------

-- ----------------------------
-- Table structure for gen_table_column
-- ----------------------------
DROP TABLE IF EXISTS `gen_table_column`;
CREATE TABLE `gen_table_column`  (
  `column_id` bigint NOT NULL AUTO_INCREMENT COMMENT '编号',
  `table_id` bigint NULL DEFAULT NULL COMMENT '归属表编号',
  `column_name` varchar(200) CHARACTER SET utf8mb4 COLLATE utf8mb4_general_ci NULL DEFAULT NULL COMMENT '列名称',
  `column_comment` varchar(500) CHARACTER SET utf8mb4 COLLATE utf8mb4_general_ci NULL DEFAULT NULL COMMENT '列描述',
  `column_type` varchar(100) CHARACTER SET utf8mb4 COLLATE utf8mb4_general_ci NULL DEFAULT NULL COMMENT '列类型',
  `java_type` varchar(500) CHARACTER SET utf8mb4 COLLATE utf8mb4_general_ci NULL DEFAULT NULL COMMENT 'JAVA类型',
  `java_field` varchar(200) CHARACTER SET utf8mb4 COLLATE utf8mb4_general_ci NULL DEFAULT NULL COMMENT 'JAVA字段名',
  `is_pk` char(1) CHARACTER SET utf8mb4 COLLATE utf8mb4_general_ci NULL DEFAULT NULL COMMENT '是否主键（1是）',
  `is_increment` char(1) CHARACTER SET utf8mb4 COLLATE utf8mb4_general_ci NULL DEFAULT NULL COMMENT '是否自增（1是）',
  `is_required` char(1) CHARACTER SET utf8mb4 COLLATE utf8mb4_general_ci NULL DEFAULT NULL COMMENT '是否必填（1是）',
  `is_insert` char(1) CHARACTER SET utf8mb4 COLLATE utf8mb4_general_ci NULL DEFAULT NULL COMMENT '是否为插入字段（1是）',
  `is_edit` char(1) CHARACTER SET utf8mb4 COLLATE utf8mb4_general_ci NULL DEFAULT NULL COMMENT '是否编辑字段（1是）',
  `is_list` char(1) CHARACTER SET utf8mb4 COLLATE utf8mb4_general_ci NULL DEFAULT NULL COMMENT '是否列表字段（1是）',
  `is_query` char(1) CHARACTER SET utf8mb4 COLLATE utf8mb4_general_ci NULL DEFAULT NULL COMMENT '是否查询字段（1是）',
  `query_type` varchar(200) CHARACTER SET utf8mb4 COLLATE utf8mb4_general_ci NULL DEFAULT 'EQ' COMMENT '查询方式（等于、不等于、大于、小于、范围）',
  `html_type` varchar(200) CHARACTER SET utf8mb4 COLLATE utf8mb4_general_ci NULL DEFAULT NULL COMMENT '显示类型（文本框、文本域、下拉框、复选框、单选框、日期控件）',
  `dict_type` varchar(200) CHARACTER SET utf8mb4 COLLATE utf8mb4_general_ci NULL DEFAULT '' COMMENT '字典类型',
  `sort` int NULL DEFAULT NULL COMMENT '排序',
  `create_by` varchar(64) CHARACTER SET utf8mb4 COLLATE utf8mb4_general_ci NULL DEFAULT '' COMMENT '创建者',
  `create_time` datetime NULL DEFAULT NULL COMMENT '创建时间',
  `update_by` varchar(64) CHARACTER SET utf8mb4 COLLATE utf8mb4_general_ci NULL DEFAULT '' COMMENT '更新者',
  `update_time` datetime NULL DEFAULT NULL COMMENT '更新时间',
  PRIMARY KEY (`column_id`) USING BTREE
) ENGINE = InnoDB AUTO_INCREMENT = 1 CHARACTER SET = utf8mb4 COLLATE = utf8mb4_general_ci COMMENT = '代码生成业务表字段' ROW_FORMAT = Dynamic;

-- ----------------------------
-- Records of gen_table_column
-- ----------------------------

-- ----------------------------
-- Table structure for patient
-- ----------------------------
DROP TABLE IF EXISTS `patient`;
CREATE TABLE `patient`  (
  `id` bigint NOT NULL AUTO_INCREMENT COMMENT '主键',
  `name` varchar(30) CHARACTER SET utf8mb4 COLLATE utf8mb4_0900_ai_ci NOT NULL COMMENT '姓名',
  `medical_case_no` varchar(32) CHARACTER SET utf8mb4 COLLATE utf8mb4_0900_ai_ci NOT NULL COMMENT '病历号',
  `phone` varchar(20) CHARACTER SET utf8mb4 COLLATE utf8mb4_0900_ai_ci NULL DEFAULT NULL COMMENT '手机号',
  `gender` char(1) CHARACTER SET utf8mb4 COLLATE utf8mb4_0900_ai_ci NULL DEFAULT NULL COMMENT '性别 1=男 2=女',
  `birthday` date NULL DEFAULT NULL COMMENT '出生年月日',
  `id_card` varchar(18) CHARACTER SET utf8mb4 COLLATE utf8mb4_0900_ai_ci NULL DEFAULT NULL COMMENT '身份证号',
  `social_card_no` varchar(32) CHARACTER SET utf8mb4 COLLATE utf8mb4_0900_ai_ci NULL DEFAULT NULL COMMENT '社会保障卡号',
  `height` decimal(6, 1) NULL DEFAULT NULL COMMENT '身高(cm)',
  `weight` decimal(6, 1) NULL DEFAULT NULL COMMENT '体重(kg)',
  `nation` varchar(20) CHARACTER SET utf8mb4 COLLATE utf8mb4_0900_ai_ci NULL DEFAULT NULL COMMENT '民族',
  `educational_level` varchar(20) CHARACTER SET utf8mb4 COLLATE utf8mb4_0900_ai_ci NULL DEFAULT NULL COMMENT '文化程度',
  `religious_belief` varchar(20) CHARACTER SET utf8mb4 COLLATE utf8mb4_0900_ai_ci NULL DEFAULT NULL COMMENT '宗教信仰',
  `marital_status` varchar(20) CHARACTER SET utf8mb4 COLLATE utf8mb4_0900_ai_ci NULL DEFAULT NULL COMMENT '婚姻状况',
  `family_status` varchar(20) CHARACTER SET utf8mb4 COLLATE utf8mb4_0900_ai_ci NULL DEFAULT NULL COMMENT '家庭状况',
  `live_situation` varchar(255) CHARACTER SET utf8mb4 COLLATE utf8mb4_0900_ai_ci NULL DEFAULT NULL COMMENT '居住情况',
  `care_situation` varchar(255) CHARACTER SET utf8mb4 COLLATE utf8mb4_0900_ai_ci NULL DEFAULT NULL COMMENT '接受照顾情况',
  `pay_type` varchar(255) CHARACTER SET utf8mb4 COLLATE utf8mb4_0900_ai_ci NULL DEFAULT NULL COMMENT '医疗费用支付方式',
  `income_source` varchar(255) CHARACTER SET utf8mb4 COLLATE utf8mb4_0900_ai_ci NULL DEFAULT NULL COMMENT '经济来源',
  `create_time` datetime NOT NULL DEFAULT CURRENT_TIMESTAMP COMMENT '创建日期',
  `update_time` datetime NOT NULL DEFAULT CURRENT_TIMESTAMP ON UPDATE CURRENT_TIMESTAMP COMMENT '更新时间',
  `create_by` varchar(64) CHARACTER SET utf8mb4 COLLATE utf8mb4_0900_ai_ci NULL DEFAULT '' COMMENT '创建者',
  `update_by` varchar(64) CHARACTER SET utf8mb4 COLLATE utf8mb4_0900_ai_ci NULL DEFAULT '' COMMENT '更新者',
  `remark` varchar(500) CHARACTER SET utf8mb4 COLLATE utf8mb4_0900_ai_ci NULL DEFAULT '' COMMENT '备注',
  `is_del` char(1) CHARACTER SET utf8mb4 COLLATE utf8mb4_0900_ai_ci NULL DEFAULT '0' COMMENT '逻辑删除 0正常 1删除',
  `is_report` tinyint NULL DEFAULT 0 COMMENT '0未报告 1已检查 2已报告',
  PRIMARY KEY (`id`) USING BTREE,
  INDEX `idx_patient_idcard`(`id_card` ASC) USING BTREE,
  INDEX `idx_patient_case`(`medical_case_no` ASC) USING BTREE,
  INDEX `idx_patient_del`(`is_del` ASC) USING BTREE
) ENGINE = InnoDB AUTO_INCREMENT = 39 CHARACTER SET = utf8mb4 COLLATE = utf8mb4_0900_ai_ci COMMENT = '病人信息表' ROW_FORMAT = Dynamic;

-- ----------------------------
-- Records of patient
-- ----------------------------
INSERT INTO `patient` VALUES (7, '张锦锡', '0529', '18837727538', '1', '2001-05-05', '411329200105053997', NULL, 170.0, NULL, NULL, NULL, NULL, NULL, NULL, NULL, NULL, NULL, NULL, '2026-05-29 10:56:04', '2026-06-05 09:54:29', NULL, '', '', '0', 1);
INSERT INTO `patient` VALUES (8, '张三', '1233', '18837727538', '1', '2026-06-10', '411329200105053997', NULL, 170.0, NULL, NULL, NULL, NULL, NULL, NULL, NULL, NULL, NULL, NULL, '2026-06-04 11:32:25', '2026-06-06 14:47:18', NULL, '', '', '0', 1);
INSERT INTO `patient` VALUES (9, '张三', '02222', '18837727538', '1', '2026-06-08', NULL, NULL, 170.0, NULL, NULL, NULL, NULL, NULL, NULL, NULL, NULL, NULL, NULL, '2026-06-05 13:33:32', '2026-06-05 13:34:56', NULL, '', '', '0', 1);
INSERT INTO `patient` VALUES (10, '11', '这种', NULL, '2', '2026-06-02', NULL, NULL, NULL, NULL, NULL, NULL, NULL, NULL, NULL, NULL, NULL, NULL, NULL, '2026-06-06 15:01:47', '2026-06-06 15:18:51', NULL, NULL, '', '0', 1);
INSERT INTO `patient` VALUES (11, '朱治', '1515', NULL, '1', '2021-05-04', NULL, NULL, NULL, NULL, NULL, NULL, NULL, NULL, NULL, NULL, NULL, NULL, NULL, '2026-06-08 08:44:22', '2026-06-08 08:46:42', NULL, NULL, '', '0', 1);
INSERT INTO `patient` VALUES (12, '张锦锡', '20260608', NULL, '1', '2013-06-04', NULL, NULL, NULL, NULL, NULL, NULL, NULL, NULL, NULL, NULL, NULL, NULL, NULL, '2026-06-08 08:49:02', '2026-06-08 09:11:26', NULL, NULL, '', '0', 1);
INSERT INTO `patient` VALUES (13, '11', '11', NULL, '1', '2026-06-01', NULL, NULL, NULL, NULL, NULL, NULL, NULL, NULL, NULL, NULL, NULL, NULL, NULL, '2026-06-08 09:12:29', '2026-06-08 10:19:21', NULL, NULL, '', '0', 1);
INSERT INTO `patient` VALUES (14, '1', '1', NULL, '1', '2026-06-08', NULL, NULL, NULL, NULL, NULL, NULL, NULL, NULL, NULL, NULL, NULL, NULL, NULL, '2026-06-08 10:20:05', '2026-06-08 11:23:31', NULL, NULL, '', '0', 1);
INSERT INTO `patient` VALUES (15, '1', '1', NULL, '1', '2026-06-01', NULL, NULL, NULL, NULL, NULL, NULL, NULL, NULL, NULL, NULL, NULL, NULL, NULL, '2026-06-08 11:26:47', '2026-06-08 11:34:10', NULL, NULL, '', '0', 1);
INSERT INTO `patient` VALUES (16, '11', '11', NULL, '1', '2026-06-08', NULL, NULL, NULL, NULL, NULL, NULL, NULL, NULL, NULL, NULL, NULL, NULL, NULL, '2026-06-08 14:34:10', '2026-06-16 15:26:24', NULL, '', '', '1', 0);
INSERT INTO `patient` VALUES (17, '11111', '11111', NULL, '2', '2026-06-01', NULL, NULL, NULL, NULL, NULL, NULL, NULL, NULL, NULL, NULL, NULL, NULL, NULL, '2026-06-08 17:09:08', '2026-06-08 17:09:37', NULL, NULL, '', '0', 1);
INSERT INTO `patient` VALUES (18, '11111111', '1111', NULL, '1', '2026-06-01', NULL, NULL, NULL, NULL, NULL, NULL, NULL, NULL, NULL, NULL, NULL, NULL, NULL, '2026-06-08 17:14:07', '2026-06-08 17:14:30', NULL, NULL, '', '0', 1);
INSERT INTO `patient` VALUES (19, '11', '11', NULL, '1', '2026-06-01', NULL, NULL, NULL, NULL, NULL, NULL, NULL, NULL, NULL, NULL, NULL, NULL, NULL, '2026-06-08 17:14:55', '2026-06-08 17:21:42', NULL, NULL, '', '0', 1);
INSERT INTO `patient` VALUES (20, '11', '11', NULL, '1', '2026-06-01', NULL, NULL, NULL, NULL, NULL, NULL, NULL, NULL, NULL, NULL, NULL, NULL, NULL, '2026-06-08 17:26:25', '2026-06-08 17:26:48', NULL, NULL, '', '0', 1);
INSERT INTO `patient` VALUES (21, '11', '11111', NULL, '1', '2026-06-01', NULL, NULL, NULL, NULL, NULL, NULL, NULL, NULL, NULL, NULL, NULL, NULL, NULL, '2026-06-08 17:30:17', '2026-06-08 17:42:30', NULL, '', '', '0', 1);
INSERT INTO `patient` VALUES (22, '22', '22', NULL, '1', '2026-06-08', NULL, NULL, NULL, NULL, NULL, NULL, NULL, NULL, NULL, NULL, NULL, NULL, NULL, '2026-06-08 17:51:50', '2026-06-16 15:26:23', NULL, '', '', '1', 0);
INSERT INTO `patient` VALUES (23, '111', '111', NULL, '1', '2026-06-01', NULL, NULL, NULL, NULL, NULL, NULL, NULL, NULL, NULL, NULL, NULL, NULL, NULL, '2026-06-09 08:37:38', '2026-06-09 10:33:19', NULL, '', '', '0', 1);
INSERT INTO `patient` VALUES (24, '313', '123', NULL, '1', '2026-06-01', NULL, NULL, NULL, NULL, NULL, NULL, NULL, NULL, NULL, NULL, NULL, NULL, NULL, '2026-06-09 11:06:49', '2026-06-09 11:07:22', NULL, '', '', '0', 1);
INSERT INTO `patient` VALUES (25, '张三', '20260609', NULL, '1', '2026-06-02', NULL, NULL, NULL, NULL, NULL, NULL, NULL, NULL, NULL, NULL, NULL, NULL, NULL, '2026-06-09 15:37:48', '2026-06-11 10:41:54', NULL, '', '', '0', 1);
INSERT INTO `patient` VALUES (26, '张锦锡', '055', NULL, '1', '2006-06-01', NULL, NULL, NULL, NULL, NULL, NULL, NULL, NULL, NULL, NULL, NULL, NULL, NULL, '2026-06-13 08:40:48', '2026-06-13 08:45:12', NULL, '', '', '0', 1);
INSERT INTO `patient` VALUES (27, '张三', '022', NULL, '1', '2020-06-01', NULL, NULL, NULL, NULL, NULL, NULL, NULL, NULL, NULL, NULL, NULL, NULL, NULL, '2026-06-13 08:54:28', '2026-06-13 08:55:38', NULL, '', '', '0', 1);
INSERT INTO `patient` VALUES (28, '张三', '022', NULL, '1', '2000-06-01', NULL, NULL, NULL, NULL, NULL, NULL, NULL, NULL, NULL, NULL, NULL, NULL, NULL, '2026-06-13 09:25:24', '2026-06-13 09:27:55', NULL, '', '', '0', 1);
INSERT INTO `patient` VALUES (29, '张三', '55', '18837727538', '1', '2026-06-01', '411329200105053997', NULL, NULL, NULL, '汉族', '小学', '无', '已婚', '有子女', '与父母居住', '配偶', '城镇居民基本医疗保险', '子女补贴', '2026-06-13 09:28:43', '2026-06-16 15:25:14', NULL, NULL, '', '0', 1);
INSERT INTO `patient` VALUES (30, '张三', '2055', NULL, '1', '2026-06-09', NULL, NULL, NULL, NULL, NULL, NULL, NULL, NULL, NULL, NULL, NULL, NULL, NULL, '2026-06-16 15:12:19', '2026-06-16 15:26:22', NULL, '', '', '1', 0);
INSERT INTO `patient` VALUES (31, '张锦锡', '20260616', NULL, '1', '2001-05-05', NULL, NULL, NULL, NULL, NULL, NULL, NULL, NULL, NULL, NULL, NULL, NULL, NULL, '2026-06-16 15:26:46', '2026-06-16 17:29:01', NULL, '', '', '0', 1);
INSERT INTO `patient` VALUES (32, '张现金', '202606160001', NULL, '2', '1966-06-01', NULL, NULL, NULL, NULL, NULL, NULL, NULL, NULL, NULL, NULL, NULL, NULL, NULL, '2026-06-16 17:47:00', '2026-06-16 17:47:42', NULL, '', '', '0', 1);
INSERT INTO `patient` VALUES (33, '11', '11', NULL, '2', '2026-06-01', NULL, NULL, NULL, NULL, NULL, NULL, NULL, NULL, NULL, NULL, NULL, NULL, NULL, '2026-06-17 10:36:48', '2026-06-17 10:37:39', NULL, '', '', '0', 1);
INSERT INTO `patient` VALUES (34, '11', '11', '111', '2', '2026-06-02', '11', '11', 111.0, 111.0, '汉族', '小学', '无', '丧偶', '有子女', '与配偶/伴侣居住、与父母居住', '日常生活需要人照顾-子女、日常生活需要人照顾-配偶', '城镇居民基本医疗保险、新型农村合作医疗、医疗救助', '国家普惠型补贴、亲友资助', '2026-06-17 10:41:17', '2026-06-17 11:24:42', NULL, NULL, '', '0', 1);
INSERT INTO `patient` VALUES (35, '张锦锡', '20260618001', NULL, '1', '2026-06-01', NULL, NULL, NULL, NULL, NULL, NULL, NULL, NULL, NULL, NULL, NULL, NULL, NULL, '2026-06-18 09:32:00', '2026-06-18 09:49:37', NULL, '', '', '0', 1);
INSERT INTO `patient` VALUES (36, '11', '11', NULL, '2', '2026-06-01', NULL, NULL, NULL, NULL, NULL, NULL, NULL, NULL, NULL, NULL, NULL, NULL, NULL, '2026-06-18 09:52:59', '2026-06-18 09:53:24', NULL, '', '', '0', 1);
INSERT INTO `patient` VALUES (37, '11', '11', NULL, '2', '2026-06-10', NULL, NULL, NULL, NULL, NULL, NULL, NULL, NULL, NULL, NULL, NULL, NULL, NULL, '2026-06-18 09:57:17', '2026-06-18 10:00:42', NULL, '', '', '0', 1);
INSERT INTO `patient` VALUES (38, '11', '111', NULL, '2', '2026-06-02', NULL, NULL, 166.0, 62.0, '汉族', '女', '无', NULL, NULL, '与配偶/伴侣居住、与子女居住', '保姆、子女', '城镇职工基本医疗保险、商业医疗保险、公务员补助', '小学', '2026-06-18 10:51:35', '2026-06-18 16:57:26', NULL, NULL, '', '0', 0);

-- ----------------------------
-- Table structure for patient_project
-- ----------------------------
DROP TABLE IF EXISTS `patient_project`;
CREATE TABLE `patient_project`  (
  `id` int NOT NULL AUTO_INCREMENT COMMENT '主键',
  `patient_id` bigint NOT NULL COMMENT '病人id',
  `project_id` int NOT NULL COMMENT '项目id',
  `create_time` datetime NOT NULL DEFAULT CURRENT_TIMESTAMP COMMENT '创建时间',
  `update_time` datetime NOT NULL DEFAULT CURRENT_TIMESTAMP ON UPDATE CURRENT_TIMESTAMP COMMENT '更新时间',
  `del_flag` char(1) CHARACTER SET utf8mb4 COLLATE utf8mb4_0900_ai_ci NULL DEFAULT '0' COMMENT '逻辑删除 0正常 1删除',
  `create_by` varchar(64) CHARACTER SET utf8mb4 COLLATE utf8mb4_0900_ai_ci NULL DEFAULT '' COMMENT '创建者',
  `update_by` varchar(64) CHARACTER SET utf8mb4 COLLATE utf8mb4_0900_ai_ci NULL DEFAULT '' COMMENT '更新者',
  PRIMARY KEY (`id`) USING BTREE
) ENGINE = InnoDB AUTO_INCREMENT = 91 CHARACTER SET = utf8mb4 COLLATE = utf8mb4_0900_ai_ci COMMENT = '项目病人表' ROW_FORMAT = Dynamic;

-- ----------------------------
-- Records of patient_project
-- ----------------------------
INSERT INTO `patient_project` VALUES (1, 7, 1, '2026-05-29 15:23:11', '2026-05-29 15:23:11', '0', '', '');
INSERT INTO `patient_project` VALUES (2, 7, 2, '2026-06-01 12:06:20', '2026-06-01 12:06:20', '0', '', '');
INSERT INTO `patient_project` VALUES (3, 7, 3, '2026-06-02 09:08:52', '2026-06-02 09:08:52', '0', '', '');
INSERT INTO `patient_project` VALUES (4, 7, 5, '2026-06-02 10:05:47', '2026-06-02 10:05:47', '0', '', '');
INSERT INTO `patient_project` VALUES (5, 8, 1, '2026-06-04 11:33:41', '2026-06-04 11:33:41', '0', '', '');
INSERT INTO `patient_project` VALUES (6, 9, 1, '2026-06-05 13:34:40', '2026-06-05 13:34:40', '0', '', '');
INSERT INTO `patient_project` VALUES (7, 10, 1, '2026-06-06 15:16:29', '2026-06-06 15:16:29', '0', '', '');
INSERT INTO `patient_project` VALUES (8, 11, 1, '2026-06-08 08:45:14', '2026-06-08 08:45:14', '0', '', '');
INSERT INTO `patient_project` VALUES (9, 12, 1, '2026-06-08 08:53:01', '2026-06-08 08:53:01', '0', '', '');
INSERT INTO `patient_project` VALUES (10, 13, 1, '2026-06-08 09:13:02', '2026-06-08 09:13:02', '0', '', '');
INSERT INTO `patient_project` VALUES (11, 14, 1, '2026-06-08 10:20:49', '2026-06-08 10:20:49', '0', '', '');
INSERT INTO `patient_project` VALUES (12, 14, 2, '2026-06-08 10:41:16', '2026-06-08 10:41:16', '0', '', '');
INSERT INTO `patient_project` VALUES (13, 15, 1, '2026-06-08 11:28:55', '2026-06-08 11:28:55', '0', '', '');
INSERT INTO `patient_project` VALUES (14, 16, 1, '2026-06-08 14:34:43', '2026-06-08 14:34:43', '0', '', '');
INSERT INTO `patient_project` VALUES (15, 16, 2, '2026-06-08 15:09:46', '2026-06-08 15:09:46', '0', '', '');
INSERT INTO `patient_project` VALUES (16, 17, 2, '2026-06-08 17:09:32', '2026-06-08 17:09:32', '0', '', '');
INSERT INTO `patient_project` VALUES (17, 19, 2, '2026-06-08 17:21:35', '2026-06-08 17:21:35', '0', '', '');
INSERT INTO `patient_project` VALUES (18, 20, 2, '2026-06-08 17:26:44', '2026-06-08 17:26:44', '0', '', '');
INSERT INTO `patient_project` VALUES (19, 21, 2, '2026-06-08 17:30:47', '2026-06-08 17:30:47', '0', '', '');
INSERT INTO `patient_project` VALUES (20, 22, 21, '2026-06-08 17:54:21', '2026-06-08 17:54:21', '0', '', '');
INSERT INTO `patient_project` VALUES (21, 22, 1, '2026-06-08 17:55:35', '2026-06-08 17:55:35', '0', '', '');
INSERT INTO `patient_project` VALUES (22, 23, 21, '2026-06-09 08:38:05', '2026-06-09 08:38:05', '0', '', '');
INSERT INTO `patient_project` VALUES (23, 23, 1, '2026-06-09 10:33:11', '2026-06-09 10:33:11', '0', '', '');
INSERT INTO `patient_project` VALUES (24, 24, 1, '2026-06-09 11:07:18', '2026-06-09 11:07:18', '0', '', '');
INSERT INTO `patient_project` VALUES (25, 25, 22, '2026-06-09 17:09:57', '2026-06-09 17:09:57', '0', '', '');
INSERT INTO `patient_project` VALUES (26, 25, 26, '2026-06-10 09:40:41', '2026-06-10 09:40:41', '0', '', '');
INSERT INTO `patient_project` VALUES (27, 25, 27, '2026-06-10 10:16:23', '2026-06-10 10:16:23', '0', '', '');
INSERT INTO `patient_project` VALUES (28, 25, 28, '2026-06-10 11:02:47', '2026-06-10 11:02:47', '0', '', '');
INSERT INTO `patient_project` VALUES (29, 25, 29, '2026-06-10 14:59:26', '2026-06-10 14:59:26', '0', '', '');
INSERT INTO `patient_project` VALUES (30, 25, 1, '2026-06-10 16:00:33', '2026-06-10 16:00:33', '0', '', '');
INSERT INTO `patient_project` VALUES (31, 22, 36, '2026-06-11 15:34:18', '2026-06-11 15:34:18', '0', '', '');
INSERT INTO `patient_project` VALUES (32, 22, 42, '2026-06-12 17:48:55', '2026-06-12 17:48:55', '0', '', '');
INSERT INTO `patient_project` VALUES (33, 26, 1, '2026-06-13 08:44:22', '2026-06-13 08:44:22', '0', '', '');
INSERT INTO `patient_project` VALUES (34, 26, 21, '2026-06-13 08:44:44', '2026-06-13 08:44:44', '0', '', '');
INSERT INTO `patient_project` VALUES (35, 27, 1, '2026-06-13 08:55:26', '2026-06-13 08:55:26', '0', '', '');
INSERT INTO `patient_project` VALUES (36, 27, 21, '2026-06-13 08:56:11', '2026-06-13 08:56:11', '0', '', '');
INSERT INTO `patient_project` VALUES (37, 28, 1, '2026-06-13 09:26:56', '2026-06-13 09:26:56', '0', '', '');
INSERT INTO `patient_project` VALUES (38, 28, 21, '2026-06-13 09:27:24', '2026-06-13 09:27:24', '0', '', '');
INSERT INTO `patient_project` VALUES (39, 29, 22, '2026-06-13 09:29:04', '2026-06-13 09:29:04', '0', '', '');
INSERT INTO `patient_project` VALUES (40, 29, 1, '2026-06-15 08:51:04', '2026-06-15 08:51:04', '0', '', '');
INSERT INTO `patient_project` VALUES (41, 29, 2, '2026-06-15 08:52:10', '2026-06-15 08:52:10', '0', '', '');
INSERT INTO `patient_project` VALUES (42, 29, 24, '2026-06-15 08:59:44', '2026-06-15 08:59:44', '0', '', '');
INSERT INTO `patient_project` VALUES (43, 29, 23, '2026-06-15 09:02:54', '2026-06-15 09:02:54', '0', '', '');
INSERT INTO `patient_project` VALUES (44, 29, 25, '2026-06-15 14:54:35', '2026-06-15 14:54:35', '0', '', '');
INSERT INTO `patient_project` VALUES (45, 29, 26, '2026-06-15 15:13:16', '2026-06-15 15:13:16', '0', '', '');
INSERT INTO `patient_project` VALUES (46, 29, 27, '2026-06-15 15:16:16', '2026-06-15 15:16:16', '0', '', '');
INSERT INTO `patient_project` VALUES (47, 29, 30, '2026-06-15 15:18:35', '2026-06-15 15:18:35', '0', '', '');
INSERT INTO `patient_project` VALUES (48, 29, 31, '2026-06-15 16:34:59', '2026-06-15 16:34:59', '0', '', '');
INSERT INTO `patient_project` VALUES (49, 29, 33, '2026-06-15 16:35:35', '2026-06-15 16:35:35', '0', '', '');
INSERT INTO `patient_project` VALUES (50, 29, 34, '2026-06-15 16:36:56', '2026-06-15 16:36:56', '0', '', '');
INSERT INTO `patient_project` VALUES (51, 29, 35, '2026-06-15 16:37:55', '2026-06-15 16:37:55', '0', '', '');
INSERT INTO `patient_project` VALUES (52, 29, 41, '2026-06-15 16:38:28', '2026-06-15 16:38:28', '0', '', '');
INSERT INTO `patient_project` VALUES (53, 29, 42, '2026-06-15 16:38:59', '2026-06-15 16:38:59', '0', '', '');
INSERT INTO `patient_project` VALUES (54, 29, 21, '2026-06-15 16:43:10', '2026-06-15 16:43:10', '0', '', '');
INSERT INTO `patient_project` VALUES (55, 29, 28, '2026-06-15 16:45:41', '2026-06-15 16:45:41', '0', '', '');
INSERT INTO `patient_project` VALUES (56, 29, 32, '2026-06-15 16:46:13', '2026-06-15 16:46:13', '0', '', '');
INSERT INTO `patient_project` VALUES (57, 29, 40, '2026-06-15 16:46:53', '2026-06-15 16:46:53', '0', '', '');
INSERT INTO `patient_project` VALUES (58, 29, 43, '2026-06-15 16:47:09', '2026-06-15 16:47:09', '0', '', '');
INSERT INTO `patient_project` VALUES (59, 29, 36, '2026-06-15 16:53:28', '2026-06-15 16:53:28', '0', '', '');
INSERT INTO `patient_project` VALUES (60, 29, 37, '2026-06-15 16:54:44', '2026-06-15 16:54:44', '0', '', '');
INSERT INTO `patient_project` VALUES (61, 29, 44, '2026-06-15 18:06:27', '2026-06-15 18:06:27', '0', '', '');
INSERT INTO `patient_project` VALUES (62, 29, 29, '2026-06-16 15:08:09', '2026-06-16 15:08:09', '0', '', '');
INSERT INTO `patient_project` VALUES (63, 29, 39, '2026-06-16 15:11:27', '2026-06-16 15:11:27', '0', '', '');
INSERT INTO `patient_project` VALUES (64, 30, 23, '2026-06-16 15:12:33', '2026-06-16 15:12:33', '0', '', '');
INSERT INTO `patient_project` VALUES (65, 31, 1, '2026-06-16 16:08:22', '2026-06-16 16:08:22', '0', '', '');
INSERT INTO `patient_project` VALUES (66, 31, 22, '2026-06-16 16:42:28', '2026-06-16 16:42:28', '0', '', '');
INSERT INTO `patient_project` VALUES (67, 31, 23, '2026-06-16 16:43:03', '2026-06-16 16:43:03', '0', '', '');
INSERT INTO `patient_project` VALUES (68, 31, 24, '2026-06-16 16:48:46', '2026-06-16 16:48:46', '0', '', '');
INSERT INTO `patient_project` VALUES (69, 31, 25, '2026-06-16 16:57:12', '2026-06-16 16:57:12', '0', '', '');
INSERT INTO `patient_project` VALUES (70, 31, 26, '2026-06-16 16:57:24', '2026-06-16 16:57:24', '0', '', '');
INSERT INTO `patient_project` VALUES (71, 31, 27, '2026-06-16 16:57:35', '2026-06-16 16:57:35', '0', '', '');
INSERT INTO `patient_project` VALUES (72, 31, 30, '2026-06-16 17:25:15', '2026-06-16 17:25:15', '0', '', '');
INSERT INTO `patient_project` VALUES (73, 31, 31, '2026-06-16 17:25:28', '2026-06-16 17:25:28', '0', '', '');
INSERT INTO `patient_project` VALUES (74, 31, 33, '2026-06-16 17:25:58', '2026-06-16 17:25:58', '0', '', '');
INSERT INTO `patient_project` VALUES (75, 31, 34, '2026-06-16 17:26:09', '2026-06-16 17:26:09', '0', '', '');
INSERT INTO `patient_project` VALUES (76, 31, 35, '2026-06-16 17:26:19', '2026-06-16 17:26:19', '0', '', '');
INSERT INTO `patient_project` VALUES (77, 31, 36, '2026-06-16 17:26:33', '2026-06-16 17:26:33', '0', '', '');
INSERT INTO `patient_project` VALUES (78, 31, 41, '2026-06-16 17:27:15', '2026-06-16 17:27:15', '0', '', '');
INSERT INTO `patient_project` VALUES (79, 31, 42, '2026-06-16 17:27:34', '2026-06-16 17:27:34', '0', '', '');
INSERT INTO `patient_project` VALUES (80, 31, 37, '2026-06-16 17:27:56', '2026-06-16 17:27:56', '0', '', '');
INSERT INTO `patient_project` VALUES (81, 31, 32, '2026-06-16 17:28:13', '2026-06-16 17:28:13', '0', '', '');
INSERT INTO `patient_project` VALUES (82, 31, 40, '2026-06-16 17:28:37', '2026-06-16 17:28:37', '0', '', '');
INSERT INTO `patient_project` VALUES (83, 31, 43, '2026-06-16 17:28:52', '2026-06-16 17:28:52', '0', '', '');
INSERT INTO `patient_project` VALUES (84, 32, 1, '2026-06-16 17:47:35', '2026-06-16 17:47:35', '0', '', '');
INSERT INTO `patient_project` VALUES (85, 33, 1, '2026-06-17 10:37:30', '2026-06-17 10:37:30', '0', '', '');
INSERT INTO `patient_project` VALUES (86, 34, 1, '2026-06-17 10:42:11', '2026-06-17 10:42:11', '0', '', '');
INSERT INTO `patient_project` VALUES (87, 35, 22, '2026-06-18 09:32:28', '2026-06-18 09:32:28', '0', '', '');
INSERT INTO `patient_project` VALUES (88, 36, 22, '2026-06-18 09:53:20', '2026-06-18 09:53:20', '0', '', '');
INSERT INTO `patient_project` VALUES (89, 37, 28, '2026-06-18 09:57:33', '2026-06-18 09:57:33', '0', '', '');
INSERT INTO `patient_project` VALUES (90, 38, 1, '2026-06-18 16:34:51', '2026-06-18 16:34:51', '0', '', '');

-- ----------------------------
-- Table structure for project
-- ----------------------------
DROP TABLE IF EXISTS `project`;
CREATE TABLE `project`  (
  `id` int NOT NULL AUTO_INCREMENT COMMENT '主键',
  `name` varchar(30) CHARACTER SET utf8mb4 COLLATE utf8mb4_0900_ai_ci NULL DEFAULT NULL COMMENT '项目名称',
  `code` varchar(50) CHARACTER SET utf8mb4 COLLATE utf8mb4_0900_ai_ci NULL DEFAULT NULL COMMENT '项目编码',
  `remark` varchar(500) CHARACTER SET utf8mb4 COLLATE utf8mb4_0900_ai_ci NULL DEFAULT NULL COMMENT '备注',
  `create_time` datetime NOT NULL DEFAULT CURRENT_TIMESTAMP COMMENT '创建时间',
  `update_time` datetime NOT NULL DEFAULT CURRENT_TIMESTAMP ON UPDATE CURRENT_TIMESTAMP COMMENT '更新时间',
  `create_by` varchar(64) CHARACTER SET utf8mb4 COLLATE utf8mb4_0900_ai_ci NULL DEFAULT '' COMMENT '创建者',
  `update_by` varchar(64) CHARACTER SET utf8mb4 COLLATE utf8mb4_0900_ai_ci NULL DEFAULT '' COMMENT '更新者',
  `del_flag` char(1) CHARACTER SET utf8mb4 COLLATE utf8mb4_0900_ai_ci NULL DEFAULT '0' COMMENT '删除标志（0代表存在 2代表删除）',
  PRIMARY KEY (`id`) USING BTREE
) ENGINE = InnoDB AUTO_INCREMENT = 6 CHARACTER SET = utf8mb4 COLLATE = utf8mb4_0900_ai_ci COMMENT = '项目表' ROW_FORMAT = DYNAMIC;

-- ----------------------------
-- Records of project
-- ----------------------------
INSERT INTO `project` VALUES (1, 'cag', 'Cga', '老年综合评估项目', '2026-05-29 10:32:54', '2026-06-01 12:07:01', 'admin', '', '0');
INSERT INTO `project` VALUES (2, '日常生活', 'daily_life', '日常基本生活', '2026-06-01 11:28:10', '2026-06-01 11:28:19', '', '', '0');
INSERT INTO `project` VALUES (3, '运动', 'sppb', '运动', '2026-06-02 08:54:47', '2026-06-02 08:55:08', '', '', '0');
INSERT INTO `project` VALUES (4, '视听力', 'vision_hearing', '视听力', '2026-06-02 08:55:26', '2026-06-02 08:55:26', '', '', '0');
INSERT INTO `project` VALUES (5, '抑郁', 'depression', '抑郁', '2026-06-02 09:55:02', '2026-06-02 09:55:02', '', '', '0');

-- ----------------------------
-- Table structure for qrtz_blob_triggers
-- ----------------------------
DROP TABLE IF EXISTS `qrtz_blob_triggers`;
CREATE TABLE `qrtz_blob_triggers`  (
  `sched_name` varchar(120) CHARACTER SET utf8mb4 COLLATE utf8mb4_general_ci NOT NULL COMMENT '调度名称',
  `trigger_name` varchar(200) CHARACTER SET utf8mb4 COLLATE utf8mb4_general_ci NOT NULL COMMENT 'qrtz_triggers表trigger_name的外键',
  `trigger_group` varchar(200) CHARACTER SET utf8mb4 COLLATE utf8mb4_general_ci NOT NULL COMMENT 'qrtz_triggers表trigger_group的外键',
  `blob_data` blob NULL COMMENT '存放持久化Trigger对象',
  PRIMARY KEY (`sched_name`, `trigger_name`, `trigger_group`) USING BTREE,
  CONSTRAINT `qrtz_blob_triggers_ibfk_1` FOREIGN KEY (`sched_name`, `trigger_name`, `trigger_group`) REFERENCES `qrtz_triggers` (`sched_name`, `trigger_name`, `trigger_group`) ON DELETE RESTRICT ON UPDATE RESTRICT
) ENGINE = InnoDB CHARACTER SET = utf8mb4 COLLATE = utf8mb4_general_ci COMMENT = 'Blob类型的触发器表' ROW_FORMAT = Dynamic;

-- ----------------------------
-- Records of qrtz_blob_triggers
-- ----------------------------

-- ----------------------------
-- Table structure for qrtz_calendars
-- ----------------------------
DROP TABLE IF EXISTS `qrtz_calendars`;
CREATE TABLE `qrtz_calendars`  (
  `sched_name` varchar(120) CHARACTER SET utf8mb4 COLLATE utf8mb4_general_ci NOT NULL COMMENT '调度名称',
  `calendar_name` varchar(200) CHARACTER SET utf8mb4 COLLATE utf8mb4_general_ci NOT NULL COMMENT '日历名称',
  `calendar` blob NOT NULL COMMENT '存放持久化calendar对象',
  PRIMARY KEY (`sched_name`, `calendar_name`) USING BTREE
) ENGINE = InnoDB CHARACTER SET = utf8mb4 COLLATE = utf8mb4_general_ci COMMENT = '日历信息表' ROW_FORMAT = Dynamic;

-- ----------------------------
-- Records of qrtz_calendars
-- ----------------------------

-- ----------------------------
-- Table structure for qrtz_cron_triggers
-- ----------------------------
DROP TABLE IF EXISTS `qrtz_cron_triggers`;
CREATE TABLE `qrtz_cron_triggers`  (
  `sched_name` varchar(120) CHARACTER SET utf8mb4 COLLATE utf8mb4_general_ci NOT NULL COMMENT '调度名称',
  `trigger_name` varchar(200) CHARACTER SET utf8mb4 COLLATE utf8mb4_general_ci NOT NULL COMMENT 'qrtz_triggers表trigger_name的外键',
  `trigger_group` varchar(200) CHARACTER SET utf8mb4 COLLATE utf8mb4_general_ci NOT NULL COMMENT 'qrtz_triggers表trigger_group的外键',
  `cron_expression` varchar(200) CHARACTER SET utf8mb4 COLLATE utf8mb4_general_ci NOT NULL COMMENT 'cron表达式',
  `time_zone_id` varchar(80) CHARACTER SET utf8mb4 COLLATE utf8mb4_general_ci NULL DEFAULT NULL COMMENT '时区',
  PRIMARY KEY (`sched_name`, `trigger_name`, `trigger_group`) USING BTREE,
  CONSTRAINT `qrtz_cron_triggers_ibfk_1` FOREIGN KEY (`sched_name`, `trigger_name`, `trigger_group`) REFERENCES `qrtz_triggers` (`sched_name`, `trigger_name`, `trigger_group`) ON DELETE RESTRICT ON UPDATE RESTRICT
) ENGINE = InnoDB CHARACTER SET = utf8mb4 COLLATE = utf8mb4_general_ci COMMENT = 'Cron类型的触发器表' ROW_FORMAT = Dynamic;

-- ----------------------------
-- Records of qrtz_cron_triggers
-- ----------------------------

-- ----------------------------
-- Table structure for qrtz_fired_triggers
-- ----------------------------
DROP TABLE IF EXISTS `qrtz_fired_triggers`;
CREATE TABLE `qrtz_fired_triggers`  (
  `sched_name` varchar(120) CHARACTER SET utf8mb4 COLLATE utf8mb4_general_ci NOT NULL COMMENT '调度名称',
  `entry_id` varchar(95) CHARACTER SET utf8mb4 COLLATE utf8mb4_general_ci NOT NULL COMMENT '调度器实例id',
  `trigger_name` varchar(200) CHARACTER SET utf8mb4 COLLATE utf8mb4_general_ci NOT NULL COMMENT 'qrtz_triggers表trigger_name的外键',
  `trigger_group` varchar(200) CHARACTER SET utf8mb4 COLLATE utf8mb4_general_ci NOT NULL COMMENT 'qrtz_triggers表trigger_group的外键',
  `instance_name` varchar(200) CHARACTER SET utf8mb4 COLLATE utf8mb4_general_ci NOT NULL COMMENT '调度器实例名',
  `fired_time` bigint NOT NULL COMMENT '触发的时间',
  `sched_time` bigint NOT NULL COMMENT '定时器制定的时间',
  `priority` int NOT NULL COMMENT '优先级',
  `state` varchar(16) CHARACTER SET utf8mb4 COLLATE utf8mb4_general_ci NOT NULL COMMENT '状态',
  `job_name` varchar(200) CHARACTER SET utf8mb4 COLLATE utf8mb4_general_ci NULL DEFAULT NULL COMMENT '任务名称',
  `job_group` varchar(200) CHARACTER SET utf8mb4 COLLATE utf8mb4_general_ci NULL DEFAULT NULL COMMENT '任务组名',
  `is_nonconcurrent` varchar(1) CHARACTER SET utf8mb4 COLLATE utf8mb4_general_ci NULL DEFAULT NULL COMMENT '是否并发',
  `requests_recovery` varchar(1) CHARACTER SET utf8mb4 COLLATE utf8mb4_general_ci NULL DEFAULT NULL COMMENT '是否接受恢复执行',
  PRIMARY KEY (`sched_name`, `entry_id`) USING BTREE
) ENGINE = InnoDB CHARACTER SET = utf8mb4 COLLATE = utf8mb4_general_ci COMMENT = '已触发的触发器表' ROW_FORMAT = Dynamic;

-- ----------------------------
-- Records of qrtz_fired_triggers
-- ----------------------------

-- ----------------------------
-- Table structure for qrtz_job_details
-- ----------------------------
DROP TABLE IF EXISTS `qrtz_job_details`;
CREATE TABLE `qrtz_job_details`  (
  `sched_name` varchar(120) CHARACTER SET utf8mb4 COLLATE utf8mb4_general_ci NOT NULL COMMENT '调度名称',
  `job_name` varchar(200) CHARACTER SET utf8mb4 COLLATE utf8mb4_general_ci NOT NULL COMMENT '任务名称',
  `job_group` varchar(200) CHARACTER SET utf8mb4 COLLATE utf8mb4_general_ci NOT NULL COMMENT '任务组名',
  `description` varchar(250) CHARACTER SET utf8mb4 COLLATE utf8mb4_general_ci NULL DEFAULT NULL COMMENT '相关介绍',
  `job_class_name` varchar(250) CHARACTER SET utf8mb4 COLLATE utf8mb4_general_ci NOT NULL COMMENT '执行任务类名称',
  `is_durable` varchar(1) CHARACTER SET utf8mb4 COLLATE utf8mb4_general_ci NOT NULL COMMENT '是否持久化',
  `is_nonconcurrent` varchar(1) CHARACTER SET utf8mb4 COLLATE utf8mb4_general_ci NOT NULL COMMENT '是否并发',
  `is_update_data` varchar(1) CHARACTER SET utf8mb4 COLLATE utf8mb4_general_ci NOT NULL COMMENT '是否更新数据',
  `requests_recovery` varchar(1) CHARACTER SET utf8mb4 COLLATE utf8mb4_general_ci NOT NULL COMMENT '是否接受恢复执行',
  `job_data` blob NULL COMMENT '存放持久化job对象',
  PRIMARY KEY (`sched_name`, `job_name`, `job_group`) USING BTREE
) ENGINE = InnoDB CHARACTER SET = utf8mb4 COLLATE = utf8mb4_general_ci COMMENT = '任务详细信息表' ROW_FORMAT = Dynamic;

-- ----------------------------
-- Records of qrtz_job_details
-- ----------------------------

-- ----------------------------
-- Table structure for qrtz_locks
-- ----------------------------
DROP TABLE IF EXISTS `qrtz_locks`;
CREATE TABLE `qrtz_locks`  (
  `sched_name` varchar(120) CHARACTER SET utf8mb4 COLLATE utf8mb4_general_ci NOT NULL COMMENT '调度名称',
  `lock_name` varchar(40) CHARACTER SET utf8mb4 COLLATE utf8mb4_general_ci NOT NULL COMMENT '悲观锁名称',
  PRIMARY KEY (`sched_name`, `lock_name`) USING BTREE
) ENGINE = InnoDB CHARACTER SET = utf8mb4 COLLATE = utf8mb4_general_ci COMMENT = '存储的悲观锁信息表' ROW_FORMAT = Dynamic;

-- ----------------------------
-- Records of qrtz_locks
-- ----------------------------

-- ----------------------------
-- Table structure for qrtz_paused_trigger_grps
-- ----------------------------
DROP TABLE IF EXISTS `qrtz_paused_trigger_grps`;
CREATE TABLE `qrtz_paused_trigger_grps`  (
  `sched_name` varchar(120) CHARACTER SET utf8mb4 COLLATE utf8mb4_general_ci NOT NULL COMMENT '调度名称',
  `trigger_group` varchar(200) CHARACTER SET utf8mb4 COLLATE utf8mb4_general_ci NOT NULL COMMENT 'qrtz_triggers表trigger_group的外键',
  PRIMARY KEY (`sched_name`, `trigger_group`) USING BTREE
) ENGINE = InnoDB CHARACTER SET = utf8mb4 COLLATE = utf8mb4_general_ci COMMENT = '暂停的触发器表' ROW_FORMAT = Dynamic;

-- ----------------------------
-- Records of qrtz_paused_trigger_grps
-- ----------------------------

-- ----------------------------
-- Table structure for qrtz_scheduler_state
-- ----------------------------
DROP TABLE IF EXISTS `qrtz_scheduler_state`;
CREATE TABLE `qrtz_scheduler_state`  (
  `sched_name` varchar(120) CHARACTER SET utf8mb4 COLLATE utf8mb4_general_ci NOT NULL COMMENT '调度名称',
  `instance_name` varchar(200) CHARACTER SET utf8mb4 COLLATE utf8mb4_general_ci NOT NULL COMMENT '实例名称',
  `last_checkin_time` bigint NOT NULL COMMENT '上次检查时间',
  `checkin_interval` bigint NOT NULL COMMENT '检查间隔时间',
  PRIMARY KEY (`sched_name`, `instance_name`) USING BTREE
) ENGINE = InnoDB CHARACTER SET = utf8mb4 COLLATE = utf8mb4_general_ci COMMENT = '调度器状态表' ROW_FORMAT = Dynamic;

-- ----------------------------
-- Records of qrtz_scheduler_state
-- ----------------------------

-- ----------------------------
-- Table structure for qrtz_simple_triggers
-- ----------------------------
DROP TABLE IF EXISTS `qrtz_simple_triggers`;
CREATE TABLE `qrtz_simple_triggers`  (
  `sched_name` varchar(120) CHARACTER SET utf8mb4 COLLATE utf8mb4_general_ci NOT NULL COMMENT '调度名称',
  `trigger_name` varchar(200) CHARACTER SET utf8mb4 COLLATE utf8mb4_general_ci NOT NULL COMMENT 'qrtz_triggers表trigger_name的外键',
  `trigger_group` varchar(200) CHARACTER SET utf8mb4 COLLATE utf8mb4_general_ci NOT NULL COMMENT 'qrtz_triggers表trigger_group的外键',
  `repeat_count` bigint NOT NULL COMMENT '重复的次数统计',
  `repeat_interval` bigint NOT NULL COMMENT '重复的间隔时间',
  `times_triggered` bigint NOT NULL COMMENT '已经触发的次数',
  PRIMARY KEY (`sched_name`, `trigger_name`, `trigger_group`) USING BTREE,
  CONSTRAINT `qrtz_simple_triggers_ibfk_1` FOREIGN KEY (`sched_name`, `trigger_name`, `trigger_group`) REFERENCES `qrtz_triggers` (`sched_name`, `trigger_name`, `trigger_group`) ON DELETE RESTRICT ON UPDATE RESTRICT
) ENGINE = InnoDB CHARACTER SET = utf8mb4 COLLATE = utf8mb4_general_ci COMMENT = '简单触发器的信息表' ROW_FORMAT = Dynamic;

-- ----------------------------
-- Records of qrtz_simple_triggers
-- ----------------------------

-- ----------------------------
-- Table structure for qrtz_simprop_triggers
-- ----------------------------
DROP TABLE IF EXISTS `qrtz_simprop_triggers`;
CREATE TABLE `qrtz_simprop_triggers`  (
  `sched_name` varchar(120) CHARACTER SET utf8mb4 COLLATE utf8mb4_general_ci NOT NULL COMMENT '调度名称',
  `trigger_name` varchar(200) CHARACTER SET utf8mb4 COLLATE utf8mb4_general_ci NOT NULL COMMENT 'qrtz_triggers表trigger_name的外键',
  `trigger_group` varchar(200) CHARACTER SET utf8mb4 COLLATE utf8mb4_general_ci NOT NULL COMMENT 'qrtz_triggers表trigger_group的外键',
  `str_prop_1` varchar(512) CHARACTER SET utf8mb4 COLLATE utf8mb4_general_ci NULL DEFAULT NULL COMMENT 'String类型的trigger的第一个参数',
  `str_prop_2` varchar(512) CHARACTER SET utf8mb4 COLLATE utf8mb4_general_ci NULL DEFAULT NULL COMMENT 'String类型的trigger的第二个参数',
  `str_prop_3` varchar(512) CHARACTER SET utf8mb4 COLLATE utf8mb4_general_ci NULL DEFAULT NULL COMMENT 'String类型的trigger的第三个参数',
  `int_prop_1` int NULL DEFAULT NULL COMMENT 'int类型的trigger的第一个参数',
  `int_prop_2` int NULL DEFAULT NULL COMMENT 'int类型的trigger的第二个参数',
  `long_prop_1` bigint NULL DEFAULT NULL COMMENT 'long类型的trigger的第一个参数',
  `long_prop_2` bigint NULL DEFAULT NULL COMMENT 'long类型的trigger的第二个参数',
  `dec_prop_1` decimal(13, 4) NULL DEFAULT NULL COMMENT 'decimal类型的trigger的第一个参数',
  `dec_prop_2` decimal(13, 4) NULL DEFAULT NULL COMMENT 'decimal类型的trigger的第二个参数',
  `bool_prop_1` varchar(1) CHARACTER SET utf8mb4 COLLATE utf8mb4_general_ci NULL DEFAULT NULL COMMENT 'Boolean类型的trigger的第一个参数',
  `bool_prop_2` varchar(1) CHARACTER SET utf8mb4 COLLATE utf8mb4_general_ci NULL DEFAULT NULL COMMENT 'Boolean类型的trigger的第二个参数',
  PRIMARY KEY (`sched_name`, `trigger_name`, `trigger_group`) USING BTREE,
  CONSTRAINT `qrtz_simprop_triggers_ibfk_1` FOREIGN KEY (`sched_name`, `trigger_name`, `trigger_group`) REFERENCES `qrtz_triggers` (`sched_name`, `trigger_name`, `trigger_group`) ON DELETE RESTRICT ON UPDATE RESTRICT
) ENGINE = InnoDB CHARACTER SET = utf8mb4 COLLATE = utf8mb4_general_ci COMMENT = '同步机制的行锁表' ROW_FORMAT = Dynamic;

-- ----------------------------
-- Records of qrtz_simprop_triggers
-- ----------------------------

-- ----------------------------
-- Table structure for qrtz_triggers
-- ----------------------------
DROP TABLE IF EXISTS `qrtz_triggers`;
CREATE TABLE `qrtz_triggers`  (
  `sched_name` varchar(120) CHARACTER SET utf8mb4 COLLATE utf8mb4_general_ci NOT NULL COMMENT '调度名称',
  `trigger_name` varchar(200) CHARACTER SET utf8mb4 COLLATE utf8mb4_general_ci NOT NULL COMMENT '触发器的名字',
  `trigger_group` varchar(200) CHARACTER SET utf8mb4 COLLATE utf8mb4_general_ci NOT NULL COMMENT '触发器所属组的名字',
  `job_name` varchar(200) CHARACTER SET utf8mb4 COLLATE utf8mb4_general_ci NOT NULL COMMENT 'qrtz_job_details表job_name的外键',
  `job_group` varchar(200) CHARACTER SET utf8mb4 COLLATE utf8mb4_general_ci NOT NULL COMMENT 'qrtz_job_details表job_group的外键',
  `description` varchar(250) CHARACTER SET utf8mb4 COLLATE utf8mb4_general_ci NULL DEFAULT NULL COMMENT '相关介绍',
  `next_fire_time` bigint NULL DEFAULT NULL COMMENT '上一次触发时间（毫秒）',
  `prev_fire_time` bigint NULL DEFAULT NULL COMMENT '下一次触发时间（默认为-1表示不触发）',
  `priority` int NULL DEFAULT NULL COMMENT '优先级',
  `trigger_state` varchar(16) CHARACTER SET utf8mb4 COLLATE utf8mb4_general_ci NOT NULL COMMENT '触发器状态',
  `trigger_type` varchar(8) CHARACTER SET utf8mb4 COLLATE utf8mb4_general_ci NOT NULL COMMENT '触发器的类型',
  `start_time` bigint NOT NULL COMMENT '开始时间',
  `end_time` bigint NULL DEFAULT NULL COMMENT '结束时间',
  `calendar_name` varchar(200) CHARACTER SET utf8mb4 COLLATE utf8mb4_general_ci NULL DEFAULT NULL COMMENT '日程表名称',
  `misfire_instr` smallint NULL DEFAULT NULL COMMENT '补偿执行的策略',
  `job_data` blob NULL COMMENT '存放持久化job对象',
  PRIMARY KEY (`sched_name`, `trigger_name`, `trigger_group`) USING BTREE,
  INDEX `sched_name`(`sched_name` ASC, `job_name` ASC, `job_group` ASC) USING BTREE,
  CONSTRAINT `qrtz_triggers_ibfk_1` FOREIGN KEY (`sched_name`, `job_name`, `job_group`) REFERENCES `qrtz_job_details` (`sched_name`, `job_name`, `job_group`) ON DELETE RESTRICT ON UPDATE RESTRICT
) ENGINE = InnoDB CHARACTER SET = utf8mb4 COLLATE = utf8mb4_general_ci COMMENT = '触发器详细信息表' ROW_FORMAT = Dynamic;

-- ----------------------------
-- Records of qrtz_triggers
-- ----------------------------

-- ----------------------------
-- Table structure for sarc_option
-- ----------------------------
DROP TABLE IF EXISTS `sarc_option`;
CREATE TABLE `sarc_option`  (
  `id` int NOT NULL AUTO_INCREMENT COMMENT '主键',
  `question_id` bigint NOT NULL COMMENT '题目id',
  `label` varchar(10) CHARACTER SET utf8mb4 COLLATE utf8mb4_general_ci NOT NULL COMMENT '选项标识(a/b/c/d)',
  `content` varchar(255) CHARACTER SET utf8mb4 COLLATE utf8mb4_general_ci NOT NULL COMMENT '选项内容',
  `score` int NULL DEFAULT 0 COMMENT '选项得分',
  `sort` int NULL DEFAULT 0 COMMENT '排序',
  `del_flag` char(1) CHARACTER SET utf8mb4 COLLATE utf8mb4_general_ci NULL DEFAULT '0',
  `create_time` datetime NULL DEFAULT CURRENT_TIMESTAMP COMMENT '创建时间',
  `update_time` datetime NULL DEFAULT CURRENT_TIMESTAMP ON UPDATE CURRENT_TIMESTAMP COMMENT '更新时间',
  `create_by` varchar(64) CHARACTER SET utf8mb4 COLLATE utf8mb4_general_ci NULL DEFAULT '' COMMENT '创建者',
  `update_by` varchar(64) CHARACTER SET utf8mb4 COLLATE utf8mb4_general_ci NULL DEFAULT '' COMMENT '更新者',
  PRIMARY KEY (`id`) USING BTREE
) ENGINE = InnoDB AUTO_INCREMENT = 70 CHARACTER SET = utf8mb4 COLLATE = utf8mb4_general_ci COMMENT = 'sarc_选项表' ROW_FORMAT = Dynamic;

-- ----------------------------
-- Records of sarc_option
-- ----------------------------
INSERT INTO `sarc_option` VALUES (1, 1, 'A', '没困难', 0, 1, '0', '2026-05-29 10:30:34', '2026-05-29 10:30:34', '', '');
INSERT INTO `sarc_option` VALUES (2, 1, 'B', '轻度困难', 1, 2, '0', '2026-05-29 10:30:34', '2026-05-29 10:30:34', '', '');
INSERT INTO `sarc_option` VALUES (3, 1, 'C', '非常困难或无法完成', 2, 3, '0', '2026-05-29 10:30:34', '2026-05-29 10:30:34', '', '');
INSERT INTO `sarc_option` VALUES (4, 2, 'A', '没困难', 0, 1, '0', '2026-05-29 10:30:34', '2026-05-29 10:30:34', '', '');
INSERT INTO `sarc_option` VALUES (5, 2, 'B', '轻度困难', 1, 2, '0', '2026-05-29 10:30:34', '2026-05-29 10:30:34', '', '');
INSERT INTO `sarc_option` VALUES (6, 2, 'C', '非常困难或无法完成', 2, 3, '0', '2026-05-29 10:30:34', '2026-05-29 10:30:34', '', '');
INSERT INTO `sarc_option` VALUES (7, 3, 'A', '没困难', 0, 1, '0', '2026-05-29 10:30:34', '2026-05-29 10:30:34', '', '');
INSERT INTO `sarc_option` VALUES (8, 3, 'B', '轻度困难', 1, 2, '0', '2026-05-29 10:30:34', '2026-05-29 10:30:34', '', '');
INSERT INTO `sarc_option` VALUES (9, 3, 'C', '非常困难或无法完成', 2, 3, '0', '2026-05-29 10:30:34', '2026-05-29 10:30:34', '', '');
INSERT INTO `sarc_option` VALUES (10, 4, 'A', '没困难', 0, 1, '0', '2026-05-29 10:30:34', '2026-05-29 10:30:34', '', '');
INSERT INTO `sarc_option` VALUES (11, 4, 'B', '轻度困难', 1, 2, '0', '2026-05-29 10:30:34', '2026-05-29 10:30:34', '', '');
INSERT INTO `sarc_option` VALUES (12, 4, 'C', '非常困难或无法完成', 2, 3, '0', '2026-05-29 10:30:34', '2026-05-29 10:30:34', '', '');
INSERT INTO `sarc_option` VALUES (13, 5, 'A', '无跌倒', 0, 1, '0', '2026-05-29 10:30:34', '2026-05-29 10:30:34', '', '');
INSERT INTO `sarc_option` VALUES (14, 5, 'B', '跌倒1-3次', 1, 2, '0', '2026-05-29 10:30:34', '2026-05-29 10:30:34', '', '');
INSERT INTO `sarc_option` VALUES (15, 5, 'C', '跌倒4次及以上', 2, 3, '0', '2026-05-29 10:30:34', '2026-05-29 10:30:34', '', '');
INSERT INTO `sarc_option` VALUES (16, 12, 'A', '无困难', 0, 1, '0', '2026-05-29 10:30:34', '2026-05-29 10:30:34', '', '');
INSERT INTO `sarc_option` VALUES (17, 12, 'B', '有困难', 1, 2, '0', '2026-05-29 10:30:34', '2026-05-29 10:30:34', '', '');
INSERT INTO `sarc_option` VALUES (18, 13, 'A', '无困难', 0, 1, '0', '2026-05-29 10:30:34', '2026-05-29 10:30:34', '', '');
INSERT INTO `sarc_option` VALUES (19, 13, 'B', '有困难', 1, 2, '0', '2026-05-29 10:30:34', '2026-05-29 10:30:34', '', '');
INSERT INTO `sarc_option` VALUES (20, 14, 'A', '无困难', 0, 1, '0', '2026-05-29 10:30:34', '2026-05-29 10:30:34', '', '');
INSERT INTO `sarc_option` VALUES (21, 14, 'B', '有困难', 1, 2, '0', '2026-05-29 10:30:34', '2026-05-29 10:30:34', '', '');
INSERT INTO `sarc_option` VALUES (22, 15, 'A', '无困难', 0, 1, '0', '2026-05-29 10:30:34', '2026-05-29 10:30:34', '', '');
INSERT INTO `sarc_option` VALUES (23, 15, 'B', '有困难', 1, 2, '0', '2026-05-29 10:30:34', '2026-05-29 10:30:34', '', '');
INSERT INTO `sarc_option` VALUES (24, 16, 'A', '无跌倒', 0, 1, '0', '2026-05-29 10:30:34', '2026-05-29 10:30:34', '', '');
INSERT INTO `sarc_option` VALUES (25, 16, 'B', '跌倒过', 1, 2, '0', '2026-05-29 10:30:34', '2026-05-29 10:30:34', '', '');
INSERT INTO `sarc_option` VALUES (26, 17, 'A', '无法完成30秒', 0, 1, '0', '2026-05-29 10:30:34', '2026-05-29 10:30:34', '', '');
INSERT INTO `sarc_option` VALUES (27, 17, 'B', '能完成30秒', 2, 2, '0', '2026-05-29 10:30:34', '2026-05-29 10:30:34', '', '');
INSERT INTO `sarc_option` VALUES (28, 18, 'A', '无法完成30秒', 0, 1, '0', '2026-05-29 10:30:34', '2026-05-29 10:30:34', '', '');
INSERT INTO `sarc_option` VALUES (29, 18, 'B', '能完成30秒', 2, 2, '0', '2026-05-29 10:30:34', '2026-05-29 10:30:34', '', '');
INSERT INTO `sarc_option` VALUES (30, 19, 'A', '无法完成30秒', 0, 1, '0', '2026-05-29 10:30:34', '2026-05-29 10:30:34', '', '');
INSERT INTO `sarc_option` VALUES (31, 19, 'B', '能完成30秒', 2, 2, '0', '2026-05-29 10:30:34', '2026-05-29 10:30:34', '', '');
INSERT INTO `sarc_option` VALUES (32, 20, 'A', '无减少，进食正常', 2, 1, '0', '2026-05-29 10:30:34', '2026-05-29 10:30:34', '', '');
INSERT INTO `sarc_option` VALUES (33, 20, 'B', '轻度减少', 1, 2, '0', '2026-05-29 10:30:34', '2026-05-29 10:30:34', '', '');
INSERT INTO `sarc_option` VALUES (34, 20, 'C', '严重减少/进食困难', 0, 3, '0', '2026-05-29 10:30:34', '2026-05-29 10:30:34', '', '');
INSERT INTO `sarc_option` VALUES (35, 21, 'A', '无下降', 3, 1, '0', '2026-05-29 10:30:34', '2026-05-29 10:30:34', '', '');
INSERT INTO `sarc_option` VALUES (36, 21, 'B', '下降1-3kg', 2, 2, '0', '2026-05-29 10:30:34', '2026-05-29 10:30:34', '', '');
INSERT INTO `sarc_option` VALUES (37, 21, 'C', '不知道/无法判断', 1, 3, '0', '2026-05-29 10:30:34', '2026-05-29 10:30:34', '', '');
INSERT INTO `sarc_option` VALUES (38, 21, 'D', '下降＞3kg', 0, 4, '0', '2026-05-29 10:30:34', '2026-05-29 10:30:34', '', '');
INSERT INTO `sarc_option` VALUES (39, 22, 'A', '可外出活动', 2, 1, '0', '2026-05-29 10:30:34', '2026-05-29 10:30:34', '', '');
INSERT INTO `sarc_option` VALUES (40, 22, 'B', '只能室内活动', 1, 2, '0', '2026-05-29 10:30:34', '2026-05-29 10:30:34', '', '');
INSERT INTO `sarc_option` VALUES (41, 22, 'C', '卧床/坐轮椅', 0, 3, '0', '2026-05-29 10:30:34', '2026-05-29 10:30:34', '', '');
INSERT INTO `sarc_option` VALUES (42, 23, 'A', '无', 2, 1, '0', '2026-05-29 10:30:34', '2026-05-29 10:30:34', '', '');
INSERT INTO `sarc_option` VALUES (43, 23, 'B', '有', 0, 2, '0', '2026-05-29 10:30:34', '2026-05-29 10:30:34', '', '');
INSERT INTO `sarc_option` VALUES (44, 24, 'A', '正常', 2, 1, '0', '2026-05-29 10:30:34', '2026-05-29 10:30:34', '', '');
INSERT INTO `sarc_option` VALUES (45, 24, 'B', '轻度痴呆/抑郁', 1, 2, '0', '2026-05-29 10:30:34', '2026-05-29 10:30:34', '', '');
INSERT INTO `sarc_option` VALUES (46, 24, 'C', '严重痴呆/抑郁', 0, 3, '0', '2026-05-29 10:30:34', '2026-05-29 10:30:34', '', '');
INSERT INTO `sarc_option` VALUES (47, 25, 'A', 'BMI≥23 或 小腿围＞31cm', 3, 1, '0', '2026-05-29 10:30:34', '2026-05-29 10:30:34', '', '');
INSERT INTO `sarc_option` VALUES (48, 25, 'B', 'BMI 21-22.9', 2, 2, '0', '2026-05-29 10:30:34', '2026-05-29 10:30:34', '', '');
INSERT INTO `sarc_option` VALUES (49, 25, 'C', 'BMI 19-20.9 或 小腿围26-31cm', 1, 3, '0', '2026-05-29 10:30:34', '2026-05-29 10:30:34', '', '');
INSERT INTO `sarc_option` VALUES (50, 25, 'D', 'BMI＜19 或 小腿围＜26cm', 0, 4, '0', '2026-05-29 10:30:34', '2026-05-29 10:30:34', '', '');

-- ----------------------------
-- Table structure for sarc_question
-- ----------------------------
DROP TABLE IF EXISTS `sarc_question`;
CREATE TABLE `sarc_question`  (
  `id` bigint NOT NULL AUTO_INCREMENT COMMENT '主键',
  `scale_id` bigint NOT NULL COMMENT '所属量表 / 模块id',
  `title` varchar(100) CHARACTER SET utf8mb4 COLLATE utf8mb4_general_ci NULL DEFAULT NULL COMMENT '标题',
  `stem` varchar(500) CHARACTER SET utf8mb4 COLLATE utf8mb4_general_ci NOT NULL COMMENT '题干',
  `type` char(1) CHARACTER SET utf8mb4 COLLATE utf8mb4_general_ci NULL DEFAULT '1' COMMENT '题型 1=单选 2=多选 3=判断 4=填空',
  `sort` int NULL DEFAULT 0 COMMENT '排序',
  `create_time` datetime NULL DEFAULT CURRENT_TIMESTAMP,
  `del_flag` char(1) CHARACTER SET utf8mb4 COLLATE utf8mb4_general_ci NULL DEFAULT '0',
  `update_time` datetime NULL DEFAULT CURRENT_TIMESTAMP ON UPDATE CURRENT_TIMESTAMP COMMENT '更新时间',
  `create_by` varchar(64) CHARACTER SET utf8mb4 COLLATE utf8mb4_general_ci NULL DEFAULT '' COMMENT '创建者',
  `update_by` varchar(64) CHARACTER SET utf8mb4 COLLATE utf8mb4_general_ci NULL DEFAULT '' COMMENT '更新者',
  PRIMARY KEY (`id`) USING BTREE
) ENGINE = InnoDB AUTO_INCREMENT = 36 CHARACTER SET = utf8mb4 COLLATE = utf8mb4_general_ci COMMENT = 'sarc_题目表' ROW_FORMAT = Dynamic;

-- ----------------------------
-- Records of sarc_question
-- ----------------------------
INSERT INTO `sarc_question` VALUES (1, 1, '力量', '您举起或搬运约 4.5kg （9斤）的物品有无困难？', '1', 1, '2026-05-29 09:46:47', '0', '2026-05-29 10:30:34', '', '');
INSERT INTO `sarc_question` VALUES (2, 1, '协助步行', '您步行穿过整个房间有无困难？', '1', 2, '2026-05-29 09:48:41', '0', '2026-05-29 10:30:34', '', '');
INSERT INTO `sarc_question` VALUES (3, 1, '座椅起身', '您从椅子或床上起身有无困难？', '1', 3, '2026-05-29 09:48:41', '0', '2026-05-29 10:30:34', '', '');
INSERT INTO `sarc_question` VALUES (4, 1, '爬楼梯', '您爬10个台阶（大约一层楼）有无困难？', '1', 4, '2026-05-29 09:48:41', '0', '2026-05-29 10:30:34', '', '');
INSERT INTO `sarc_question` VALUES (5, 1, '跌倒', '在过去的一年里，您跌倒了多少次？', '1', 5, '2026-05-29 09:48:41', '0', '2026-05-29 10:30:34', '', '');
INSERT INTO `sarc_question` VALUES (6, 2, '四肢骨骼肌量(DXA)', '四肢骨骼肌量[双能X线吸收法(DXA)]（kg/m²）', '4', 1, '2026-05-29 10:05:28', '0', '2026-05-29 10:30:34', '', '');
INSERT INTO `sarc_question` VALUES (7, 2, '四肢骨骼肌量(BIA)', '四肢骨骼肌量[生物电阻抗分析法(BIA)]（kg/m²）', '4', 2, '2026-05-29 10:05:28', '0', '2026-05-29 10:30:34', '', '');
INSERT INTO `sarc_question` VALUES (8, 2, '握力', '优势手握力最大值（kg）', '4', 3, '2026-05-29 10:05:28', '0', '2026-05-29 10:30:34', '', '');
INSERT INTO `sarc_question` VALUES (9, 2, '5次起坐时间', '5次椅子起坐完成时间（秒）', '4', 4, '2026-05-29 10:05:28', '0', '2026-05-29 10:30:34', '', '');
INSERT INTO `sarc_question` VALUES (10, 2, '6米步行速度', '6米步行速度（m/s）', '4', 5, '2026-05-29 10:05:28', '0', '2026-05-29 10:30:34', '', '');
INSERT INTO `sarc_question` VALUES (11, 2, 'SPPB总分', '简易体能状况量表（SPPB）总分（分）', '4', 6, '2026-05-29 10:05:28', '0', '2026-05-29 10:30:34', '', '');
INSERT INTO `sarc_question` VALUES (12, 3, 'SARC-F-力量', '您举起或搬运10斤重物有困难吗？', '1', 1, '2026-05-29 10:10:35', '0', '2026-05-29 10:30:34', '', '');
INSERT INTO `sarc_question` VALUES (13, 3, 'SARC-F-辅助步行', '您步行穿过房间有困难吗？', '1', 2, '2026-05-29 10:10:35', '0', '2026-05-29 10:30:34', '', '');
INSERT INTO `sarc_question` VALUES (14, 3, 'SARC-F-座椅起身', '您从椅子上站起来有困难吗？', '1', 3, '2026-05-29 10:10:35', '0', '2026-05-29 10:30:34', '', '');
INSERT INTO `sarc_question` VALUES (15, 3, 'SARC-F-爬楼梯', '您爬10级台阶有困难吗？', '1', 4, '2026-05-29 10:10:35', '0', '2026-05-29 10:30:34', '', '');
INSERT INTO `sarc_question` VALUES (16, 3, 'SARC-F-跌倒', '过去1年您跌倒过吗？', '1', 5, '2026-05-29 10:10:35', '0', '2026-05-29 10:30:34', '', '');
INSERT INTO `sarc_question` VALUES (17, 3, '小腿围', '小腿最大围度（cm）', '4', 6, '2026-05-29 10:10:35', '0', '2026-05-29 10:30:34', '', '');
INSERT INTO `sarc_question` VALUES (18, 3, '优势手握力', '优势手握力最大值（kg），测3次取最大', '4', 7, '2026-05-29 10:10:35', '0', '2026-05-29 10:30:34', '', '');
INSERT INTO `sarc_question` VALUES (19, 3, '平衡-双脚并立', '双脚并立站立30秒能否完成？', '1', 8, '2026-05-29 10:10:35', '0', '2026-05-29 10:30:34', '', '');
INSERT INTO `sarc_question` VALUES (20, 3, '平衡-半脚错开', '半脚错开站立30秒能否完成？', '1', 9, '2026-05-29 10:10:35', '0', '2026-05-29 10:30:34', '', '');
INSERT INTO `sarc_question` VALUES (21, 3, '平衡-前后脚站立', '前后脚站立30秒能否完成？', '1', 10, '2026-05-29 10:10:35', '0', '2026-05-29 10:30:34', '', '');
INSERT INTO `sarc_question` VALUES (22, 3, '3米步速', '3米距离步行速度（m/s），测2次取平均', '4', 11, '2026-05-29 10:10:35', '0', '2026-05-29 10:30:34', '', '');
INSERT INTO `sarc_question` VALUES (23, 3, '1分钟椅子起坐', '1分钟内从椅子坐下-起身次数（双手交叉胸前）', '4', 12, '2026-05-29 10:10:35', '0', '2026-05-29 10:30:34', '', '');
INSERT INTO `sarc_question` VALUES (24, 4, '进食情况', '近3个月内，您是否因食欲下降、消化问题、咀嚼或吞咽困难导致进食减少？', '1', 1, '2026-05-29 10:17:38', '0', '2026-05-29 10:30:34', '', '');
INSERT INTO `sarc_question` VALUES (25, 4, '体重变化', '近3个月内您的体重变化情况？', '1', 2, '2026-05-29 10:17:38', '0', '2026-05-29 10:30:34', '', '');
INSERT INTO `sarc_question` VALUES (26, 4, '活动能力', '您的日常活动状态？', '1', 3, '2026-05-29 10:17:38', '0', '2026-05-29 10:30:34', '', '');
INSERT INTO `sarc_question` VALUES (27, 4, '急性疾病/心理应激', '近3个月内是否有急性疾病发作或严重心理应激事件？', '1', 4, '2026-05-29 10:17:38', '0', '2026-05-29 10:30:34', '', '');
INSERT INTO `sarc_question` VALUES (28, 4, '神经心理状态', '您的认知功能和情绪状态？', '1', 5, '2026-05-29 10:17:38', '0', '2026-05-29 10:30:34', '', '');
INSERT INTO `sarc_question` VALUES (29, 4, 'BMI/小腿围', '您的BMI或小腿围情况？', '1', 6, '2026-05-29 10:17:38', '0', '2026-05-29 10:30:34', '', '');

-- ----------------------------
-- Table structure for sarc_record
-- ----------------------------
DROP TABLE IF EXISTS `sarc_record`;
CREATE TABLE `sarc_record`  (
  `id` int NOT NULL AUTO_INCREMENT COMMENT '主键',
  `patient_id` bigint NOT NULL COMMENT '病人id',
  `user_id` bigint NULL DEFAULT NULL COMMENT '操作医生id',
  `scale_id` bigint NOT NULL COMMENT '量表id',
  `total_score` int NULL DEFAULT 0 COMMENT '总分',
  `result` varchar(100) CHARACTER SET utf8mb4 COLLATE utf8mb4_general_ci NULL DEFAULT NULL COMMENT '评估结果',
  `suggest` varchar(500) CHARACTER SET utf8mb4 COLLATE utf8mb4_general_ci NULL DEFAULT NULL COMMENT '建议',
  `answer_json` text CHARACTER SET utf8mb4 COLLATE utf8mb4_general_ci NULL COMMENT '答案json',
  `create_time` datetime NULL DEFAULT CURRENT_TIMESTAMP,
  `del_flag` char(1) CHARACTER SET utf8mb4 COLLATE utf8mb4_general_ci NULL DEFAULT '0',
  `update_time` datetime NULL DEFAULT CURRENT_TIMESTAMP ON UPDATE CURRENT_TIMESTAMP COMMENT '更新时间',
  `create_by` varchar(64) CHARACTER SET utf8mb4 COLLATE utf8mb4_general_ci NULL DEFAULT '' COMMENT '创建者',
  `update_by` varchar(64) CHARACTER SET utf8mb4 COLLATE utf8mb4_general_ci NULL DEFAULT '' COMMENT '更新者',
  PRIMARY KEY (`id`) USING BTREE
) ENGINE = InnoDB AUTO_INCREMENT = 1 CHARACTER SET = utf8mb4 COLLATE = utf8mb4_general_ci COMMENT = 'sarc_评估记录表' ROW_FORMAT = Dynamic;

-- ----------------------------
-- Records of sarc_record
-- ----------------------------

-- ----------------------------
-- Table structure for sarc_scale
-- ----------------------------
DROP TABLE IF EXISTS `sarc_scale`;
CREATE TABLE `sarc_scale`  (
  `id` bigint NOT NULL AUTO_INCREMENT COMMENT '主键',
  `scale_name` varchar(100) CHARACTER SET utf8mb4 COLLATE utf8mb4_general_ci NOT NULL COMMENT '量表名称',
  `code` varchar(50) CHARACTER SET utf8mb4 COLLATE utf8mb4_general_ci NULL DEFAULT NULL COMMENT '编码(sarc...)',
  `total_score` int NULL DEFAULT 0 COMMENT '总分',
  `remark` varchar(500) CHARACTER SET utf8mb4 COLLATE utf8mb4_general_ci NULL DEFAULT NULL COMMENT '说明',
  `create_time` datetime NULL DEFAULT CURRENT_TIMESTAMP,
  `del_flag` char(1) CHARACTER SET utf8mb4 COLLATE utf8mb4_general_ci NULL DEFAULT '0',
  `update_time` datetime NULL DEFAULT CURRENT_TIMESTAMP ON UPDATE CURRENT_TIMESTAMP COMMENT '更新时间',
  `create_by` varchar(64) CHARACTER SET utf8mb4 COLLATE utf8mb4_general_ci NULL DEFAULT '' COMMENT '创建者',
  `update_by` varchar(64) CHARACTER SET utf8mb4 COLLATE utf8mb4_general_ci NULL DEFAULT '' COMMENT '更新者',
  PRIMARY KEY (`id`) USING BTREE
) ENGINE = InnoDB AUTO_INCREMENT = 8 CHARACTER SET = utf8mb4 COLLATE = utf8mb4_general_ci COMMENT = 'sarc_量表表' ROW_FORMAT = Dynamic;

-- ----------------------------
-- Records of sarc_scale
-- ----------------------------
INSERT INTO `sarc_scale` VALUES (1, '肌少症风险筛查', 'sarc-f', 10, 'SARC-F 是国际通用的老年人肌少症快速筛查工具，通过 5 个维度评估肌肉功能与跌倒风险，总分≥4 分，表示有肌少症风险。', '2026-05-29 09:42:34', '0', '2026-05-29 10:30:34', '', '');
INSERT INTO `sarc_scale` VALUES (2, '肌少症确诊指标', 'sarco-diagnosis', 0, '肌少症确诊用指标，按T/CNSS 039-2025标准判定', '2026-05-29 10:04:39', '0', '2026-05-29 10:30:34', '', '');
INSERT INTO `sarc_scale` VALUES (4, '肌少症与跌倒风险综合评估表', 'sarc_fall_comprehensive', 40, '含SARC-F、小腿围、握力、平衡、步速、椅子起坐', '2026-05-29 10:09:45', '0', '2026-05-29 10:30:34', '', '');
INSERT INTO `sarc_scale` VALUES (6, 'MNA-SF 微型营养评估简表', 'mna-sf', 14, '用于筛查老年人营养状况，0-14分，配合肌少症评估使用', '2026-05-29 10:17:38', '0', '2026-05-29 10:30:34', '', '');

-- ----------------------------
-- Table structure for sys_config
-- ----------------------------
DROP TABLE IF EXISTS `sys_config`;
CREATE TABLE `sys_config`  (
  `config_id` int NOT NULL AUTO_INCREMENT COMMENT '参数主键',
  `config_name` varchar(100) CHARACTER SET utf8mb4 COLLATE utf8mb4_general_ci NULL DEFAULT '' COMMENT '参数名称',
  `config_key` varchar(100) CHARACTER SET utf8mb4 COLLATE utf8mb4_general_ci NULL DEFAULT '' COMMENT '参数键名',
  `config_value` varchar(500) CHARACTER SET utf8mb4 COLLATE utf8mb4_general_ci NULL DEFAULT '' COMMENT '参数键值',
  `config_type` char(1) CHARACTER SET utf8mb4 COLLATE utf8mb4_general_ci NULL DEFAULT 'N' COMMENT '系统内置（Y是 N否）',
  `create_by` varchar(64) CHARACTER SET utf8mb4 COLLATE utf8mb4_general_ci NULL DEFAULT '' COMMENT '创建者',
  `create_time` datetime NULL DEFAULT NULL COMMENT '创建时间',
  `update_by` varchar(64) CHARACTER SET utf8mb4 COLLATE utf8mb4_general_ci NULL DEFAULT '' COMMENT '更新者',
  `update_time` datetime NULL DEFAULT NULL COMMENT '更新时间',
  `remark` varchar(500) CHARACTER SET utf8mb4 COLLATE utf8mb4_general_ci NULL DEFAULT NULL COMMENT '备注',
  PRIMARY KEY (`config_id`) USING BTREE
) ENGINE = InnoDB AUTO_INCREMENT = 100 CHARACTER SET = utf8mb4 COLLATE = utf8mb4_general_ci COMMENT = '参数配置表' ROW_FORMAT = Dynamic;

-- ----------------------------
-- Records of sys_config
-- ----------------------------
INSERT INTO `sys_config` VALUES (1, '主框架页-默认皮肤样式名称', 'sys.index.skinName', 'skin-blue', 'Y', 'admin', '2026-05-25 10:29:04', '', NULL, '蓝色 skin-blue、绿色 skin-green、紫色 skin-purple、红色 skin-red、黄色 skin-yellow');
INSERT INTO `sys_config` VALUES (2, '用户管理-账号初始密码', 'sys.user.initPassword', '123456', 'Y', 'admin', '2026-05-25 10:29:04', '', NULL, '初始化密码 123456');
INSERT INTO `sys_config` VALUES (3, '主框架页-侧边栏主题', 'sys.index.sideTheme', 'theme-dark', 'Y', 'admin', '2026-05-25 10:29:04', '', NULL, '深色主题theme-dark，浅色主题theme-light');
INSERT INTO `sys_config` VALUES (4, '账号自助-验证码开关', 'sys.account.captchaEnabled', 'false', 'Y', 'admin', '2026-05-25 10:29:04', 'admin', '2026-05-25 11:17:56', '是否开启验证码功能（true开启，false关闭）');
INSERT INTO `sys_config` VALUES (5, '账号自助-是否开启用户注册功能', 'sys.account.registerUser', 'false', 'Y', 'admin', '2026-05-25 10:29:04', '', NULL, '是否开启注册用户功能（true开启，false关闭）');
INSERT INTO `sys_config` VALUES (6, '用户登录-黑名单列表', 'sys.login.blackIPList', '', 'Y', 'admin', '2026-05-25 10:29:04', '', NULL, '设置登录IP黑名单限制，多个匹配项以;分隔，支持匹配（*通配、网段）');
INSERT INTO `sys_config` VALUES (7, '用户管理-初始密码修改策略', 'sys.account.initPasswordModify', '1', 'Y', 'admin', '2026-05-25 10:29:04', '', NULL, '0：初始密码修改策略关闭，没有任何提示，1：提醒用户，如果未修改初始密码，则在登录时就会提醒修改密码对话框');
INSERT INTO `sys_config` VALUES (8, '用户管理-账号密码更新周期', 'sys.account.passwordValidateDays', '0', 'Y', 'admin', '2026-05-25 10:29:04', '', NULL, '密码更新周期（填写数字，数据初始化值为0不限制，若修改必须为大于0小于365的正整数），如果超过这个周期登录系统时，则在登录时就会提醒修改密码对话框');

-- ----------------------------
-- Table structure for sys_dept
-- ----------------------------
DROP TABLE IF EXISTS `sys_dept`;
CREATE TABLE `sys_dept`  (
  `dept_id` bigint NOT NULL AUTO_INCREMENT COMMENT '部门id',
  `parent_id` bigint NULL DEFAULT 0 COMMENT '父部门id',
  `ancestors` varchar(50) CHARACTER SET utf8mb4 COLLATE utf8mb4_general_ci NULL DEFAULT '' COMMENT '祖级列表',
  `dept_name` varchar(30) CHARACTER SET utf8mb4 COLLATE utf8mb4_general_ci NULL DEFAULT '' COMMENT '部门名称',
  `order_num` int NULL DEFAULT 0 COMMENT '显示顺序',
  `leader` varchar(20) CHARACTER SET utf8mb4 COLLATE utf8mb4_general_ci NULL DEFAULT NULL COMMENT '负责人',
  `phone` varchar(11) CHARACTER SET utf8mb4 COLLATE utf8mb4_general_ci NULL DEFAULT NULL COMMENT '联系电话',
  `email` varchar(50) CHARACTER SET utf8mb4 COLLATE utf8mb4_general_ci NULL DEFAULT NULL COMMENT '邮箱',
  `status` char(1) CHARACTER SET utf8mb4 COLLATE utf8mb4_general_ci NULL DEFAULT '0' COMMENT '部门状态（0正常 1停用）',
  `del_flag` char(1) CHARACTER SET utf8mb4 COLLATE utf8mb4_general_ci NULL DEFAULT '0' COMMENT '删除标志（0代表存在 2代表删除）',
  `create_by` varchar(64) CHARACTER SET utf8mb4 COLLATE utf8mb4_general_ci NULL DEFAULT '' COMMENT '创建者',
  `create_time` datetime NULL DEFAULT NULL COMMENT '创建时间',
  `update_by` varchar(64) CHARACTER SET utf8mb4 COLLATE utf8mb4_general_ci NULL DEFAULT '' COMMENT '更新者',
  `update_time` datetime NULL DEFAULT NULL COMMENT '更新时间',
  PRIMARY KEY (`dept_id`) USING BTREE
) ENGINE = InnoDB AUTO_INCREMENT = 200 CHARACTER SET = utf8mb4 COLLATE = utf8mb4_general_ci COMMENT = '部门表' ROW_FORMAT = Dynamic;

-- ----------------------------
-- Records of sys_dept
-- ----------------------------
INSERT INTO `sys_dept` VALUES (100, 0, '0', '若依科技', 0, '若依', '15888888888', 'ry@qq.com', '0', '0', 'admin', '2026-05-25 10:29:04', '', NULL);
INSERT INTO `sys_dept` VALUES (101, 100, '0,100', '深圳总公司', 1, '若依', '15888888888', 'ry@qq.com', '0', '0', 'admin', '2026-05-25 10:29:04', '', NULL);
INSERT INTO `sys_dept` VALUES (102, 100, '0,100', '长沙分公司', 2, '若依', '15888888888', 'ry@qq.com', '0', '0', 'admin', '2026-05-25 10:29:04', '', NULL);
INSERT INTO `sys_dept` VALUES (103, 101, '0,100,101', '研发部门', 1, '若依', '15888888888', 'ry@qq.com', '0', '0', 'admin', '2026-05-25 10:29:04', '', NULL);
INSERT INTO `sys_dept` VALUES (104, 101, '0,100,101', '市场部门', 2, '若依', '15888888888', 'ry@qq.com', '0', '0', 'admin', '2026-05-25 10:29:04', '', NULL);
INSERT INTO `sys_dept` VALUES (105, 101, '0,100,101', '测试部门', 3, '若依', '15888888888', 'ry@qq.com', '0', '0', 'admin', '2026-05-25 10:29:04', '', NULL);
INSERT INTO `sys_dept` VALUES (106, 101, '0,100,101', '财务部门', 4, '若依', '15888888888', 'ry@qq.com', '0', '0', 'admin', '2026-05-25 10:29:04', '', NULL);
INSERT INTO `sys_dept` VALUES (107, 101, '0,100,101', '运维部门', 5, '若依', '15888888888', 'ry@qq.com', '0', '0', 'admin', '2026-05-25 10:29:04', '', NULL);
INSERT INTO `sys_dept` VALUES (108, 102, '0,100,102', '市场部门', 1, '若依', '15888888888', 'ry@qq.com', '0', '0', 'admin', '2026-05-25 10:29:04', '', NULL);
INSERT INTO `sys_dept` VALUES (109, 102, '0,100,102', '财务部门', 2, '若依', '15888888888', 'ry@qq.com', '0', '0', 'admin', '2026-05-25 10:29:04', '', NULL);

-- ----------------------------
-- Table structure for sys_dict_data
-- ----------------------------
DROP TABLE IF EXISTS `sys_dict_data`;
CREATE TABLE `sys_dict_data`  (
  `dict_code` bigint NOT NULL AUTO_INCREMENT COMMENT '字典编码',
  `dict_sort` int NULL DEFAULT 0 COMMENT '字典排序',
  `dict_label` varchar(100) CHARACTER SET utf8mb4 COLLATE utf8mb4_general_ci NULL DEFAULT '' COMMENT '字典标签',
  `dict_value` varchar(100) CHARACTER SET utf8mb4 COLLATE utf8mb4_general_ci NULL DEFAULT '' COMMENT '字典键值',
  `dict_type` varchar(100) CHARACTER SET utf8mb4 COLLATE utf8mb4_general_ci NULL DEFAULT '' COMMENT '字典类型',
  `css_class` varchar(100) CHARACTER SET utf8mb4 COLLATE utf8mb4_general_ci NULL DEFAULT NULL COMMENT '样式属性（其他样式扩展）',
  `list_class` varchar(100) CHARACTER SET utf8mb4 COLLATE utf8mb4_general_ci NULL DEFAULT NULL COMMENT '表格回显样式',
  `is_default` char(1) CHARACTER SET utf8mb4 COLLATE utf8mb4_general_ci NULL DEFAULT 'N' COMMENT '是否默认（Y是 N否）',
  `status` char(1) CHARACTER SET utf8mb4 COLLATE utf8mb4_general_ci NULL DEFAULT '0' COMMENT '状态（0正常 1停用）',
  `create_by` varchar(64) CHARACTER SET utf8mb4 COLLATE utf8mb4_general_ci NULL DEFAULT '' COMMENT '创建者',
  `create_time` datetime NULL DEFAULT NULL COMMENT '创建时间',
  `update_by` varchar(64) CHARACTER SET utf8mb4 COLLATE utf8mb4_general_ci NULL DEFAULT '' COMMENT '更新者',
  `update_time` datetime NULL DEFAULT NULL COMMENT '更新时间',
  `remark` varchar(500) CHARACTER SET utf8mb4 COLLATE utf8mb4_general_ci NULL DEFAULT NULL COMMENT '备注',
  PRIMARY KEY (`dict_code`) USING BTREE
) ENGINE = InnoDB AUTO_INCREMENT = 100 CHARACTER SET = utf8mb4 COLLATE = utf8mb4_general_ci COMMENT = '字典数据表' ROW_FORMAT = Dynamic;

-- ----------------------------
-- Records of sys_dict_data
-- ----------------------------
INSERT INTO `sys_dict_data` VALUES (1, 1, '男', '0', 'sys_user_sex', '', '', 'Y', '0', 'admin', '2026-05-25 10:29:04', '', NULL, '性别男');
INSERT INTO `sys_dict_data` VALUES (2, 2, '女', '1', 'sys_user_sex', '', '', 'N', '0', 'admin', '2026-05-25 10:29:04', '', NULL, '性别女');
INSERT INTO `sys_dict_data` VALUES (3, 3, '未知', '2', 'sys_user_sex', '', '', 'N', '0', 'admin', '2026-05-25 10:29:04', '', NULL, '性别未知');
INSERT INTO `sys_dict_data` VALUES (4, 1, '显示', '0', 'sys_show_hide', '', 'primary', 'Y', '0', 'admin', '2026-05-25 10:29:04', '', NULL, '显示菜单');
INSERT INTO `sys_dict_data` VALUES (5, 2, '隐藏', '1', 'sys_show_hide', '', 'danger', 'N', '0', 'admin', '2026-05-25 10:29:04', '', NULL, '隐藏菜单');
INSERT INTO `sys_dict_data` VALUES (6, 1, '正常', '0', 'sys_normal_disable', '', 'primary', 'Y', '0', 'admin', '2026-05-25 10:29:04', '', NULL, '正常状态');
INSERT INTO `sys_dict_data` VALUES (7, 2, '停用', '1', 'sys_normal_disable', '', 'danger', 'N', '0', 'admin', '2026-05-25 10:29:04', '', NULL, '停用状态');
INSERT INTO `sys_dict_data` VALUES (8, 1, '正常', '0', 'sys_job_status', '', 'primary', 'Y', '0', 'admin', '2026-05-25 10:29:04', '', NULL, '正常状态');
INSERT INTO `sys_dict_data` VALUES (9, 2, '暂停', '1', 'sys_job_status', '', 'danger', 'N', '0', 'admin', '2026-05-25 10:29:04', '', NULL, '停用状态');
INSERT INTO `sys_dict_data` VALUES (10, 1, '默认', 'DEFAULT', 'sys_job_group', '', '', 'Y', '0', 'admin', '2026-05-25 10:29:04', '', NULL, '默认分组');
INSERT INTO `sys_dict_data` VALUES (11, 2, '系统', 'SYSTEM', 'sys_job_group', '', '', 'N', '0', 'admin', '2026-05-25 10:29:04', '', NULL, '系统分组');
INSERT INTO `sys_dict_data` VALUES (12, 1, '是', 'Y', 'sys_yes_no', '', 'primary', 'Y', '0', 'admin', '2026-05-25 10:29:04', '', NULL, '系统默认是');
INSERT INTO `sys_dict_data` VALUES (13, 2, '否', 'N', 'sys_yes_no', '', 'danger', 'N', '0', 'admin', '2026-05-25 10:29:04', '', NULL, '系统默认否');
INSERT INTO `sys_dict_data` VALUES (14, 1, '通知', '1', 'sys_notice_type', '', 'warning', 'Y', '0', 'admin', '2026-05-25 10:29:04', '', NULL, '通知');
INSERT INTO `sys_dict_data` VALUES (15, 2, '公告', '2', 'sys_notice_type', '', 'success', 'N', '0', 'admin', '2026-05-25 10:29:04', '', NULL, '公告');
INSERT INTO `sys_dict_data` VALUES (16, 1, '正常', '0', 'sys_notice_status', '', 'primary', 'Y', '0', 'admin', '2026-05-25 10:29:04', '', NULL, '正常状态');
INSERT INTO `sys_dict_data` VALUES (17, 2, '关闭', '1', 'sys_notice_status', '', 'danger', 'N', '0', 'admin', '2026-05-25 10:29:04', '', NULL, '关闭状态');
INSERT INTO `sys_dict_data` VALUES (18, 99, '其他', '0', 'sys_oper_type', '', 'info', 'N', '0', 'admin', '2026-05-25 10:29:04', '', NULL, '其他操作');
INSERT INTO `sys_dict_data` VALUES (19, 1, '新增', '1', 'sys_oper_type', '', 'info', 'N', '0', 'admin', '2026-05-25 10:29:04', '', NULL, '新增操作');
INSERT INTO `sys_dict_data` VALUES (20, 2, '修改', '2', 'sys_oper_type', '', 'info', 'N', '0', 'admin', '2026-05-25 10:29:04', '', NULL, '修改操作');
INSERT INTO `sys_dict_data` VALUES (21, 3, '删除', '3', 'sys_oper_type', '', 'danger', 'N', '0', 'admin', '2026-05-25 10:29:04', '', NULL, '删除操作');
INSERT INTO `sys_dict_data` VALUES (22, 4, '授权', '4', 'sys_oper_type', '', 'primary', 'N', '0', 'admin', '2026-05-25 10:29:04', '', NULL, '授权操作');
INSERT INTO `sys_dict_data` VALUES (23, 5, '导出', '5', 'sys_oper_type', '', 'warning', 'N', '0', 'admin', '2026-05-25 10:29:04', '', NULL, '导出操作');
INSERT INTO `sys_dict_data` VALUES (24, 6, '导入', '6', 'sys_oper_type', '', 'warning', 'N', '0', 'admin', '2026-05-25 10:29:04', '', NULL, '导入操作');
INSERT INTO `sys_dict_data` VALUES (25, 7, '强退', '7', 'sys_oper_type', '', 'danger', 'N', '0', 'admin', '2026-05-25 10:29:04', '', NULL, '强退操作');
INSERT INTO `sys_dict_data` VALUES (26, 8, '生成代码', '8', 'sys_oper_type', '', 'warning', 'N', '0', 'admin', '2026-05-25 10:29:04', '', NULL, '生成操作');
INSERT INTO `sys_dict_data` VALUES (27, 9, '清空数据', '9', 'sys_oper_type', '', 'danger', 'N', '0', 'admin', '2026-05-25 10:29:04', '', NULL, '清空操作');
INSERT INTO `sys_dict_data` VALUES (28, 1, '成功', '0', 'sys_common_status', '', 'primary', 'N', '0', 'admin', '2026-05-25 10:29:04', '', NULL, '正常状态');
INSERT INTO `sys_dict_data` VALUES (29, 2, '失败', '1', 'sys_common_status', '', 'danger', 'N', '0', 'admin', '2026-05-25 10:29:04', '', NULL, '停用状态');

-- ----------------------------
-- Table structure for sys_dict_type
-- ----------------------------
DROP TABLE IF EXISTS `sys_dict_type`;
CREATE TABLE `sys_dict_type`  (
  `dict_id` bigint NOT NULL AUTO_INCREMENT COMMENT '字典主键',
  `dict_name` varchar(100) CHARACTER SET utf8mb4 COLLATE utf8mb4_general_ci NULL DEFAULT '' COMMENT '字典名称',
  `dict_type` varchar(100) CHARACTER SET utf8mb4 COLLATE utf8mb4_general_ci NULL DEFAULT '' COMMENT '字典类型',
  `status` char(1) CHARACTER SET utf8mb4 COLLATE utf8mb4_general_ci NULL DEFAULT '0' COMMENT '状态（0正常 1停用）',
  `create_by` varchar(64) CHARACTER SET utf8mb4 COLLATE utf8mb4_general_ci NULL DEFAULT '' COMMENT '创建者',
  `create_time` datetime NULL DEFAULT NULL COMMENT '创建时间',
  `update_by` varchar(64) CHARACTER SET utf8mb4 COLLATE utf8mb4_general_ci NULL DEFAULT '' COMMENT '更新者',
  `update_time` datetime NULL DEFAULT NULL COMMENT '更新时间',
  `remark` varchar(500) CHARACTER SET utf8mb4 COLLATE utf8mb4_general_ci NULL DEFAULT NULL COMMENT '备注',
  PRIMARY KEY (`dict_id`) USING BTREE,
  UNIQUE INDEX `dict_type`(`dict_type` ASC) USING BTREE
) ENGINE = InnoDB AUTO_INCREMENT = 100 CHARACTER SET = utf8mb4 COLLATE = utf8mb4_general_ci COMMENT = '字典类型表' ROW_FORMAT = Dynamic;

-- ----------------------------
-- Records of sys_dict_type
-- ----------------------------
INSERT INTO `sys_dict_type` VALUES (1, '用户性别', 'sys_user_sex', '0', 'admin', '2026-05-25 10:29:04', '', NULL, '用户性别列表');
INSERT INTO `sys_dict_type` VALUES (2, '菜单状态', 'sys_show_hide', '0', 'admin', '2026-05-25 10:29:04', '', NULL, '菜单状态列表');
INSERT INTO `sys_dict_type` VALUES (3, '系统开关', 'sys_normal_disable', '0', 'admin', '2026-05-25 10:29:04', '', NULL, '系统开关列表');
INSERT INTO `sys_dict_type` VALUES (4, '任务状态', 'sys_job_status', '0', 'admin', '2026-05-25 10:29:04', '', NULL, '任务状态列表');
INSERT INTO `sys_dict_type` VALUES (5, '任务分组', 'sys_job_group', '0', 'admin', '2026-05-25 10:29:04', '', NULL, '任务分组列表');
INSERT INTO `sys_dict_type` VALUES (6, '系统是否', 'sys_yes_no', '0', 'admin', '2026-05-25 10:29:04', '', NULL, '系统是否列表');
INSERT INTO `sys_dict_type` VALUES (7, '通知类型', 'sys_notice_type', '0', 'admin', '2026-05-25 10:29:04', '', NULL, '通知类型列表');
INSERT INTO `sys_dict_type` VALUES (8, '通知状态', 'sys_notice_status', '0', 'admin', '2026-05-25 10:29:04', '', NULL, '通知状态列表');
INSERT INTO `sys_dict_type` VALUES (9, '操作类型', 'sys_oper_type', '0', 'admin', '2026-05-25 10:29:04', '', NULL, '操作类型列表');
INSERT INTO `sys_dict_type` VALUES (10, '系统状态', 'sys_common_status', '0', 'admin', '2026-05-25 10:29:04', '', NULL, '登录状态列表');

-- ----------------------------
-- Table structure for sys_job
-- ----------------------------
DROP TABLE IF EXISTS `sys_job`;
CREATE TABLE `sys_job`  (
  `job_id` bigint NOT NULL AUTO_INCREMENT COMMENT '任务ID',
  `job_name` varchar(64) CHARACTER SET utf8mb4 COLLATE utf8mb4_general_ci NOT NULL DEFAULT '' COMMENT '任务名称',
  `job_group` varchar(64) CHARACTER SET utf8mb4 COLLATE utf8mb4_general_ci NOT NULL DEFAULT 'DEFAULT' COMMENT '任务组名',
  `invoke_target` varchar(500) CHARACTER SET utf8mb4 COLLATE utf8mb4_general_ci NOT NULL COMMENT '调用目标字符串',
  `cron_expression` varchar(255) CHARACTER SET utf8mb4 COLLATE utf8mb4_general_ci NULL DEFAULT '' COMMENT 'cron执行表达式',
  `misfire_policy` varchar(20) CHARACTER SET utf8mb4 COLLATE utf8mb4_general_ci NULL DEFAULT '3' COMMENT '计划执行错误策略（1立即执行 2执行一次 3放弃执行）',
  `concurrent` char(1) CHARACTER SET utf8mb4 COLLATE utf8mb4_general_ci NULL DEFAULT '1' COMMENT '是否并发执行（0允许 1禁止）',
  `status` char(1) CHARACTER SET utf8mb4 COLLATE utf8mb4_general_ci NULL DEFAULT '0' COMMENT '状态（0正常 1暂停）',
  `create_by` varchar(64) CHARACTER SET utf8mb4 COLLATE utf8mb4_general_ci NULL DEFAULT '' COMMENT '创建者',
  `create_time` datetime NULL DEFAULT NULL COMMENT '创建时间',
  `update_by` varchar(64) CHARACTER SET utf8mb4 COLLATE utf8mb4_general_ci NULL DEFAULT '' COMMENT '更新者',
  `update_time` datetime NULL DEFAULT NULL COMMENT '更新时间',
  `remark` varchar(500) CHARACTER SET utf8mb4 COLLATE utf8mb4_general_ci NULL DEFAULT '' COMMENT '备注信息',
  PRIMARY KEY (`job_id`, `job_name`, `job_group`) USING BTREE
) ENGINE = InnoDB AUTO_INCREMENT = 100 CHARACTER SET = utf8mb4 COLLATE = utf8mb4_general_ci COMMENT = '定时任务调度表' ROW_FORMAT = Dynamic;

-- ----------------------------
-- Records of sys_job
-- ----------------------------
INSERT INTO `sys_job` VALUES (1, '系统默认（无参）', 'DEFAULT', 'ryTask.ryNoParams', '0/10 * * * * ?', '3', '1', '1', 'admin', '2026-05-25 10:29:04', '', NULL, '');
INSERT INTO `sys_job` VALUES (2, '系统默认（有参）', 'DEFAULT', 'ryTask.ryParams(\'ry\')', '0/15 * * * * ?', '3', '1', '1', 'admin', '2026-05-25 10:29:04', '', NULL, '');
INSERT INTO `sys_job` VALUES (3, '系统默认（多参）', 'DEFAULT', 'ryTask.ryMultipleParams(\'ry\', true, 2000L, 316.50D, 100)', '0/20 * * * * ?', '3', '1', '1', 'admin', '2026-05-25 10:29:04', '', NULL, '');

-- ----------------------------
-- Table structure for sys_job_log
-- ----------------------------
DROP TABLE IF EXISTS `sys_job_log`;
CREATE TABLE `sys_job_log`  (
  `job_log_id` bigint NOT NULL AUTO_INCREMENT COMMENT '任务日志ID',
  `job_name` varchar(64) CHARACTER SET utf8mb4 COLLATE utf8mb4_general_ci NOT NULL COMMENT '任务名称',
  `job_group` varchar(64) CHARACTER SET utf8mb4 COLLATE utf8mb4_general_ci NOT NULL COMMENT '任务组名',
  `invoke_target` varchar(500) CHARACTER SET utf8mb4 COLLATE utf8mb4_general_ci NOT NULL COMMENT '调用目标字符串',
  `job_message` varchar(500) CHARACTER SET utf8mb4 COLLATE utf8mb4_general_ci NULL DEFAULT NULL COMMENT '日志信息',
  `status` char(1) CHARACTER SET utf8mb4 COLLATE utf8mb4_general_ci NULL DEFAULT '0' COMMENT '执行状态（0正常 1失败）',
  `exception_info` varchar(2000) CHARACTER SET utf8mb4 COLLATE utf8mb4_general_ci NULL DEFAULT '' COMMENT '异常信息',
  `start_time` datetime NULL DEFAULT NULL COMMENT '执行开始时间',
  `end_time` datetime NULL DEFAULT NULL COMMENT '执行结束时间',
  `create_time` datetime NULL DEFAULT NULL COMMENT '创建时间',
  PRIMARY KEY (`job_log_id`) USING BTREE
) ENGINE = InnoDB AUTO_INCREMENT = 1 CHARACTER SET = utf8mb4 COLLATE = utf8mb4_general_ci COMMENT = '定时任务调度日志表' ROW_FORMAT = Dynamic;

-- ----------------------------
-- Records of sys_job_log
-- ----------------------------

-- ----------------------------
-- Table structure for sys_logininfor
-- ----------------------------
DROP TABLE IF EXISTS `sys_logininfor`;
CREATE TABLE `sys_logininfor`  (
  `info_id` bigint NOT NULL AUTO_INCREMENT COMMENT '访问ID',
  `user_name` varchar(50) CHARACTER SET utf8mb4 COLLATE utf8mb4_general_ci NULL DEFAULT '' COMMENT '用户账号',
  `ipaddr` varchar(128) CHARACTER SET utf8mb4 COLLATE utf8mb4_general_ci NULL DEFAULT '' COMMENT '登录IP地址',
  `login_location` varchar(255) CHARACTER SET utf8mb4 COLLATE utf8mb4_general_ci NULL DEFAULT '' COMMENT '登录地点',
  `browser` varchar(50) CHARACTER SET utf8mb4 COLLATE utf8mb4_general_ci NULL DEFAULT '' COMMENT '浏览器类型',
  `os` varchar(50) CHARACTER SET utf8mb4 COLLATE utf8mb4_general_ci NULL DEFAULT '' COMMENT '操作系统',
  `status` char(1) CHARACTER SET utf8mb4 COLLATE utf8mb4_general_ci NULL DEFAULT '0' COMMENT '登录状态（0成功 1失败）',
  `msg` varchar(255) CHARACTER SET utf8mb4 COLLATE utf8mb4_general_ci NULL DEFAULT '' COMMENT '提示消息',
  `login_time` datetime NULL DEFAULT NULL COMMENT '访问时间',
  PRIMARY KEY (`info_id`) USING BTREE,
  INDEX `idx_sys_logininfor_s`(`status` ASC) USING BTREE,
  INDEX `idx_sys_logininfor_lt`(`login_time` ASC) USING BTREE
) ENGINE = InnoDB AUTO_INCREMENT = 291 CHARACTER SET = utf8mb4 COLLATE = utf8mb4_general_ci COMMENT = '系统访问记录' ROW_FORMAT = Dynamic;

-- ----------------------------
-- Records of sys_logininfor
-- ----------------------------
INSERT INTO `sys_logininfor` VALUES (100, 'admin', '127.0.0.1', '内网IP', 'Edge 148', 'Windows >=10', '0', '登录成功', '2026-05-25 10:30:09');
INSERT INTO `sys_logininfor` VALUES (101, 'admin', '127.0.0.1', '内网IP', 'Edge 148', 'Windows >=10', '0', '登录成功', '2026-05-25 10:33:15');
INSERT INTO `sys_logininfor` VALUES (102, 'admin', '127.0.0.1', '内网IP', 'Edge 148', 'Windows >=10', '0', '登录成功', '2026-05-25 10:33:17');
INSERT INTO `sys_logininfor` VALUES (103, 'admin', '127.0.0.1', '内网IP', 'Edge 148', 'Windows >=10', '0', '登录成功', '2026-05-25 10:41:01');
INSERT INTO `sys_logininfor` VALUES (104, 'admin', '127.0.0.1', '内网IP', 'Edge 148', 'Windows >=10', '0', '登录成功', '2026-05-25 10:41:03');
INSERT INTO `sys_logininfor` VALUES (105, 'admin', '127.0.0.1', '内网IP', 'Edge 148', 'Windows >=10', '0', '登录成功', '2026-05-25 10:47:37');
INSERT INTO `sys_logininfor` VALUES (106, 'admin', '127.0.0.1', '内网IP', 'Edge 148', 'Windows >=10', '0', '登录成功', '2026-05-25 10:51:29');
INSERT INTO `sys_logininfor` VALUES (107, 'admin', '127.0.0.1', '内网IP', 'Edge 148', 'Windows >=10', '0', '登录成功', '2026-05-25 10:52:42');
INSERT INTO `sys_logininfor` VALUES (108, 'admin', '127.0.0.1', '内网IP', 'Edge 148', 'Windows >=10', '0', '登录成功', '2026-05-25 10:53:56');
INSERT INTO `sys_logininfor` VALUES (109, 'admin', '127.0.0.1', '内网IP', 'Edge 148', 'Windows >=10', '0', '登录成功', '2026-05-25 10:55:20');
INSERT INTO `sys_logininfor` VALUES (110, 'admin', '127.0.0.1', '内网IP', 'Edge 148', 'Windows >=10', '0', '退出成功', '2026-05-25 10:55:36');
INSERT INTO `sys_logininfor` VALUES (111, 'admin', '127.0.0.1', '内网IP', 'Edge 148', 'Windows >=10', '0', '登录成功', '2026-05-25 10:55:41');
INSERT INTO `sys_logininfor` VALUES (112, 'admin', '127.0.0.1', '内网IP', 'Edge 148', 'Windows >=10', '0', '退出成功', '2026-05-25 11:00:29');
INSERT INTO `sys_logininfor` VALUES (113, 'admin', '127.0.0.1', '内网IP', 'Edge 148', 'Windows >=10', '0', '登录成功', '2026-05-25 11:00:32');
INSERT INTO `sys_logininfor` VALUES (114, 'admin', '127.0.0.1', '内网IP', 'Edge 148', 'Windows >=10', '0', '登录成功', '2026-05-25 11:02:06');
INSERT INTO `sys_logininfor` VALUES (115, 'admin', '127.0.0.1', '内网IP', 'Edge 148', 'Windows >=10', '0', '登录成功', '2026-05-25 11:06:54');
INSERT INTO `sys_logininfor` VALUES (116, 'admin', '127.0.0.1', '内网IP', 'Edge 148', 'Windows >=10', '0', '登录成功', '2026-05-25 11:16:50');
INSERT INTO `sys_logininfor` VALUES (117, 'admin', '127.0.0.1', '内网IP', 'Edge 148', 'Windows >=10', '0', '退出成功', '2026-05-25 11:17:59');
INSERT INTO `sys_logininfor` VALUES (118, 'admin', '127.0.0.1', '内网IP', 'Edge 148', 'Windows >=10', '0', '登录成功', '2026-05-25 11:18:03');
INSERT INTO `sys_logininfor` VALUES (119, 'admin', '127.0.0.1', '内网IP', 'Edge 148', 'Windows >=10', '0', '退出成功', '2026-05-25 11:18:09');
INSERT INTO `sys_logininfor` VALUES (120, 'admin', '127.0.0.1', '内网IP', 'Edge 148', 'Windows >=10', '0', '登录成功', '2026-05-25 11:20:54');
INSERT INTO `sys_logininfor` VALUES (121, 'admin', '127.0.0.1', '内网IP', 'Edge 148', 'Windows >=10', '0', '退出成功', '2026-05-25 11:21:01');
INSERT INTO `sys_logininfor` VALUES (122, 'admin', '127.0.0.1', '内网IP', 'Edge 148', 'Windows >=10', '0', '登录成功', '2026-05-25 11:29:29');
INSERT INTO `sys_logininfor` VALUES (123, 'admin', '127.0.0.1', '内网IP', 'Edge 148', 'Windows >=10', '0', '退出成功', '2026-05-25 11:29:56');
INSERT INTO `sys_logininfor` VALUES (124, 'admin', '127.0.0.1', '内网IP', 'Edge 148', 'Windows >=10', '0', '登录成功', '2026-05-25 11:30:02');
INSERT INTO `sys_logininfor` VALUES (125, 'admin', '127.0.0.1', '内网IP', 'Edge 148', 'Windows >=10', '0', '退出成功', '2026-05-25 11:31:36');
INSERT INTO `sys_logininfor` VALUES (126, 'admin', '127.0.0.1', '内网IP', 'Edge 148', 'Windows >=10', '0', '登录成功', '2026-05-25 11:31:37');
INSERT INTO `sys_logininfor` VALUES (127, 'admin', '127.0.0.1', '内网IP', 'Edge 148', 'Windows >=10', '0', '登录成功', '2026-05-25 14:34:58');
INSERT INTO `sys_logininfor` VALUES (128, 'admin', '127.0.0.1', '内网IP', 'Edge 148', 'Windows >=10', '0', '退出成功', '2026-05-25 14:38:45');
INSERT INTO `sys_logininfor` VALUES (129, 'admin', '127.0.0.1', '内网IP', 'Edge 148', 'Windows >=10', '0', '登录成功', '2026-05-25 14:38:47');
INSERT INTO `sys_logininfor` VALUES (130, 'admin', '127.0.0.1', '内网IP', 'Edge 148', 'Windows >=10', '0', '退出成功', '2026-05-25 15:02:38');
INSERT INTO `sys_logininfor` VALUES (131, 'admin', '127.0.0.1', '内网IP', 'Edge 148', 'Windows >=10', '0', '登录成功', '2026-05-25 15:02:38');
INSERT INTO `sys_logininfor` VALUES (132, 'admin', '127.0.0.1', '内网IP', 'Edge 148', 'Windows >=10', '0', '退出成功', '2026-05-25 15:04:29');
INSERT INTO `sys_logininfor` VALUES (133, 'admin', '127.0.0.1', '内网IP', 'Edge 148', 'Windows >=10', '0', '登录成功', '2026-05-25 15:04:31');
INSERT INTO `sys_logininfor` VALUES (134, 'admin', '127.0.0.1', '内网IP', 'Edge 148', 'Windows >=10', '0', '退出成功', '2026-05-25 15:07:38');
INSERT INTO `sys_logininfor` VALUES (135, 'admin', '127.0.0.1', '内网IP', 'Edge 148', 'Windows >=10', '0', '登录成功', '2026-05-25 15:07:39');
INSERT INTO `sys_logininfor` VALUES (136, 'admin', '127.0.0.1', '内网IP', 'Edge 148', 'Windows >=10', '0', '登录成功', '2026-05-25 16:38:26');
INSERT INTO `sys_logininfor` VALUES (137, 'admin', '127.0.0.1', '内网IP', 'Edge 148', 'Windows >=10', '0', '登录成功', '2026-05-25 17:05:51');
INSERT INTO `sys_logininfor` VALUES (138, 'admin', '127.0.0.1', '内网IP', 'Edge 148', 'Windows >=10', '0', '退出成功', '2026-05-25 17:06:07');
INSERT INTO `sys_logininfor` VALUES (139, 'admin', '127.0.0.1', '内网IP', 'Edge 148', 'Windows >=10', '0', '登录成功', '2026-05-25 17:06:08');
INSERT INTO `sys_logininfor` VALUES (140, 'admin', '127.0.0.1', '内网IP', 'Edge 148', 'Windows >=10', '0', '退出成功', '2026-05-25 17:12:59');
INSERT INTO `sys_logininfor` VALUES (141, 'admin', '127.0.0.1', '内网IP', 'Edge 148', 'Windows >=10', '0', '登录成功', '2026-05-25 17:13:00');
INSERT INTO `sys_logininfor` VALUES (142, 'admin', '127.0.0.1', '内网IP', 'Edge 148', 'Windows >=10', '0', '退出成功', '2026-05-25 17:16:24');
INSERT INTO `sys_logininfor` VALUES (143, 'admin', '127.0.0.1', '内网IP', 'Edge 148', 'Windows >=10', '0', '登录成功', '2026-05-25 17:16:25');
INSERT INTO `sys_logininfor` VALUES (144, 'admin', '127.0.0.1', '内网IP', 'Edge 148', 'Windows >=10', '0', '登录成功', '2026-05-26 08:49:43');
INSERT INTO `sys_logininfor` VALUES (145, 'admin', '127.0.0.1', '内网IP', 'Edge 148', 'Windows >=10', '0', '登录成功', '2026-05-26 09:31:43');
INSERT INTO `sys_logininfor` VALUES (146, 'admin', '127.0.0.1', '内网IP', 'Edge 148', 'Windows >=10', '0', '登录成功', '2026-05-26 09:47:41');
INSERT INTO `sys_logininfor` VALUES (147, 'admin', '127.0.0.1', '内网IP', 'Edge 148', 'Windows >=10', '0', '登录成功', '2026-05-26 09:56:30');
INSERT INTO `sys_logininfor` VALUES (148, 'admin', '127.0.0.1', '内网IP', 'Edge 148', 'Windows >=10', '0', '登录成功', '2026-05-26 09:57:36');
INSERT INTO `sys_logininfor` VALUES (149, 'admin', '127.0.0.1', '内网IP', 'Edge 148', 'Windows >=10', '0', '登录成功', '2026-05-26 10:09:34');
INSERT INTO `sys_logininfor` VALUES (150, 'admin', '127.0.0.1', '内网IP', 'Codex 26.519.41501', 'Windows 10.0', '0', '登录成功', '2026-05-26 10:12:26');
INSERT INTO `sys_logininfor` VALUES (151, 'admin', '127.0.0.1', '内网IP', 'Edge 148', 'Windows >=10', '0', '登录成功', '2026-05-26 10:21:38');
INSERT INTO `sys_logininfor` VALUES (152, 'admin', '127.0.0.1', '内网IP', 'Edge 148', 'Windows >=10', '0', '登录成功', '2026-05-26 10:42:28');
INSERT INTO `sys_logininfor` VALUES (153, 'admin', '127.0.0.1', '内网IP', 'Edge 148', 'Windows >=10', '0', '登录成功', '2026-05-26 10:46:17');
INSERT INTO `sys_logininfor` VALUES (154, 'admin', '127.0.0.1', '内网IP', 'Edge 148', 'Windows >=10', '0', '退出成功', '2026-05-26 10:51:07');
INSERT INTO `sys_logininfor` VALUES (155, 'admin', '127.0.0.1', '内网IP', 'Edge 148', 'Windows >=10', '0', '登录成功', '2026-05-26 10:51:08');
INSERT INTO `sys_logininfor` VALUES (156, 'admin', '127.0.0.1', '内网IP', 'Edge 148', 'Windows >=10', '0', '退出成功', '2026-05-26 10:52:12');
INSERT INTO `sys_logininfor` VALUES (157, 'admin', '127.0.0.1', '内网IP', 'Edge 148', 'Windows >=10', '0', '登录成功', '2026-05-26 10:52:13');
INSERT INTO `sys_logininfor` VALUES (158, 'admin', '127.0.0.1', '内网IP', 'Edge 148', 'Windows >=10', '0', '登录成功', '2026-05-27 08:35:15');
INSERT INTO `sys_logininfor` VALUES (159, 'admin', '127.0.0.1', '内网IP', 'Edge 148', 'Windows >=10', '0', '登录成功', '2026-05-27 09:33:17');
INSERT INTO `sys_logininfor` VALUES (160, 'admin', '127.0.0.1', '内网IP', 'Codex 26.519.41501', 'Windows 10.0', '0', '登录成功', '2026-05-27 09:34:09');
INSERT INTO `sys_logininfor` VALUES (161, 'admin', '127.0.0.1', '内网IP', 'Edge 148', 'Windows >=10', '0', '登录成功', '2026-05-27 10:02:14');
INSERT INTO `sys_logininfor` VALUES (162, 'admin', '127.0.0.1', '内网IP', 'Edge 148', 'Windows >=10', '0', '登录成功', '2026-05-27 10:21:31');
INSERT INTO `sys_logininfor` VALUES (163, 'admin', '127.0.0.1', '内网IP', 'Edge 148', 'Windows >=10', '0', '登录成功', '2026-05-27 14:47:44');
INSERT INTO `sys_logininfor` VALUES (164, 'admin', '127.0.0.1', '内网IP', 'Edge 148', 'Windows >=10', '0', '退出成功', '2026-05-27 15:19:16');
INSERT INTO `sys_logininfor` VALUES (165, 'admin', '127.0.0.1', '内网IP', 'Edge 148', 'Windows >=10', '0', '登录成功', '2026-05-27 15:19:17');
INSERT INTO `sys_logininfor` VALUES (166, 'admin', '127.0.0.1', '内网IP', 'Edge 148', 'Windows >=10', '0', '退出成功', '2026-05-27 15:19:36');
INSERT INTO `sys_logininfor` VALUES (167, 'admin', '127.0.0.1', '内网IP', 'Edge 148', 'Windows >=10', '0', '登录成功', '2026-05-27 15:19:37');
INSERT INTO `sys_logininfor` VALUES (168, 'admin', '127.0.0.1', '内网IP', 'Edge 148', 'Windows >=10', '0', '退出成功', '2026-05-27 15:20:38');
INSERT INTO `sys_logininfor` VALUES (169, 'admin', '127.0.0.1', '内网IP', 'Edge 148', 'Windows >=10', '0', '登录成功', '2026-05-27 15:20:40');
INSERT INTO `sys_logininfor` VALUES (170, 'admin', '127.0.0.1', '内网IP', 'Edge 148', 'Windows >=10', '0', '登录成功', '2026-05-27 15:23:46');
INSERT INTO `sys_logininfor` VALUES (171, 'admin', '127.0.0.1', '内网IP', 'Edge 148', 'Windows >=10', '0', '退出成功', '2026-05-27 15:37:23');
INSERT INTO `sys_logininfor` VALUES (172, 'admin', '127.0.0.1', '内网IP', 'Edge 148', 'Windows >=10', '0', '登录成功', '2026-05-27 15:37:26');
INSERT INTO `sys_logininfor` VALUES (173, 'admin', '127.0.0.1', '内网IP', 'Edge 148', 'Windows >=10', '0', '登录成功', '2026-05-27 16:50:37');
INSERT INTO `sys_logininfor` VALUES (174, 'admin', '127.0.0.1', '内网IP', 'Codex 26.519.81530', 'Windows 10.0', '0', '登录成功', '2026-05-27 16:51:51');
INSERT INTO `sys_logininfor` VALUES (175, 'admin', '127.0.0.1', '内网IP', 'Edge 148', 'Windows >=10', '0', '登录成功', '2026-05-27 17:02:57');
INSERT INTO `sys_logininfor` VALUES (176, 'admin', '127.0.0.1', '内网IP', 'Edge 148', 'Windows >=10', '0', '登录成功', '2026-05-27 18:10:39');
INSERT INTO `sys_logininfor` VALUES (177, 'admin', '127.0.0.1', '内网IP', 'Edge 148', 'Windows >=10', '0', '登录成功', '2026-05-27 18:36:36');
INSERT INTO `sys_logininfor` VALUES (178, 'admin', '127.0.0.1', '内网IP', 'Edge 148', 'Windows >=10', '0', '登录成功', '2026-05-27 18:36:41');
INSERT INTO `sys_logininfor` VALUES (179, 'admin', '127.0.0.1', '内网IP', 'Edge 148', 'Windows >=10', '0', '登录成功', '2026-05-27 18:36:44');
INSERT INTO `sys_logininfor` VALUES (180, 'admin', '127.0.0.1', '内网IP', 'Edge 148', 'Windows >=10', '0', '登录成功', '2026-05-27 19:05:53');
INSERT INTO `sys_logininfor` VALUES (181, 'admin', '127.0.0.1', '内网IP', 'Edge 148', 'Windows >=10', '0', '登录成功', '2026-05-27 19:18:41');
INSERT INTO `sys_logininfor` VALUES (182, 'admin', '127.0.0.1', '内网IP', 'Edge 148', 'Windows >=10', '0', '登录成功', '2026-05-28 08:53:53');
INSERT INTO `sys_logininfor` VALUES (183, 'admin', '127.0.0.1', '内网IP', 'Edge 148', 'Windows >=10', '0', '登录成功', '2026-05-28 08:57:22');
INSERT INTO `sys_logininfor` VALUES (184, 'admin', '127.0.0.1', '内网IP', 'Edge 148', 'Windows >=10', '0', '登录成功', '2026-05-28 09:15:57');
INSERT INTO `sys_logininfor` VALUES (185, 'admin', '127.0.0.1', '内网IP', 'Edge 148', 'Windows >=10', '0', '登录成功', '2026-05-28 10:17:30');
INSERT INTO `sys_logininfor` VALUES (186, 'admin', '127.0.0.1', '内网IP', 'Edge 148', 'Windows >=10', '0', '登录成功', '2026-05-28 11:14:52');
INSERT INTO `sys_logininfor` VALUES (187, 'admin', '127.0.0.1', '内网IP', 'Edge 148', 'Windows >=10', '0', '登录成功', '2026-05-28 15:08:10');
INSERT INTO `sys_logininfor` VALUES (188, 'admin', '127.0.0.1', '内网IP', 'Edge 148', 'Windows >=10', '0', '登录成功', '2026-05-28 18:19:26');
INSERT INTO `sys_logininfor` VALUES (189, 'admin', '127.0.0.1', '内网IP', 'Edge 148', 'Windows >=10', '0', '登录成功', '2026-05-29 08:41:06');
INSERT INTO `sys_logininfor` VALUES (190, 'admin', '127.0.0.1', '内网IP', 'Edge 148', 'Windows >=10', '0', '登录成功', '2026-05-29 10:55:37');
INSERT INTO `sys_logininfor` VALUES (191, 'admin', '127.0.0.1', '内网IP', 'Edge 148', 'Windows >=10', '0', '退出成功', '2026-05-29 11:47:21');
INSERT INTO `sys_logininfor` VALUES (192, 'admin', '127.0.0.1', '内网IP', 'Edge 148', 'Windows >=10', '0', '登录成功', '2026-05-29 11:47:21');
INSERT INTO `sys_logininfor` VALUES (193, 'admin', '127.0.0.1', '内网IP', 'Edge 148', 'Windows >=10', '0', '登录成功', '2026-05-29 12:02:05');
INSERT INTO `sys_logininfor` VALUES (194, 'admin', '127.0.0.1', '内网IP', 'Edge 148', 'Windows >=10', '0', '登录成功', '2026-05-29 15:18:14');
INSERT INTO `sys_logininfor` VALUES (195, 'admin', '127.0.0.1', '内网IP', 'Edge 148', 'Windows >=10', '0', '退出成功', '2026-05-29 15:19:54');
INSERT INTO `sys_logininfor` VALUES (196, 'admin', '127.0.0.1', '内网IP', 'Edge 148', 'Windows >=10', '0', '登录成功', '2026-05-29 15:19:55');
INSERT INTO `sys_logininfor` VALUES (197, 'admin', '127.0.0.1', '内网IP', 'Edge 148', 'Windows >=10', '0', '登录成功', '2026-05-29 15:57:56');
INSERT INTO `sys_logininfor` VALUES (198, 'admin', '127.0.0.1', '内网IP', 'Edge 148', 'Windows >=10', '0', '退出成功', '2026-05-29 16:05:28');
INSERT INTO `sys_logininfor` VALUES (199, 'admin', '127.0.0.1', '内网IP', 'Edge 148', 'Windows >=10', '0', '登录成功', '2026-05-29 16:05:29');
INSERT INTO `sys_logininfor` VALUES (200, 'admin', '127.0.0.1', '内网IP', 'Edge 148', 'Windows >=10', '0', '登录成功', '2026-05-29 17:13:43');
INSERT INTO `sys_logininfor` VALUES (201, 'admin', '127.0.0.1', '内网IP', 'Edge 148', 'Windows >=10', '0', '登录成功', '2026-06-01 08:41:56');
INSERT INTO `sys_logininfor` VALUES (202, 'admin', '127.0.0.1', '内网IP', 'Edge 148', 'Windows >=10', '0', '登录成功', '2026-06-01 10:18:40');
INSERT INTO `sys_logininfor` VALUES (203, 'admin', '127.0.0.1', '内网IP', 'Edge 148', 'Windows >=10', '0', '登录成功', '2026-06-01 14:47:06');
INSERT INTO `sys_logininfor` VALUES (204, 'admin', '127.0.0.1', '内网IP', 'Edge 148', 'Windows >=10', '0', '登录成功', '2026-06-01 16:43:40');
INSERT INTO `sys_logininfor` VALUES (205, 'admin', '127.0.0.1', '内网IP', 'Edge 148', 'Windows >=10', '1', '用户不存在/密码错误', '2026-06-02 08:37:45');
INSERT INTO `sys_logininfor` VALUES (206, 'admin', '127.0.0.1', '内网IP', 'Edge 148', 'Windows >=10', '0', '登录成功', '2026-06-02 08:37:50');
INSERT INTO `sys_logininfor` VALUES (207, 'admin', '127.0.0.1', '内网IP', 'Edge 148', 'Windows >=10', '0', '登录成功', '2026-06-02 09:49:12');
INSERT INTO `sys_logininfor` VALUES (208, 'admin', '127.0.0.1', '内网IP', 'Edge 148', 'Windows >=10', '0', '登录成功', '2026-06-02 15:04:09');
INSERT INTO `sys_logininfor` VALUES (209, 'admin', '127.0.0.1', '内网IP', 'Edge 148', 'Windows >=10', '0', '登录成功', '2026-06-02 16:17:40');
INSERT INTO `sys_logininfor` VALUES (210, 'admin', '127.0.0.1', '内网IP', 'Edge 148', 'Windows >=10', '1', '用户不存在/密码错误', '2026-06-04 08:43:01');
INSERT INTO `sys_logininfor` VALUES (211, 'admin', '127.0.0.1', '内网IP', 'Edge 148', 'Windows >=10', '0', '登录成功', '2026-06-04 08:43:03');
INSERT INTO `sys_logininfor` VALUES (212, 'admin', '127.0.0.1', '内网IP', 'Edge 148', 'Windows >=10', '0', '登录成功', '2026-06-04 11:31:26');
INSERT INTO `sys_logininfor` VALUES (213, 'admin', '127.0.0.1', '内网IP', 'Edge 148', 'Windows >=10', '0', '登录成功', '2026-06-04 11:31:27');
INSERT INTO `sys_logininfor` VALUES (214, 'admin', '127.0.0.1', '内网IP', 'Edge 148', 'Windows >=10', '0', '登录成功', '2026-06-04 14:38:48');
INSERT INTO `sys_logininfor` VALUES (215, 'admin', '127.0.0.1', '内网IP', 'Edge 148', 'Windows >=10', '0', '登录成功', '2026-06-04 17:16:37');
INSERT INTO `sys_logininfor` VALUES (216, 'admin', '127.0.0.1', '内网IP', 'Edge 148', 'Windows >=10', '0', '登录成功', '2026-06-04 18:48:00');
INSERT INTO `sys_logininfor` VALUES (217, 'admin', '127.0.0.1', '内网IP', 'Edge 148', 'Windows >=10', '0', '登录成功', '2026-06-05 08:58:17');
INSERT INTO `sys_logininfor` VALUES (218, 'admin', '127.0.0.1', '内网IP', 'Edge 148', 'Windows >=10', '0', '登录成功', '2026-06-05 09:54:42');
INSERT INTO `sys_logininfor` VALUES (219, 'admin', '127.0.0.1', '内网IP', 'Edge 148', 'Windows >=10', '0', '退出成功', '2026-06-05 09:57:09');
INSERT INTO `sys_logininfor` VALUES (220, 'admin', '127.0.0.1', '内网IP', 'Edge 148', 'Windows >=10', '0', '登录成功', '2026-06-05 09:57:10');
INSERT INTO `sys_logininfor` VALUES (221, 'admin', '127.0.0.1', '内网IP', 'Edge 148', 'Windows >=10', '0', '登录成功', '2026-06-05 11:32:41');
INSERT INTO `sys_logininfor` VALUES (222, 'admin', '127.0.0.1', '内网IP', 'Edge 148', 'Windows >=10', '0', '登录成功', '2026-06-05 13:30:16');
INSERT INTO `sys_logininfor` VALUES (223, 'admin', '127.0.0.1', '内网IP', 'Edge 148', 'Windows >=10', '0', '退出成功', '2026-06-05 13:30:21');
INSERT INTO `sys_logininfor` VALUES (224, 'admin', '127.0.0.1', '内网IP', 'Edge 148', 'Windows >=10', '0', '登录成功', '2026-06-05 13:31:43');
INSERT INTO `sys_logininfor` VALUES (225, 'admin', '127.0.0.1', '内网IP', 'Edge 148', 'Windows >=10', '0', '登录成功', '2026-06-05 14:52:23');
INSERT INTO `sys_logininfor` VALUES (226, 'admin', '127.0.0.1', '内网IP', 'Edge 148', 'Windows >=10', '0', '登录成功', '2026-06-05 15:43:34');
INSERT INTO `sys_logininfor` VALUES (227, 'admin', '127.0.0.1', '内网IP', 'Edge 148', 'Windows >=10', '0', '登录成功', '2026-06-05 18:25:04');
INSERT INTO `sys_logininfor` VALUES (228, 'admin', '127.0.0.1', '内网IP', 'Edge 148', 'Windows >=10', '0', '登录成功', '2026-06-06 08:43:07');
INSERT INTO `sys_logininfor` VALUES (229, 'admin', '127.0.0.1', '内网IP', 'Chrome 149', 'Windows10', '0', '登录成功', '2026-06-06 08:53:43');
INSERT INTO `sys_logininfor` VALUES (230, 'admin', '127.0.0.1', '内网IP', 'Edge 148', 'Windows >=10', '0', '登录成功', '2026-06-06 10:30:51');
INSERT INTO `sys_logininfor` VALUES (231, 'admin', '127.0.0.1', '内网IP', 'Edge 148', 'Windows >=10', '0', '登录成功', '2026-06-06 11:26:45');
INSERT INTO `sys_logininfor` VALUES (232, 'admin', '127.0.0.1', '内网IP', 'Edge 148', 'Windows >=10', '0', '登录成功', '2026-06-06 12:12:16');
INSERT INTO `sys_logininfor` VALUES (233, 'admin', '127.0.0.1', '内网IP', 'Edge 148', 'Windows >=10', '0', '登录成功', '2026-06-06 13:30:36');
INSERT INTO `sys_logininfor` VALUES (234, 'admin', '127.0.0.1', '内网IP', 'Edge 148', 'Windows >=10', '0', '登录成功', '2026-06-06 14:35:24');
INSERT INTO `sys_logininfor` VALUES (235, 'admin', '127.0.0.1', '内网IP', 'Edge 149', 'Windows >=10', '1', '用户不存在/密码错误', '2026-06-08 08:34:16');
INSERT INTO `sys_logininfor` VALUES (236, 'admin', '127.0.0.1', '内网IP', 'Edge 149', 'Windows >=10', '0', '登录成功', '2026-06-08 08:34:19');
INSERT INTO `sys_logininfor` VALUES (237, 'admin', '127.0.0.1', '内网IP', 'Edge 149', 'Windows >=10', '0', '登录成功', '2026-06-08 10:05:50');
INSERT INTO `sys_logininfor` VALUES (238, 'admin', '127.0.0.1', '内网IP', 'Edge 149', 'Windows >=10', '0', '登录成功', '2026-06-08 14:33:54');
INSERT INTO `sys_logininfor` VALUES (239, 'admin', '127.0.0.1', '内网IP', 'Edge 149', 'Windows >=10', '0', '登录成功', '2026-06-08 15:22:05');
INSERT INTO `sys_logininfor` VALUES (240, 'admin', '127.0.0.1', '内网IP', 'Edge 149', 'Windows >=10', '0', '登录成功', '2026-06-09 08:36:00');
INSERT INTO `sys_logininfor` VALUES (241, 'admin', '127.0.0.1', '内网IP', 'Edge 149', 'Windows >=10', '0', '登录成功', '2026-06-09 10:31:47');
INSERT INTO `sys_logininfor` VALUES (242, 'admin', '127.0.0.1', '内网IP', 'Edge 149', 'Windows >=10', '0', '退出成功', '2026-06-09 11:08:28');
INSERT INTO `sys_logininfor` VALUES (243, 'admin', '127.0.0.1', '内网IP', 'Edge 149', 'Windows >=10', '0', '登录成功', '2026-06-09 11:12:42');
INSERT INTO `sys_logininfor` VALUES (244, 'admin', '127.0.0.1', '内网IP', 'Edge 149', 'Windows >=10', '0', '登录成功', '2026-06-09 14:52:29');
INSERT INTO `sys_logininfor` VALUES (245, 'admin', '127.0.0.1', '内网IP', 'Edge 149', 'Windows >=10', '0', '登录成功', '2026-06-09 16:42:56');
INSERT INTO `sys_logininfor` VALUES (246, 'admin', '127.0.0.1', '内网IP', 'Edge 149', 'Windows >=10', '1', '用户不存在/密码错误', '2026-06-10 08:42:39');
INSERT INTO `sys_logininfor` VALUES (247, 'admin', '127.0.0.1', '内网IP', 'Edge 149', 'Windows >=10', '0', '登录成功', '2026-06-10 08:42:41');
INSERT INTO `sys_logininfor` VALUES (248, 'admin', '127.0.0.1', '内网IP', 'Edge 149', 'Windows >=10', '0', '登录成功', '2026-06-10 10:03:58');
INSERT INTO `sys_logininfor` VALUES (249, 'admin', '127.0.0.1', '内网IP', 'Edge 149', 'Windows >=10', '0', '登录成功', '2026-06-10 14:45:15');
INSERT INTO `sys_logininfor` VALUES (250, 'admin', '127.0.0.1', '内网IP', 'Edge 149', 'Windows >=10', '0', '登录成功', '2026-06-10 17:22:30');
INSERT INTO `sys_logininfor` VALUES (251, 'admin', '127.0.0.1', '内网IP', 'Edge 149', 'Windows >=10', '1', '用户不存在/密码错误', '2026-06-11 08:56:27');
INSERT INTO `sys_logininfor` VALUES (252, 'admin', '127.0.0.1', '内网IP', 'Edge 149', 'Windows >=10', '0', '登录成功', '2026-06-11 08:56:30');
INSERT INTO `sys_logininfor` VALUES (253, 'admin', '127.0.0.1', '内网IP', 'Edge 149', 'Windows >=10', '0', '登录成功', '2026-06-11 15:00:30');
INSERT INTO `sys_logininfor` VALUES (254, 'admin', '127.0.0.1', '内网IP', 'Edge 149', 'Windows >=10', '0', '登录成功', '2026-06-11 16:16:39');
INSERT INTO `sys_logininfor` VALUES (255, 'admin', '127.0.0.1', '内网IP', 'Edge 149', 'Windows >=10', '1', '用户不存在/密码错误', '2026-06-12 08:45:36');
INSERT INTO `sys_logininfor` VALUES (256, 'admin', '127.0.0.1', '内网IP', 'Edge 149', 'Windows >=10', '0', '登录成功', '2026-06-12 08:46:01');
INSERT INTO `sys_logininfor` VALUES (257, 'admin', '127.0.0.1', '内网IP', 'Edge 149', 'Windows >=10', '0', '登录成功', '2026-06-12 14:49:27');
INSERT INTO `sys_logininfor` VALUES (258, 'admin', '127.0.0.1', '内网IP', 'Edge 149', 'Windows >=10', '0', '登录成功', '2026-06-12 14:54:24');
INSERT INTO `sys_logininfor` VALUES (259, 'admin', '127.0.0.1', '内网IP', 'Edge 149', 'Windows >=10', '0', '登录成功', '2026-06-13 08:39:13');
INSERT INTO `sys_logininfor` VALUES (260, 'admin', '127.0.0.1', '内网IP', 'Edge 149', 'Windows >=10', '0', '登录成功', '2026-06-13 08:39:28');
INSERT INTO `sys_logininfor` VALUES (261, 'admin', '127.0.0.1', '内网IP', 'Edge 149', 'Windows >=10', '0', '退出成功', '2026-06-13 08:46:40');
INSERT INTO `sys_logininfor` VALUES (262, 'admin', '127.0.0.1', '内网IP', 'Edge 149', 'Windows >=10', '0', '登录成功', '2026-06-13 08:46:58');
INSERT INTO `sys_logininfor` VALUES (263, 'admin', '127.0.0.1', '内网IP', 'Edge 149', 'Windows >=10', '0', '退出成功', '2026-06-13 08:49:49');
INSERT INTO `sys_logininfor` VALUES (264, 'admin', '127.0.0.1', '内网IP', 'Edge 149', 'Windows >=10', '0', '登录成功', '2026-06-13 08:50:29');
INSERT INTO `sys_logininfor` VALUES (265, 'admin', '127.0.0.1', '内网IP', 'Edge 149', 'Windows >=10', '0', '退出成功', '2026-06-13 08:53:24');
INSERT INTO `sys_logininfor` VALUES (266, 'admin', '127.0.0.1', '内网IP', 'Edge 149', 'Windows >=10', '0', '登录成功', '2026-06-13 08:53:28');
INSERT INTO `sys_logininfor` VALUES (267, 'admin', '127.0.0.1', '内网IP', 'Edge 149', 'Windows >=10', '0', '退出成功', '2026-06-13 08:59:35');
INSERT INTO `sys_logininfor` VALUES (268, 'admin', '127.0.0.1', '内网IP', 'Edge 149', 'Windows >=10', '0', '登录成功', '2026-06-13 09:00:02');
INSERT INTO `sys_logininfor` VALUES (269, 'admin', '127.0.0.1', '内网IP', 'Edge 149', 'Windows >=10', '0', '退出成功', '2026-06-13 09:07:17');
INSERT INTO `sys_logininfor` VALUES (270, 'admin', '127.0.0.1', '内网IP', 'Edge 149', 'Windows >=10', '0', '登录成功', '2026-06-13 09:24:47');
INSERT INTO `sys_logininfor` VALUES (271, 'admin', '127.0.0.1', '内网IP', 'Edge 149', 'Windows >=10', '1', '用户不存在/密码错误', '2026-06-15 08:48:19');
INSERT INTO `sys_logininfor` VALUES (272, 'admin', '127.0.0.1', '内网IP', 'Edge 149', 'Windows >=10', '0', '登录成功', '2026-06-15 08:49:08');
INSERT INTO `sys_logininfor` VALUES (273, 'admin', '127.0.0.1', '内网IP', 'Edge 149', 'Windows >=10', '0', '登录成功', '2026-06-15 11:10:37');
INSERT INTO `sys_logininfor` VALUES (274, 'admin', '127.0.0.1', '内网IP', 'Edge 149', 'Windows >=10', '0', '登录成功', '2026-06-15 14:53:46');
INSERT INTO `sys_logininfor` VALUES (275, 'admin', '127.0.0.1', '内网IP', 'Edge 149', 'Windows >=10', '0', '登录成功', '2026-06-15 17:30:52');
INSERT INTO `sys_logininfor` VALUES (276, 'admin', '127.0.0.1', '内网IP', 'Edge 149', 'Windows >=10', '0', '登录成功', '2026-06-16 15:07:03');
INSERT INTO `sys_logininfor` VALUES (277, 'admin', '127.0.0.1', '内网IP', 'Edge 149', 'Windows >=10', '0', '登录成功', '2026-06-17 08:36:58');
INSERT INTO `sys_logininfor` VALUES (278, 'admin', '127.0.0.1', '内网IP', 'Edge 149', 'Windows >=10', '0', '登录成功', '2026-06-17 10:06:45');
INSERT INTO `sys_logininfor` VALUES (279, 'admin', '127.0.0.1', '内网IP', 'Edge 149', 'Windows >=10', '0', '退出成功', '2026-06-17 10:09:32');
INSERT INTO `sys_logininfor` VALUES (280, 'admin', '127.0.0.1', '内网IP', 'Edge 149', 'Windows >=10', '0', '登录成功', '2026-06-17 10:25:43');
INSERT INTO `sys_logininfor` VALUES (281, 'admin', '127.0.0.1', '内网IP', 'Edge 149', 'Windows >=10', '0', '登录成功', '2026-06-18 09:31:43');
INSERT INTO `sys_logininfor` VALUES (282, 'admin', '127.0.0.1', '内网IP', 'Edge 149', 'Windows >=10', '0', '退出成功', '2026-06-18 11:30:28');
INSERT INTO `sys_logininfor` VALUES (283, 'admin', '127.0.0.1', '内网IP', 'Edge 149', 'Windows >=10', '0', '登录成功', '2026-06-18 11:30:29');
INSERT INTO `sys_logininfor` VALUES (284, 'admin', '127.0.0.1', '内网IP', 'Edge 149', 'Windows >=10', '0', '退出成功', '2026-06-18 11:33:58');
INSERT INTO `sys_logininfor` VALUES (285, 'admin', '127.0.0.1', '内网IP', 'Edge 149', 'Windows >=10', '0', '登录成功', '2026-06-18 11:33:59');
INSERT INTO `sys_logininfor` VALUES (286, 'admin', '127.0.0.1', '内网IP', 'Edge 149', 'Windows >=10', '0', '登录成功', '2026-06-18 15:46:57');
INSERT INTO `sys_logininfor` VALUES (287, 'admin', '127.0.0.1', '内网IP', 'Edge 149', 'Windows >=10', '0', '退出成功', '2026-06-18 15:54:06');
INSERT INTO `sys_logininfor` VALUES (288, 'admin', '127.0.0.1', '内网IP', 'Edge 149', 'Windows >=10', '0', '登录成功', '2026-06-18 15:54:07');
INSERT INTO `sys_logininfor` VALUES (289, 'admin', '127.0.0.1', '内网IP', 'Edge 149', 'Windows >=10', '0', '退出成功', '2026-06-18 15:54:54');
INSERT INTO `sys_logininfor` VALUES (290, 'admin', '127.0.0.1', '内网IP', 'Edge 149', 'Windows >=10', '0', '登录成功', '2026-06-18 15:54:56');

-- ----------------------------
-- Table structure for sys_menu
-- ----------------------------
DROP TABLE IF EXISTS `sys_menu`;
CREATE TABLE `sys_menu`  (
  `menu_id` bigint NOT NULL AUTO_INCREMENT COMMENT '菜单ID',
  `menu_name` varchar(50) CHARACTER SET utf8mb4 COLLATE utf8mb4_general_ci NOT NULL COMMENT '菜单名称',
  `parent_id` bigint NULL DEFAULT 0 COMMENT '父菜单ID',
  `order_num` int NULL DEFAULT 0 COMMENT '显示顺序',
  `path` varchar(200) CHARACTER SET utf8mb4 COLLATE utf8mb4_general_ci NULL DEFAULT '' COMMENT '路由地址',
  `component` varchar(255) CHARACTER SET utf8mb4 COLLATE utf8mb4_general_ci NULL DEFAULT NULL COMMENT '组件路径',
  `query` varchar(255) CHARACTER SET utf8mb4 COLLATE utf8mb4_general_ci NULL DEFAULT NULL COMMENT '路由参数',
  `route_name` varchar(50) CHARACTER SET utf8mb4 COLLATE utf8mb4_general_ci NULL DEFAULT '' COMMENT '路由名称',
  `is_frame` int NULL DEFAULT 1 COMMENT '是否为外链（0是 1否）',
  `is_cache` int NULL DEFAULT 0 COMMENT '是否缓存（0缓存 1不缓存）',
  `menu_type` char(1) CHARACTER SET utf8mb4 COLLATE utf8mb4_general_ci NULL DEFAULT '' COMMENT '菜单类型（M目录 C菜单 F按钮）',
  `visible` char(1) CHARACTER SET utf8mb4 COLLATE utf8mb4_general_ci NULL DEFAULT '0' COMMENT '菜单状态（0显示 1隐藏）',
  `status` char(1) CHARACTER SET utf8mb4 COLLATE utf8mb4_general_ci NULL DEFAULT '0' COMMENT '菜单状态（0正常 1停用）',
  `perms` varchar(100) CHARACTER SET utf8mb4 COLLATE utf8mb4_general_ci NULL DEFAULT NULL COMMENT '权限标识',
  `icon` varchar(100) CHARACTER SET utf8mb4 COLLATE utf8mb4_general_ci NULL DEFAULT '#' COMMENT '菜单图标',
  `create_by` varchar(64) CHARACTER SET utf8mb4 COLLATE utf8mb4_general_ci NULL DEFAULT '' COMMENT '创建者',
  `create_time` datetime NULL DEFAULT NULL COMMENT '创建时间',
  `update_by` varchar(64) CHARACTER SET utf8mb4 COLLATE utf8mb4_general_ci NULL DEFAULT '' COMMENT '更新者',
  `update_time` datetime NULL DEFAULT NULL COMMENT '更新时间',
  `remark` varchar(500) CHARACTER SET utf8mb4 COLLATE utf8mb4_general_ci NULL DEFAULT '' COMMENT '备注',
  PRIMARY KEY (`menu_id`) USING BTREE
) ENGINE = InnoDB AUTO_INCREMENT = 2005 CHARACTER SET = utf8mb4 COLLATE = utf8mb4_general_ci COMMENT = '菜单权限表' ROW_FORMAT = Dynamic;

-- ----------------------------
-- Records of sys_menu
-- ----------------------------
INSERT INTO `sys_menu` VALUES (1, '系统管理', 0, 1, 'system', NULL, '', '', 1, 0, 'M', '0', '0', '', 'system', 'admin', '2026-05-25 10:29:04', '', NULL, '系统管理目录');
INSERT INTO `sys_menu` VALUES (2, '系统监控', 0, 2, 'monitor', NULL, '', '', 1, 0, 'M', '0', '0', '', 'monitor', 'admin', '2026-05-25 10:29:04', '', NULL, '系统监控目录');
INSERT INTO `sys_menu` VALUES (3, '系统工具', 0, 3, 'tool', NULL, '', '', 1, 0, 'M', '0', '0', '', 'tool', 'admin', '2026-05-25 10:29:04', '', NULL, '系统工具目录');
INSERT INTO `sys_menu` VALUES (4, '若依官网', 0, 4, 'http://ruoyi.vip', NULL, '', '', 0, 0, 'M', '1', '0', '', 'guide', 'admin', '2026-05-25 10:29:04', 'admin', '2026-05-26 10:50:55', '若依官网地址');
INSERT INTO `sys_menu` VALUES (100, '用户管理', 1, 1, 'user', 'system/user/index', '', '', 1, 0, 'C', '0', '0', 'system:user:list', 'user', 'admin', '2026-05-25 10:29:04', '', NULL, '用户管理菜单');
INSERT INTO `sys_menu` VALUES (101, '角色管理', 1, 2, 'role', 'system/role/index', '', '', 1, 0, 'C', '0', '0', 'system:role:list', 'peoples', 'admin', '2026-05-25 10:29:04', '', NULL, '角色管理菜单');
INSERT INTO `sys_menu` VALUES (102, '菜单管理', 1, 3, 'menu', 'system/menu/index', '', '', 1, 0, 'C', '0', '0', 'system:menu:list', 'tree-table', 'admin', '2026-05-25 10:29:04', '', NULL, '菜单管理菜单');
INSERT INTO `sys_menu` VALUES (103, '部门管理', 1, 4, 'dept', 'system/dept/index', '', '', 1, 0, 'C', '0', '0', 'system:dept:list', 'tree', 'admin', '2026-05-25 10:29:04', '', NULL, '部门管理菜单');
INSERT INTO `sys_menu` VALUES (104, '岗位管理', 1, 5, 'post', 'system/post/index', '', '', 1, 0, 'C', '0', '0', 'system:post:list', 'post', 'admin', '2026-05-25 10:29:04', '', NULL, '岗位管理菜单');
INSERT INTO `sys_menu` VALUES (105, '字典管理', 1, 6, 'dict', 'system/dict/index', '', '', 1, 0, 'C', '0', '0', 'system:dict:list', 'dict', 'admin', '2026-05-25 10:29:04', '', NULL, '字典管理菜单');
INSERT INTO `sys_menu` VALUES (106, '参数设置', 1, 7, 'config', 'system/config/index', '', '', 1, 0, 'C', '0', '0', 'system:config:list', 'edit', 'admin', '2026-05-25 10:29:04', '', NULL, '参数设置菜单');
INSERT INTO `sys_menu` VALUES (107, '通知公告', 1, 8, 'notice', 'system/notice/index', '', '', 1, 0, 'C', '0', '0', 'system:notice:list', 'message', 'admin', '2026-05-25 10:29:04', '', NULL, '通知公告菜单');
INSERT INTO `sys_menu` VALUES (108, '日志管理', 1, 9, 'log', '', '', '', 1, 0, 'M', '0', '0', '', 'log', 'admin', '2026-05-25 10:29:04', '', NULL, '日志管理菜单');
INSERT INTO `sys_menu` VALUES (109, '在线用户', 2, 1, 'online', 'monitor/online/index', '', '', 1, 0, 'C', '0', '0', 'monitor:online:list', 'online', 'admin', '2026-05-25 10:29:04', '', NULL, '在线用户菜单');
INSERT INTO `sys_menu` VALUES (110, '定时任务', 2, 2, 'job', 'monitor/job/index', '', '', 1, 0, 'C', '0', '0', 'monitor:job:list', 'job', 'admin', '2026-05-25 10:29:04', '', NULL, '定时任务菜单');
INSERT INTO `sys_menu` VALUES (111, '数据监控', 2, 3, 'druid', 'monitor/druid/index', '', '', 1, 0, 'C', '0', '0', 'monitor:druid:list', 'druid', 'admin', '2026-05-25 10:29:04', '', NULL, '数据监控菜单');
INSERT INTO `sys_menu` VALUES (112, '服务监控', 2, 4, 'server', 'monitor/server/index', '', '', 1, 0, 'C', '0', '0', 'monitor:server:list', 'server', 'admin', '2026-05-25 10:29:04', '', NULL, '服务监控菜单');
INSERT INTO `sys_menu` VALUES (113, '缓存监控', 2, 5, 'cache', 'monitor/cache/index', '', '', 1, 0, 'C', '0', '0', 'monitor:cache:list', 'redis', 'admin', '2026-05-25 10:29:04', '', NULL, '缓存监控菜单');
INSERT INTO `sys_menu` VALUES (114, '缓存列表', 2, 6, 'cacheList', 'monitor/cache/list', '', '', 1, 0, 'C', '0', '0', 'monitor:cache:list', 'redis-list', 'admin', '2026-05-25 10:29:04', '', NULL, '缓存列表菜单');
INSERT INTO `sys_menu` VALUES (115, '表单构建', 3, 1, 'build', 'tool/build/index', '', '', 1, 0, 'C', '0', '0', 'tool:build:list', 'build', 'admin', '2026-05-25 10:29:04', '', NULL, '表单构建菜单');
INSERT INTO `sys_menu` VALUES (116, '代码生成', 3, 2, 'gen', 'tool/gen/index', '', '', 1, 0, 'C', '0', '0', 'tool:gen:list', 'code', 'admin', '2026-05-25 10:29:04', '', NULL, '代码生成菜单');
INSERT INTO `sys_menu` VALUES (117, '系统接口', 3, 3, 'swagger', 'tool/swagger/index', '', '', 1, 0, 'C', '0', '0', 'tool:swagger:list', 'swagger', 'admin', '2026-05-25 10:29:04', '', NULL, '系统接口菜单');
INSERT INTO `sys_menu` VALUES (500, '操作日志', 108, 1, 'operlog', 'monitor/operlog/index', '', '', 1, 0, 'C', '0', '0', 'monitor:operlog:list', 'form', 'admin', '2026-05-25 10:29:04', '', NULL, '操作日志菜单');
INSERT INTO `sys_menu` VALUES (501, '登录日志', 108, 2, 'logininfor', 'monitor/logininfor/index', '', '', 1, 0, 'C', '0', '0', 'monitor:logininfor:list', 'logininfor', 'admin', '2026-05-25 10:29:04', '', NULL, '登录日志菜单');
INSERT INTO `sys_menu` VALUES (1000, '用户查询', 100, 1, '', '', '', '', 1, 0, 'F', '0', '0', 'system:user:query', '#', 'admin', '2026-05-25 10:29:04', '', NULL, '');
INSERT INTO `sys_menu` VALUES (1001, '用户新增', 100, 2, '', '', '', '', 1, 0, 'F', '0', '0', 'system:user:add', '#', 'admin', '2026-05-25 10:29:04', '', NULL, '');
INSERT INTO `sys_menu` VALUES (1002, '用户修改', 100, 3, '', '', '', '', 1, 0, 'F', '0', '0', 'system:user:edit', '#', 'admin', '2026-05-25 10:29:04', '', NULL, '');
INSERT INTO `sys_menu` VALUES (1003, '用户删除', 100, 4, '', '', '', '', 1, 0, 'F', '0', '0', 'system:user:remove', '#', 'admin', '2026-05-25 10:29:04', '', NULL, '');
INSERT INTO `sys_menu` VALUES (1004, '用户导出', 100, 5, '', '', '', '', 1, 0, 'F', '0', '0', 'system:user:export', '#', 'admin', '2026-05-25 10:29:04', '', NULL, '');
INSERT INTO `sys_menu` VALUES (1005, '用户导入', 100, 6, '', '', '', '', 1, 0, 'F', '0', '0', 'system:user:import', '#', 'admin', '2026-05-25 10:29:04', '', NULL, '');
INSERT INTO `sys_menu` VALUES (1006, '重置密码', 100, 7, '', '', '', '', 1, 0, 'F', '0', '0', 'system:user:resetPwd', '#', 'admin', '2026-05-25 10:29:04', '', NULL, '');
INSERT INTO `sys_menu` VALUES (1007, '角色查询', 101, 1, '', '', '', '', 1, 0, 'F', '0', '0', 'system:role:query', '#', 'admin', '2026-05-25 10:29:04', '', NULL, '');
INSERT INTO `sys_menu` VALUES (1008, '角色新增', 101, 2, '', '', '', '', 1, 0, 'F', '0', '0', 'system:role:add', '#', 'admin', '2026-05-25 10:29:04', '', NULL, '');
INSERT INTO `sys_menu` VALUES (1009, '角色修改', 101, 3, '', '', '', '', 1, 0, 'F', '0', '0', 'system:role:edit', '#', 'admin', '2026-05-25 10:29:04', '', NULL, '');
INSERT INTO `sys_menu` VALUES (1010, '角色删除', 101, 4, '', '', '', '', 1, 0, 'F', '0', '0', 'system:role:remove', '#', 'admin', '2026-05-25 10:29:04', '', NULL, '');
INSERT INTO `sys_menu` VALUES (1011, '角色导出', 101, 5, '', '', '', '', 1, 0, 'F', '0', '0', 'system:role:export', '#', 'admin', '2026-05-25 10:29:04', '', NULL, '');
INSERT INTO `sys_menu` VALUES (1012, '菜单查询', 102, 1, '', '', '', '', 1, 0, 'F', '0', '0', 'system:menu:query', '#', 'admin', '2026-05-25 10:29:04', '', NULL, '');
INSERT INTO `sys_menu` VALUES (1013, '菜单新增', 102, 2, '', '', '', '', 1, 0, 'F', '0', '0', 'system:menu:add', '#', 'admin', '2026-05-25 10:29:04', '', NULL, '');
INSERT INTO `sys_menu` VALUES (1014, '菜单修改', 102, 3, '', '', '', '', 1, 0, 'F', '0', '0', 'system:menu:edit', '#', 'admin', '2026-05-25 10:29:04', '', NULL, '');
INSERT INTO `sys_menu` VALUES (1015, '菜单删除', 102, 4, '', '', '', '', 1, 0, 'F', '0', '0', 'system:menu:remove', '#', 'admin', '2026-05-25 10:29:04', '', NULL, '');
INSERT INTO `sys_menu` VALUES (1016, '部门查询', 103, 1, '', '', '', '', 1, 0, 'F', '0', '0', 'system:dept:query', '#', 'admin', '2026-05-25 10:29:04', '', NULL, '');
INSERT INTO `sys_menu` VALUES (1017, '部门新增', 103, 2, '', '', '', '', 1, 0, 'F', '0', '0', 'system:dept:add', '#', 'admin', '2026-05-25 10:29:04', '', NULL, '');
INSERT INTO `sys_menu` VALUES (1018, '部门修改', 103, 3, '', '', '', '', 1, 0, 'F', '0', '0', 'system:dept:edit', '#', 'admin', '2026-05-25 10:29:04', '', NULL, '');
INSERT INTO `sys_menu` VALUES (1019, '部门删除', 103, 4, '', '', '', '', 1, 0, 'F', '0', '0', 'system:dept:remove', '#', 'admin', '2026-05-25 10:29:04', '', NULL, '');
INSERT INTO `sys_menu` VALUES (1020, '岗位查询', 104, 1, '', '', '', '', 1, 0, 'F', '0', '0', 'system:post:query', '#', 'admin', '2026-05-25 10:29:04', '', NULL, '');
INSERT INTO `sys_menu` VALUES (1021, '岗位新增', 104, 2, '', '', '', '', 1, 0, 'F', '0', '0', 'system:post:add', '#', 'admin', '2026-05-25 10:29:04', '', NULL, '');
INSERT INTO `sys_menu` VALUES (1022, '岗位修改', 104, 3, '', '', '', '', 1, 0, 'F', '0', '0', 'system:post:edit', '#', 'admin', '2026-05-25 10:29:04', '', NULL, '');
INSERT INTO `sys_menu` VALUES (1023, '岗位删除', 104, 4, '', '', '', '', 1, 0, 'F', '0', '0', 'system:post:remove', '#', 'admin', '2026-05-25 10:29:04', '', NULL, '');
INSERT INTO `sys_menu` VALUES (1024, '岗位导出', 104, 5, '', '', '', '', 1, 0, 'F', '0', '0', 'system:post:export', '#', 'admin', '2026-05-25 10:29:04', '', NULL, '');
INSERT INTO `sys_menu` VALUES (1025, '字典查询', 105, 1, '#', '', '', '', 1, 0, 'F', '0', '0', 'system:dict:query', '#', 'admin', '2026-05-25 10:29:04', '', NULL, '');
INSERT INTO `sys_menu` VALUES (1026, '字典新增', 105, 2, '#', '', '', '', 1, 0, 'F', '0', '0', 'system:dict:add', '#', 'admin', '2026-05-25 10:29:04', '', NULL, '');
INSERT INTO `sys_menu` VALUES (1027, '字典修改', 105, 3, '#', '', '', '', 1, 0, 'F', '0', '0', 'system:dict:edit', '#', 'admin', '2026-05-25 10:29:04', '', NULL, '');
INSERT INTO `sys_menu` VALUES (1028, '字典删除', 105, 4, '#', '', '', '', 1, 0, 'F', '0', '0', 'system:dict:remove', '#', 'admin', '2026-05-25 10:29:04', '', NULL, '');
INSERT INTO `sys_menu` VALUES (1029, '字典导出', 105, 5, '#', '', '', '', 1, 0, 'F', '0', '0', 'system:dict:export', '#', 'admin', '2026-05-25 10:29:04', '', NULL, '');
INSERT INTO `sys_menu` VALUES (1030, '参数查询', 106, 1, '#', '', '', '', 1, 0, 'F', '0', '0', 'system:config:query', '#', 'admin', '2026-05-25 10:29:04', '', NULL, '');
INSERT INTO `sys_menu` VALUES (1031, '参数新增', 106, 2, '#', '', '', '', 1, 0, 'F', '0', '0', 'system:config:add', '#', 'admin', '2026-05-25 10:29:04', '', NULL, '');
INSERT INTO `sys_menu` VALUES (1032, '参数修改', 106, 3, '#', '', '', '', 1, 0, 'F', '0', '0', 'system:config:edit', '#', 'admin', '2026-05-25 10:29:04', '', NULL, '');
INSERT INTO `sys_menu` VALUES (1033, '参数删除', 106, 4, '#', '', '', '', 1, 0, 'F', '0', '0', 'system:config:remove', '#', 'admin', '2026-05-25 10:29:04', '', NULL, '');
INSERT INTO `sys_menu` VALUES (1034, '参数导出', 106, 5, '#', '', '', '', 1, 0, 'F', '0', '0', 'system:config:export', '#', 'admin', '2026-05-25 10:29:04', '', NULL, '');
INSERT INTO `sys_menu` VALUES (1035, '公告查询', 107, 1, '#', '', '', '', 1, 0, 'F', '0', '0', 'system:notice:query', '#', 'admin', '2026-05-25 10:29:04', '', NULL, '');
INSERT INTO `sys_menu` VALUES (1036, '公告新增', 107, 2, '#', '', '', '', 1, 0, 'F', '0', '0', 'system:notice:add', '#', 'admin', '2026-05-25 10:29:04', '', NULL, '');
INSERT INTO `sys_menu` VALUES (1037, '公告修改', 107, 3, '#', '', '', '', 1, 0, 'F', '0', '0', 'system:notice:edit', '#', 'admin', '2026-05-25 10:29:04', '', NULL, '');
INSERT INTO `sys_menu` VALUES (1038, '公告删除', 107, 4, '#', '', '', '', 1, 0, 'F', '0', '0', 'system:notice:remove', '#', 'admin', '2026-05-25 10:29:04', '', NULL, '');
INSERT INTO `sys_menu` VALUES (1039, '操作查询', 500, 1, '#', '', '', '', 1, 0, 'F', '0', '0', 'monitor:operlog:query', '#', 'admin', '2026-05-25 10:29:04', '', NULL, '');
INSERT INTO `sys_menu` VALUES (1040, '操作删除', 500, 2, '#', '', '', '', 1, 0, 'F', '0', '0', 'monitor:operlog:remove', '#', 'admin', '2026-05-25 10:29:04', '', NULL, '');
INSERT INTO `sys_menu` VALUES (1041, '日志导出', 500, 3, '#', '', '', '', 1, 0, 'F', '0', '0', 'monitor:operlog:export', '#', 'admin', '2026-05-25 10:29:04', '', NULL, '');
INSERT INTO `sys_menu` VALUES (1042, '登录查询', 501, 1, '#', '', '', '', 1, 0, 'F', '0', '0', 'monitor:logininfor:query', '#', 'admin', '2026-05-25 10:29:04', '', NULL, '');
INSERT INTO `sys_menu` VALUES (1043, '登录删除', 501, 2, '#', '', '', '', 1, 0, 'F', '0', '0', 'monitor:logininfor:remove', '#', 'admin', '2026-05-25 10:29:04', '', NULL, '');
INSERT INTO `sys_menu` VALUES (1044, '日志导出', 501, 3, '#', '', '', '', 1, 0, 'F', '0', '0', 'monitor:logininfor:export', '#', 'admin', '2026-05-25 10:29:04', '', NULL, '');
INSERT INTO `sys_menu` VALUES (1045, '账户解锁', 501, 4, '#', '', '', '', 1, 0, 'F', '0', '0', 'monitor:logininfor:unlock', '#', 'admin', '2026-05-25 10:29:04', '', NULL, '');
INSERT INTO `sys_menu` VALUES (1046, '在线查询', 109, 1, '#', '', '', '', 1, 0, 'F', '0', '0', 'monitor:online:query', '#', 'admin', '2026-05-25 10:29:04', '', NULL, '');
INSERT INTO `sys_menu` VALUES (1047, '批量强退', 109, 2, '#', '', '', '', 1, 0, 'F', '0', '0', 'monitor:online:batchLogout', '#', 'admin', '2026-05-25 10:29:04', '', NULL, '');
INSERT INTO `sys_menu` VALUES (1048, '单条强退', 109, 3, '#', '', '', '', 1, 0, 'F', '0', '0', 'monitor:online:forceLogout', '#', 'admin', '2026-05-25 10:29:04', '', NULL, '');
INSERT INTO `sys_menu` VALUES (1049, '任务查询', 110, 1, '#', '', '', '', 1, 0, 'F', '0', '0', 'monitor:job:query', '#', 'admin', '2026-05-25 10:29:04', '', NULL, '');
INSERT INTO `sys_menu` VALUES (1050, '任务新增', 110, 2, '#', '', '', '', 1, 0, 'F', '0', '0', 'monitor:job:add', '#', 'admin', '2026-05-25 10:29:04', '', NULL, '');
INSERT INTO `sys_menu` VALUES (1051, '任务修改', 110, 3, '#', '', '', '', 1, 0, 'F', '0', '0', 'monitor:job:edit', '#', 'admin', '2026-05-25 10:29:04', '', NULL, '');
INSERT INTO `sys_menu` VALUES (1052, '任务删除', 110, 4, '#', '', '', '', 1, 0, 'F', '0', '0', 'monitor:job:remove', '#', 'admin', '2026-05-25 10:29:04', '', NULL, '');
INSERT INTO `sys_menu` VALUES (1053, '状态修改', 110, 5, '#', '', '', '', 1, 0, 'F', '0', '0', 'monitor:job:changeStatus', '#', 'admin', '2026-05-25 10:29:04', '', NULL, '');
INSERT INTO `sys_menu` VALUES (1054, '任务导出', 110, 6, '#', '', '', '', 1, 0, 'F', '0', '0', 'monitor:job:export', '#', 'admin', '2026-05-25 10:29:04', '', NULL, '');
INSERT INTO `sys_menu` VALUES (1055, '生成查询', 116, 1, '#', '', '', '', 1, 0, 'F', '0', '0', 'tool:gen:query', '#', 'admin', '2026-05-25 10:29:04', '', NULL, '');
INSERT INTO `sys_menu` VALUES (1056, '生成修改', 116, 2, '#', '', '', '', 1, 0, 'F', '0', '0', 'tool:gen:edit', '#', 'admin', '2026-05-25 10:29:04', '', NULL, '');
INSERT INTO `sys_menu` VALUES (1057, '生成删除', 116, 3, '#', '', '', '', 1, 0, 'F', '0', '0', 'tool:gen:remove', '#', 'admin', '2026-05-25 10:29:04', '', NULL, '');
INSERT INTO `sys_menu` VALUES (1058, '导入代码', 116, 4, '#', '', '', '', 1, 0, 'F', '0', '0', 'tool:gen:import', '#', 'admin', '2026-05-25 10:29:04', '', NULL, '');
INSERT INTO `sys_menu` VALUES (1059, '预览代码', 116, 5, '#', '', '', '', 1, 0, 'F', '0', '0', 'tool:gen:preview', '#', 'admin', '2026-05-25 10:29:04', '', NULL, '');
INSERT INTO `sys_menu` VALUES (1060, '生成代码', 116, 6, '#', '', '', '', 1, 0, 'F', '0', '0', 'tool:gen:code', '#', 'admin', '2026-05-25 10:29:04', '', NULL, '');
INSERT INTO `sys_menu` VALUES (2000, '新建用户', 0, 5, 'newCase', 'patient/newCase/index', NULL, '', 1, 0, 'C', '0', '0', 'patient:newCase:list', 'user', 'admin', '2026-05-25 15:02:27', 'admin', '2026-05-25 15:07:35', '');
INSERT INTO `sys_menu` VALUES (2001, '检测评估', 0, 7, 'detection', 'patient/detection/index', NULL, '', 1, 0, 'C', '0', '0', 'patient:detection:list', 'swagger', 'admin', '2026-05-25 17:11:57', 'admin', '2026-06-18 15:54:51', '');
INSERT INTO `sys_menu` VALUES (2002, '用户管理', 0, 6, 'caseList', 'patient/caseList/index', NULL, '', 1, 0, 'C', '0', '0', 'patient:caseList:list', 'edit', 'admin', '2026-05-25 17:15:58', '', NULL, '');
INSERT INTO `sys_menu` VALUES (2003, '报告管理', 0, 8, 'report', NULL, NULL, '', 1, 0, 'M', '0', '0', '', 'skill', 'admin', '2026-05-27 15:09:34', 'admin', '2026-05-27 15:16:12', '');
INSERT INTO `sys_menu` VALUES (2004, '老年综合评估报告', 2003, 1, 'cgareport', 'report/cgareport/index', NULL, '', 1, 0, 'C', '0', '0', 'report:cgareport:list', '#', 'admin', '2026-05-27 15:17:08', 'admin', '2026-05-29 11:46:49', '');

-- ----------------------------
-- Table structure for sys_notice
-- ----------------------------
DROP TABLE IF EXISTS `sys_notice`;
CREATE TABLE `sys_notice`  (
  `notice_id` int NOT NULL AUTO_INCREMENT COMMENT '公告ID',
  `notice_title` varchar(50) CHARACTER SET utf8mb4 COLLATE utf8mb4_general_ci NOT NULL COMMENT '公告标题',
  `notice_type` char(1) CHARACTER SET utf8mb4 COLLATE utf8mb4_general_ci NOT NULL COMMENT '公告类型（1通知 2公告）',
  `notice_content` longblob NULL COMMENT '公告内容',
  `status` char(1) CHARACTER SET utf8mb4 COLLATE utf8mb4_general_ci NULL DEFAULT '0' COMMENT '公告状态（0正常 1关闭）',
  `create_by` varchar(64) CHARACTER SET utf8mb4 COLLATE utf8mb4_general_ci NULL DEFAULT '' COMMENT '创建者',
  `create_time` datetime NULL DEFAULT NULL COMMENT '创建时间',
  `update_by` varchar(64) CHARACTER SET utf8mb4 COLLATE utf8mb4_general_ci NULL DEFAULT '' COMMENT '更新者',
  `update_time` datetime NULL DEFAULT NULL COMMENT '更新时间',
  `remark` varchar(255) CHARACTER SET utf8mb4 COLLATE utf8mb4_general_ci NULL DEFAULT NULL COMMENT '备注',
  PRIMARY KEY (`notice_id`) USING BTREE
) ENGINE = InnoDB AUTO_INCREMENT = 10 CHARACTER SET = utf8mb4 COLLATE = utf8mb4_general_ci COMMENT = '通知公告表' ROW_FORMAT = Dynamic;

-- ----------------------------
-- Records of sys_notice
-- ----------------------------
INSERT INTO `sys_notice` VALUES (1, '温馨提醒：2018-07-01 若依新版本发布啦', '2', 0xE696B0E78988E69CACE58685E5AEB9, '0', 'admin', '2026-05-25 10:29:04', '', NULL, '管理员');
INSERT INTO `sys_notice` VALUES (2, '维护通知：2018-07-01 若依系统凌晨维护', '1', 0xE7BBB4E68AA4E58685E5AEB9, '0', 'admin', '2026-05-25 10:29:04', '', NULL, '管理员');
INSERT INTO `sys_notice` VALUES (3, '若依开源框架介绍', '1', 0x3C703E3C7370616E207374796C653D22636F6C6F723A20726762283233302C20302C2030293B223EE9A1B9E79BAEE4BB8BE7BB8D3C2F7370616E3E3C2F703E3C703E3C666F6E7420636F6C6F723D2223333333333333223E52756F5969E5BC80E6BA90E9A1B9E79BAEE698AFE4B8BAE4BC81E4B89AE794A8E688B7E5AE9AE588B6E79A84E5908EE58FB0E8849AE6898BE69EB6E6A186E69EB6EFBC8CE4B8BAE4BC81E4B89AE68993E980A0E79A84E4B880E7AB99E5BC8FE8A7A3E586B3E696B9E6A188EFBC8CE9998DE4BD8EE4BC81E4B89AE5BC80E58F91E68890E69CACEFBC8CE68F90E58D87E5BC80E58F91E69588E78E87E38082E4B8BBE8A681E58C85E68BACE794A8E688B7E7AEA1E79086E38081E8A792E889B2E7AEA1E79086E38081E983A8E997A8E7AEA1E79086E38081E88F9CE58D95E7AEA1E79086E38081E58F82E695B0E7AEA1E79086E38081E5AD97E585B8E7AEA1E79086E380813C2F666F6E743E3C7370616E207374796C653D22636F6C6F723A207267622835312C2035312C203531293B223EE5B297E4BD8DE7AEA1E790863C2F7370616E3E3C7370616E207374796C653D22636F6C6F723A207267622835312C2035312C203531293B223EE38081E5AE9AE697B6E4BBBBE58AA13C2F7370616E3E3C7370616E207374796C653D22636F6C6F723A207267622835312C2035312C203531293B223EE380813C2F7370616E3E3C7370616E207374796C653D22636F6C6F723A207267622835312C2035312C203531293B223EE69C8DE58AA1E79B91E68EA7E38081E799BBE5BD95E697A5E5BF97E38081E6938DE4BD9CE697A5E5BF97E38081E4BBA3E7A081E7949FE68890E7AD89E58A9FE883BDE38082E585B6E4B8ADEFBC8CE8BF98E694AFE68C81E5A49AE695B0E68DAEE6BA90E38081E695B0E68DAEE69D83E99990E38081E59BBDE99985E58C96E380815265646973E7BC93E5AD98E38081446F636B6572E983A8E7BDB2E38081E6BB91E58AA8E9AA8CE8AF81E7A081E38081E7ACACE4B889E696B9E8AEA4E8AF81E799BBE5BD95E38081E58886E5B883E5BC8FE4BA8BE58AA1E380813C2F7370616E3E3C666F6E7420636F6C6F723D2223333333333333223EE58886E5B883E5BC8FE69687E4BBB6E5AD98E582A83C2F666F6E743E3C7370616E207374796C653D22636F6C6F723A207267622835312C2035312C203531293B223EE38081E58886E5BA93E58886E8A1A8E5A484E79086E7AD89E68A80E69CAFE789B9E782B9E380823C2F7370616E3E3C2F703E3C703E3C696D67207372633D2268747470733A2F2F666F727564612E67697465652E636F6D2F696D616765732F313737333933313834383334323433393033322F61346432323331335F313831353039352E706E6722207374796C653D2277696474683A20363470783B223E3C62723E3C2F703E3C703E3C7370616E207374796C653D22636F6C6F723A20726762283233302C20302C2030293B223EE5AE98E7BD91E58F8AE6BC94E7A4BA3C2F7370616E3E3C2F703E3C703E3C7370616E207374796C653D22636F6C6F723A207267622835312C2035312C203531293B223EE88BA5E4BE9DE5AE98E7BD91E59CB0E59D80EFBC9A266E6273703B3C2F7370616E3E3C6120687265663D22687474703A2F2F72756F79692E76697022207461726765743D225F626C616E6B223E687474703A2F2F72756F79692E7669703C2F613E3C6120687265663D22687474703A2F2F72756F79692E76697022207461726765743D225F626C616E6B223E3C2F613E3C2F703E3C703E3C7370616E207374796C653D22636F6C6F723A207267622835312C2035312C203531293B223EE88BA5E4BE9DE69687E6A1A3E59CB0E59D80EFBC9A266E6273703B3C2F7370616E3E3C6120687265663D22687474703A2F2F646F632E72756F79692E76697022207461726765743D225F626C616E6B223E687474703A2F2F646F632E72756F79692E7669703C2F613E3C62723E3C2F703E3C703E3C7370616E207374796C653D22636F6C6F723A207267622835312C2035312C203531293B223EE6BC94E7A4BAE59CB0E59D80E38090E4B88DE58886E7A6BBE78988E38091EFBC9A266E6273703B3C2F7370616E3E3C6120687265663D22687474703A2F2F64656D6F2E72756F79692E76697022207461726765743D225F626C616E6B223E687474703A2F2F64656D6F2E72756F79692E7669703C2F613E3C2F703E3C703E3C7370616E207374796C653D22636F6C6F723A207267622835312C2035312C203531293B223EE6BC94E7A4BAE59CB0E59D80E38090E58886E7A6BBE78988E69CACE38091EFBC9A266E6273703B3C2F7370616E3E3C6120687265663D22687474703A2F2F7675652E72756F79692E76697022207461726765743D225F626C616E6B223E687474703A2F2F7675652E72756F79692E7669703C2F613E3C2F703E3C703E3C7370616E207374796C653D22636F6C6F723A207267622835312C2035312C203531293B223EE6BC94E7A4BAE59CB0E59D80E38090E5BEAEE69C8DE58AA1E78988E38091EFBC9A266E6273703B3C2F7370616E3E3C6120687265663D22687474703A2F2F636C6F75642E72756F79692E76697022207461726765743D225F626C616E6B223E687474703A2F2F636C6F75642E72756F79692E7669703C2F613E3C2F703E3C703E3C7370616E207374796C653D22636F6C6F723A207267622835312C2035312C203531293B223EE6BC94E7A4BAE59CB0E59D80E38090E7A7BBE58AA8E7ABAFE78988E38091EFBC9A266E6273703B3C2F7370616E3E3C6120687265663D22687474703A2F2F68352E72756F79692E76697022207461726765743D225F626C616E6B223E687474703A2F2F68352E72756F79692E7669703C2F613E3C2F703E3C703E3C6272207374796C653D22636F6C6F723A207267622834382C2034392C203531293B20666F6E742D66616D696C793A202671756F743B48656C766574696361204E6575652671756F743B2C2048656C7665746963612C20417269616C2C2073616E732D73657269663B20666F6E742D73697A653A20313270783B223E3C2F703E, '0', 'admin', '2026-05-25 10:29:04', '', NULL, '管理员');

-- ----------------------------
-- Table structure for sys_notice_read
-- ----------------------------
DROP TABLE IF EXISTS `sys_notice_read`;
CREATE TABLE `sys_notice_read`  (
  `read_id` bigint NOT NULL AUTO_INCREMENT COMMENT '已读主键',
  `notice_id` int NOT NULL COMMENT '公告id',
  `user_id` bigint NOT NULL COMMENT '用户id',
  `read_time` datetime NOT NULL COMMENT '阅读时间',
  PRIMARY KEY (`read_id`) USING BTREE,
  UNIQUE INDEX `uk_user_notice`(`user_id` ASC, `notice_id` ASC) USING BTREE COMMENT '同一用户同一公告只记录一次'
) ENGINE = InnoDB AUTO_INCREMENT = 4 CHARACTER SET = utf8mb4 COLLATE = utf8mb4_general_ci COMMENT = '公告已读记录表' ROW_FORMAT = Dynamic;

-- ----------------------------
-- Records of sys_notice_read
-- ----------------------------
INSERT INTO `sys_notice_read` VALUES (1, 3, 1, '2026-05-27 14:50:01');
INSERT INTO `sys_notice_read` VALUES (2, 2, 1, '2026-05-27 14:50:01');
INSERT INTO `sys_notice_read` VALUES (3, 1, 1, '2026-05-27 14:50:01');

-- ----------------------------
-- Table structure for sys_oper_log
-- ----------------------------
DROP TABLE IF EXISTS `sys_oper_log`;
CREATE TABLE `sys_oper_log`  (
  `oper_id` bigint NOT NULL AUTO_INCREMENT COMMENT '日志主键',
  `title` varchar(50) CHARACTER SET utf8mb4 COLLATE utf8mb4_general_ci NULL DEFAULT '' COMMENT '模块标题',
  `business_type` int NULL DEFAULT 0 COMMENT '业务类型（0其它 1新增 2修改 3删除）',
  `method` varchar(200) CHARACTER SET utf8mb4 COLLATE utf8mb4_general_ci NULL DEFAULT '' COMMENT '方法名称',
  `request_method` varchar(10) CHARACTER SET utf8mb4 COLLATE utf8mb4_general_ci NULL DEFAULT '' COMMENT '请求方式',
  `operator_type` int NULL DEFAULT 0 COMMENT '操作类别（0其它 1后台用户 2手机端用户）',
  `oper_name` varchar(50) CHARACTER SET utf8mb4 COLLATE utf8mb4_general_ci NULL DEFAULT '' COMMENT '操作人员',
  `dept_name` varchar(50) CHARACTER SET utf8mb4 COLLATE utf8mb4_general_ci NULL DEFAULT '' COMMENT '部门名称',
  `oper_url` varchar(255) CHARACTER SET utf8mb4 COLLATE utf8mb4_general_ci NULL DEFAULT '' COMMENT '请求URL',
  `oper_ip` varchar(128) CHARACTER SET utf8mb4 COLLATE utf8mb4_general_ci NULL DEFAULT '' COMMENT '主机地址',
  `oper_location` varchar(255) CHARACTER SET utf8mb4 COLLATE utf8mb4_general_ci NULL DEFAULT '' COMMENT '操作地点',
  `oper_param` varchar(2000) CHARACTER SET utf8mb4 COLLATE utf8mb4_general_ci NULL DEFAULT '' COMMENT '请求参数',
  `json_result` varchar(2000) CHARACTER SET utf8mb4 COLLATE utf8mb4_general_ci NULL DEFAULT '' COMMENT '返回参数',
  `status` int NULL DEFAULT 0 COMMENT '操作状态（0正常 1异常）',
  `error_msg` varchar(2000) CHARACTER SET utf8mb4 COLLATE utf8mb4_general_ci NULL DEFAULT '' COMMENT '错误消息',
  `oper_time` datetime NULL DEFAULT NULL COMMENT '操作时间',
  `cost_time` bigint NULL DEFAULT 0 COMMENT '消耗时间',
  PRIMARY KEY (`oper_id`) USING BTREE,
  INDEX `idx_sys_oper_log_bt`(`business_type` ASC) USING BTREE,
  INDEX `idx_sys_oper_log_s`(`status` ASC) USING BTREE,
  INDEX `idx_sys_oper_log_ot`(`oper_time` ASC) USING BTREE
) ENGINE = InnoDB AUTO_INCREMENT = 127 CHARACTER SET = utf8mb4 COLLATE = utf8mb4_general_ci COMMENT = '操作日志记录' ROW_FORMAT = Dynamic;

-- ----------------------------
-- Records of sys_oper_log
-- ----------------------------
INSERT INTO `sys_oper_log` VALUES (100, '参数管理', 2, 'com.sarcopenia.web.controller.system.SysConfigController.edit()', 'PUT', 1, 'admin', '研发部门', '/system/config', '127.0.0.1', '内网IP', '{\"configId\":4,\"configKey\":\"sys.account.captchaEnabled\",\"configName\":\"账号自助-验证码开关\",\"configType\":\"Y\",\"configValue\":\"false\",\"createBy\":\"admin\",\"createTime\":\"2026-05-25 10:29:04\",\"params\":{},\"remark\":\"是否开启验证码功能（true开启，false关闭）\",\"updateBy\":\"admin\"} ', '{\"msg\":\"操作成功\",\"code\":200}', 0, NULL, '2026-05-25 11:17:56', 30);
INSERT INTO `sys_oper_log` VALUES (101, '用户头像', 2, 'com.sarcopenia.web.controller.system.SysProfileController.avatar()', 'POST', 1, 'admin', '研发部门', '/system/user/profile/avatar', '127.0.0.1', '内网IP', '', '{\"msg\":\"操作成功\",\"imgUrl\":\"/profile/avatar/2026/05/25/88c2ec623cc14ee7ba68e0ee50892652.png\",\"code\":200}', 0, NULL, '2026-05-25 11:29:47', 120);
INSERT INTO `sys_oper_log` VALUES (102, '个人信息', 2, 'com.sarcopenia.web.controller.system.SysProfileController.updateProfile()', 'PUT', 1, 'admin', '研发部门', '/system/user/profile', '127.0.0.1', '内网IP', '{\"admin\":false,\"email\":\"ry@163.com\",\"nickName\":\"肌少症\",\"params\":{},\"phonenumber\":\"15888888888\",\"sex\":\"1\"} ', '{\"msg\":\"操作成功\",\"code\":200}', 0, NULL, '2026-05-25 11:31:44', 11);
INSERT INTO `sys_oper_log` VALUES (103, '菜单管理', 1, 'com.sarcopenia.web.controller.system.SysMenuController.add()', 'POST', 1, 'admin', '研发部门', '/system/menu', '127.0.0.1', '内网IP', '{\"children\":[],\"component\":\"patient/newCase/index\\t\",\"createBy\":\"admin\",\"icon\":\"user\",\"isCache\":\"0\",\"isFrame\":\"1\",\"menuName\":\"新建用户\",\"menuType\":\"C\",\"orderNum\":1,\"params\":{},\"parentId\":0,\"path\":\"/patient/newCase\",\"perms\":\"patient:newCase:list\",\"routeName\":\"newCase\",\"status\":\"0\",\"visible\":\"0\"} ', '{\"msg\":\"操作成功\",\"code\":200}', 0, NULL, '2026-05-25 15:02:28', 155);
INSERT INTO `sys_oper_log` VALUES (104, '菜单管理', 2, 'com.sarcopenia.web.controller.system.SysMenuController.edit()', 'PUT', 1, 'admin', '研发部门', '/system/menu', '127.0.0.1', '内网IP', '{\"children\":[],\"component\":\"patient/newCase/index\",\"createTime\":\"2026-05-25 15:02:27\",\"icon\":\"user\",\"isCache\":\"0\",\"isFrame\":\"1\",\"menuId\":2000,\"menuName\":\"新建用户\",\"menuType\":\"C\",\"orderNum\":1,\"params\":{},\"parentId\":0,\"path\":\"/patient/newCase\",\"perms\":\"patient:newCase:list\",\"routeName\":\"newCase\",\"status\":\"0\",\"updateBy\":\"admin\",\"visible\":\"0\"} ', '{\"msg\":\"操作成功\",\"code\":200}', 0, NULL, '2026-05-25 15:04:24', 19);
INSERT INTO `sys_oper_log` VALUES (105, '菜单管理', 2, 'com.sarcopenia.web.controller.system.SysMenuController.edit()', 'PUT', 1, 'admin', '研发部门', '/system/menu', '127.0.0.1', '内网IP', '{\"children\":[],\"component\":\"patient/newCase/index\",\"createTime\":\"2026-05-25 15:02:27\",\"icon\":\"user\",\"isCache\":\"0\",\"isFrame\":\"1\",\"menuId\":2000,\"menuName\":\"新建用户\",\"menuType\":\"C\",\"orderNum\":5,\"params\":{},\"parentId\":0,\"path\":\"/patient/newCase\",\"perms\":\"patient:newCase:list\",\"routeName\":\"newCase\",\"status\":\"0\",\"updateBy\":\"admin\",\"visible\":\"0\"} ', '{\"msg\":\"操作成功\",\"code\":200}', 0, NULL, '2026-05-25 15:04:54', 12);
INSERT INTO `sys_oper_log` VALUES (106, '菜单管理', 2, 'com.sarcopenia.web.controller.system.SysMenuController.edit()', 'PUT', 1, 'admin', '研发部门', '/system/menu', '127.0.0.1', '内网IP', '{\"children\":[],\"component\":\"patient/newCase/index\",\"createTime\":\"2026-05-25 15:02:27\",\"icon\":\"user\",\"isCache\":\"0\",\"isFrame\":\"1\",\"menuId\":2000,\"menuName\":\"新建用户\",\"menuType\":\"C\",\"orderNum\":5,\"params\":{},\"parentId\":0,\"path\":\"patient/newCase\",\"perms\":\"patient:newCase:list\",\"routeName\":\"newCase\",\"status\":\"0\",\"updateBy\":\"admin\",\"visible\":\"0\"} ', '{\"msg\":\"操作成功\",\"code\":200}', 0, NULL, '2026-05-25 15:06:52', 11);
INSERT INTO `sys_oper_log` VALUES (107, '菜单管理', 2, 'com.sarcopenia.web.controller.system.SysMenuController.edit()', 'PUT', 1, 'admin', '研发部门', '/system/menu', '127.0.0.1', '内网IP', '{\"children\":[],\"component\":\"patient/newCase/index\",\"createTime\":\"2026-05-25 15:02:27\",\"icon\":\"user\",\"isCache\":\"0\",\"isFrame\":\"1\",\"menuId\":2000,\"menuName\":\"新建用户\",\"menuType\":\"C\",\"orderNum\":5,\"params\":{},\"parentId\":0,\"path\":\"newCase\",\"perms\":\"patient:newCase:list\",\"routeName\":\"\",\"status\":\"0\",\"updateBy\":\"admin\",\"visible\":\"0\"} ', '{\"msg\":\"操作成功\",\"code\":200}', 0, NULL, '2026-05-25 15:07:35', 9);
INSERT INTO `sys_oper_log` VALUES (108, '菜单管理', 1, 'com.sarcopenia.web.controller.system.SysMenuController.add()', 'POST', 1, 'admin', '研发部门', '/system/menu', '127.0.0.1', '内网IP', '{\"children\":[],\"createBy\":\"admin\",\"icon\":\"swagger\",\"isCache\":\"0\",\"isFrame\":\"1\",\"menuName\":\"检测评估\",\"menuType\":\"C\",\"orderNum\":6,\"params\":{},\"parentId\":0,\"path\":\"detection\",\"status\":\"0\",\"visible\":\"0\"} ', '{\"msg\":\"操作成功\",\"code\":200}', 0, NULL, '2026-05-25 17:11:57', 22);
INSERT INTO `sys_oper_log` VALUES (109, '菜单管理', 2, 'com.sarcopenia.web.controller.system.SysMenuController.edit()', 'PUT', 1, 'admin', '研发部门', '/system/menu', '127.0.0.1', '内网IP', '{\"children\":[],\"component\":\"patient/detection/index\",\"createTime\":\"2026-05-25 17:11:57\",\"icon\":\"swagger\",\"isCache\":\"0\",\"isFrame\":\"1\",\"menuId\":2001,\"menuName\":\"检测评估\",\"menuType\":\"C\",\"orderNum\":6,\"params\":{},\"parentId\":0,\"path\":\"detection\",\"perms\":\"\",\"routeName\":\"\",\"status\":\"0\",\"updateBy\":\"admin\",\"visible\":\"0\"} ', '{\"msg\":\"操作成功\",\"code\":200}', 0, NULL, '2026-05-25 17:12:24', 12);
INSERT INTO `sys_oper_log` VALUES (110, '菜单管理', 2, 'com.sarcopenia.web.controller.system.SysMenuController.edit()', 'PUT', 1, 'admin', '研发部门', '/system/menu', '127.0.0.1', '内网IP', '{\"children\":[],\"component\":\"patient/detection/index\",\"createTime\":\"2026-05-25 17:11:57\",\"icon\":\"swagger\",\"isCache\":\"0\",\"isFrame\":\"1\",\"menuId\":2001,\"menuName\":\"检测评估\",\"menuType\":\"C\",\"orderNum\":6,\"params\":{},\"parentId\":0,\"path\":\"detection\",\"perms\":\"patient:detection:list\",\"routeName\":\"\",\"status\":\"0\",\"updateBy\":\"admin\",\"visible\":\"0\"} ', '{\"msg\":\"操作成功\",\"code\":200}', 0, NULL, '2026-05-25 17:12:48', 14);
INSERT INTO `sys_oper_log` VALUES (111, '菜单管理', 1, 'com.sarcopenia.web.controller.system.SysMenuController.add()', 'POST', 1, 'admin', '研发部门', '/system/menu', '127.0.0.1', '内网IP', '{\"children\":[],\"component\":\"patient/caseList/index\",\"createBy\":\"admin\",\"icon\":\"edit\",\"isCache\":\"0\",\"isFrame\":\"1\",\"menuName\":\"用户管理\",\"menuType\":\"C\",\"orderNum\":6,\"params\":{},\"parentId\":0,\"path\":\"caseList\",\"perms\":\"patient:caseList:list\",\"status\":\"0\",\"visible\":\"0\"} ', '{\"msg\":\"操作成功\",\"code\":200}', 0, NULL, '2026-05-25 17:15:58', 13);
INSERT INTO `sys_oper_log` VALUES (112, '保存菜单排序', 2, 'com.sarcopenia.web.controller.system.SysMenuController.updateSort()', 'PUT', 1, 'admin', '研发部门', '/system/menu/updateSort', '127.0.0.1', '内网IP', '{\"menuIds\":\"2001\",\"orderNums\":\"7\"} ', '{\"msg\":\"操作成功\",\"code\":200}', 0, NULL, '2026-05-25 17:16:06', 28);
INSERT INTO `sys_oper_log` VALUES (113, '菜单管理', 3, 'com.sarcopenia.web.controller.system.SysMenuController.remove()', 'DELETE', 1, 'admin', '研发部门', '/system/menu/4', '127.0.0.1', '内网IP', '4 ', '{\"msg\":\"菜单已分配,不允许删除\",\"code\":601}', 0, NULL, '2026-05-26 10:50:45', 46);
INSERT INTO `sys_oper_log` VALUES (114, '菜单管理', 2, 'com.sarcopenia.web.controller.system.SysMenuController.edit()', 'PUT', 1, 'admin', '研发部门', '/system/menu', '127.0.0.1', '内网IP', '{\"children\":[],\"createTime\":\"2026-05-25 10:29:04\",\"icon\":\"guide\",\"isCache\":\"0\",\"isFrame\":\"0\",\"menuId\":4,\"menuName\":\"若依官网\",\"menuType\":\"M\",\"orderNum\":4,\"params\":{},\"parentId\":0,\"path\":\"http://ruoyi.vip\",\"perms\":\"\",\"query\":\"\",\"routeName\":\"\",\"status\":\"0\",\"updateBy\":\"admin\",\"visible\":\"1\"} ', '{\"msg\":\"操作成功\",\"code\":200}', 0, NULL, '2026-05-26 10:50:55', 25);
INSERT INTO `sys_oper_log` VALUES (115, '用户头像', 2, 'com.sarcopenia.web.controller.system.SysProfileController.avatar()', 'POST', 1, 'admin', '研发部门', '/system/user/profile/avatar', '127.0.0.1', '内网IP', '', '{\"msg\":\"操作成功\",\"imgUrl\":\"/profile/avatar/2026/05/26/f4b07b4feb6b458da7450a7cbc9f7332.png\",\"code\":200}', 0, NULL, '2026-05-26 10:51:52', 138);
INSERT INTO `sys_oper_log` VALUES (116, '个人信息', 2, 'com.sarcopenia.web.controller.system.SysProfileController.updateProfile()', 'PUT', 1, 'admin', '研发部门', '/system/user/profile', '127.0.0.1', '内网IP', '{\"admin\":false,\"email\":\"ry@163.com\",\"nickName\":\"管理员\",\"params\":{},\"phonenumber\":\"15888888888\",\"sex\":\"1\"} ', '{\"msg\":\"操作成功\",\"code\":200}', 0, NULL, '2026-05-26 10:52:09', 15);
INSERT INTO `sys_oper_log` VALUES (117, '菜单管理', 1, 'com.sarcopenia.web.controller.system.SysMenuController.add()', 'POST', 1, 'admin', '研发部门', '/system/menu', '127.0.0.1', '内网IP', '{\"children\":[],\"createBy\":\"admin\",\"icon\":\"skill\",\"isCache\":\"0\",\"isFrame\":\"1\",\"menuName\":\"报告管理\",\"menuType\":\"M\",\"orderNum\":8,\"params\":{},\"parentId\":0,\"path\":\"patient\",\"status\":\"0\",\"visible\":\"0\"} ', '{\"msg\":\"操作成功\",\"code\":200}', 0, NULL, '2026-05-27 15:09:34', 37);
INSERT INTO `sys_oper_log` VALUES (118, '菜单管理', 2, 'com.sarcopenia.web.controller.system.SysMenuController.edit()', 'PUT', 1, 'admin', '研发部门', '/system/menu', '127.0.0.1', '内网IP', '{\"children\":[],\"createTime\":\"2026-05-27 15:09:34\",\"icon\":\"skill\",\"isCache\":\"0\",\"isFrame\":\"1\",\"menuId\":2003,\"menuName\":\"报告管理\",\"menuType\":\"M\",\"orderNum\":8,\"params\":{},\"parentId\":0,\"path\":\"report\",\"perms\":\"\",\"routeName\":\"\",\"status\":\"0\",\"updateBy\":\"admin\",\"visible\":\"0\"} ', '{\"msg\":\"操作成功\",\"code\":200}', 0, NULL, '2026-05-27 15:16:12', 77);
INSERT INTO `sys_oper_log` VALUES (119, '菜单管理', 1, 'com.sarcopenia.web.controller.system.SysMenuController.add()', 'POST', 1, 'admin', '研发部门', '/system/menu', '127.0.0.1', '内网IP', '{\"children\":[],\"createBy\":\"admin\",\"isCache\":\"0\",\"isFrame\":\"1\",\"menuName\":\"老年综合评估报告\",\"menuType\":\"C\",\"orderNum\":0,\"params\":{},\"parentId\":2003,\"path\":\"cag\",\"status\":\"0\",\"visible\":\"0\"} ', '{\"msg\":\"操作成功\",\"code\":200}', 0, NULL, '2026-05-27 15:17:08', 18);
INSERT INTO `sys_oper_log` VALUES (120, '菜单管理', 2, 'com.sarcopenia.web.controller.system.SysMenuController.edit()', 'PUT', 1, 'admin', '研发部门', '/system/menu', '127.0.0.1', '内网IP', '{\"children\":[],\"component\":\"report/cag/index\",\"createTime\":\"2026-05-27 15:17:08\",\"icon\":\"#\",\"isCache\":\"0\",\"isFrame\":\"1\",\"menuId\":2004,\"menuName\":\"老年综合评估报告\",\"menuType\":\"C\",\"orderNum\":0,\"params\":{},\"parentId\":2003,\"path\":\"cag\",\"perms\":\"\",\"routeName\":\"\",\"status\":\"0\",\"updateBy\":\"admin\",\"visible\":\"0\"} ', '{\"msg\":\"操作成功\",\"code\":200}', 0, NULL, '2026-05-27 15:18:36', 15);
INSERT INTO `sys_oper_log` VALUES (121, '菜单管理', 2, 'com.sarcopenia.web.controller.system.SysMenuController.edit()', 'PUT', 1, 'admin', '研发部门', '/system/menu', '127.0.0.1', '内网IP', '{\"children\":[],\"component\":\"report/cag/index\",\"createTime\":\"2026-05-27 15:17:08\",\"icon\":\"#\",\"isCache\":\"0\",\"isFrame\":\"1\",\"menuId\":2004,\"menuName\":\"老年综合评估报告\",\"menuType\":\"C\",\"orderNum\":0,\"params\":{},\"parentId\":2003,\"path\":\"cag\",\"perms\":\"report:cag:list\",\"routeName\":\"\",\"status\":\"0\",\"updateBy\":\"admin\",\"visible\":\"0\"} ', '{\"msg\":\"操作成功\",\"code\":200}', 0, NULL, '2026-05-27 15:18:58', 17);
INSERT INTO `sys_oper_log` VALUES (122, '菜单管理', 2, 'com.sarcopenia.web.controller.system.SysMenuController.edit()', 'PUT', 1, 'admin', '研发部门', '/system/menu', '127.0.0.1', '内网IP', '{\"children\":[],\"component\":\"report/cag/index\",\"createTime\":\"2026-05-27 15:17:08\",\"icon\":\"#\",\"isCache\":\"0\",\"isFrame\":\"1\",\"menuId\":2004,\"menuName\":\"老年综合评估报告\",\"menuType\":\"C\",\"orderNum\":1,\"params\":{},\"parentId\":2003,\"path\":\"cag\",\"perms\":\"report:cag:list\",\"routeName\":\"\",\"status\":\"0\",\"updateBy\":\"admin\",\"visible\":\"0\"} ', '{\"msg\":\"操作成功\",\"code\":200}', 0, NULL, '2026-05-27 15:20:34', 17);
INSERT INTO `sys_oper_log` VALUES (123, '菜单管理', 2, 'com.sarcopenia.web.controller.system.SysMenuController.edit()', 'PUT', 1, 'admin', '研发部门', '/system/menu', '127.0.0.1', '内网IP', '{\"children\":[],\"component\":\"report/cagreport/index\",\"createTime\":\"2026-05-27 15:17:08\",\"icon\":\"#\",\"isCache\":\"0\",\"isFrame\":\"1\",\"menuId\":2004,\"menuName\":\"老年综合评估报告\",\"menuType\":\"C\",\"orderNum\":1,\"params\":{},\"parentId\":2003,\"path\":\"cagreport\",\"perms\":\"report:cagreport:list\",\"routeName\":\"\",\"status\":\"0\",\"updateBy\":\"admin\",\"visible\":\"0\"} ', '{\"msg\":\"操作成功\",\"code\":200}', 0, NULL, '2026-05-27 15:37:09', 26);
INSERT INTO `sys_oper_log` VALUES (124, '菜单管理', 2, 'com.sarcopenia.web.controller.system.SysMenuController.edit()', 'PUT', 1, 'admin', '研发部门', '/system/menu', '127.0.0.1', '内网IP', '{\"children\":[],\"component\":\"report/cgareport/index\",\"createTime\":\"2026-05-27 15:17:08\",\"icon\":\"#\",\"isCache\":\"0\",\"isFrame\":\"1\",\"menuId\":2004,\"menuName\":\"老年综合评估报告\",\"menuType\":\"C\",\"orderNum\":1,\"params\":{},\"parentId\":2003,\"path\":\"cgareport\",\"perms\":\"report:cgareport:list\",\"routeName\":\"\",\"status\":\"0\",\"updateBy\":\"admin\",\"visible\":\"0\"} ', '{\"msg\":\"操作成功\",\"code\":200}', 0, NULL, '2026-05-29 11:46:49', 87);
INSERT INTO `sys_oper_log` VALUES (125, '菜单管理', 2, 'com.sarcopenia.web.controller.system.SysMenuController.edit()', 'PUT', 1, 'admin', '研发部门', '/system/menu', '127.0.0.1', '内网IP', '{\"children\":[],\"component\":\"patient/detection/index\",\"createTime\":\"2026-05-25 17:11:57\",\"icon\":\"swagger\",\"isCache\":\"0\",\"isFrame\":\"1\",\"menuId\":2001,\"menuName\":\"检测评估\",\"menuType\":\"C\",\"orderNum\":7,\"params\":{},\"parentId\":0,\"path\":\"detection\",\"perms\":\"patient:detection:list\",\"routeName\":\"\",\"status\":\"1\",\"updateBy\":\"admin\",\"visible\":\"1\"} ', '{\"msg\":\"操作成功\",\"code\":200}', 0, NULL, '2026-06-18 11:33:52', 36);
INSERT INTO `sys_oper_log` VALUES (126, '菜单管理', 2, 'com.sarcopenia.web.controller.system.SysMenuController.edit()', 'PUT', 1, 'admin', '研发部门', '/system/menu', '127.0.0.1', '内网IP', '{\"children\":[],\"component\":\"patient/detection/index\",\"createTime\":\"2026-05-25 17:11:57\",\"icon\":\"swagger\",\"isCache\":\"0\",\"isFrame\":\"1\",\"menuId\":2001,\"menuName\":\"检测评估\",\"menuType\":\"C\",\"orderNum\":7,\"params\":{},\"parentId\":0,\"path\":\"detection\",\"perms\":\"patient:detection:list\",\"routeName\":\"\",\"status\":\"0\",\"updateBy\":\"admin\",\"visible\":\"0\"} ', '{\"msg\":\"操作成功\",\"code\":200}', 0, NULL, '2026-06-18 15:54:51', 29);

-- ----------------------------
-- Table structure for sys_post
-- ----------------------------
DROP TABLE IF EXISTS `sys_post`;
CREATE TABLE `sys_post`  (
  `post_id` bigint NOT NULL AUTO_INCREMENT COMMENT '岗位ID',
  `post_code` varchar(64) CHARACTER SET utf8mb4 COLLATE utf8mb4_general_ci NOT NULL COMMENT '岗位编码',
  `post_name` varchar(50) CHARACTER SET utf8mb4 COLLATE utf8mb4_general_ci NOT NULL COMMENT '岗位名称',
  `post_sort` int NOT NULL COMMENT '显示顺序',
  `status` char(1) CHARACTER SET utf8mb4 COLLATE utf8mb4_general_ci NOT NULL COMMENT '状态（0正常 1停用）',
  `create_by` varchar(64) CHARACTER SET utf8mb4 COLLATE utf8mb4_general_ci NULL DEFAULT '' COMMENT '创建者',
  `create_time` datetime NULL DEFAULT NULL COMMENT '创建时间',
  `update_by` varchar(64) CHARACTER SET utf8mb4 COLLATE utf8mb4_general_ci NULL DEFAULT '' COMMENT '更新者',
  `update_time` datetime NULL DEFAULT NULL COMMENT '更新时间',
  `remark` varchar(500) CHARACTER SET utf8mb4 COLLATE utf8mb4_general_ci NULL DEFAULT NULL COMMENT '备注',
  PRIMARY KEY (`post_id`) USING BTREE
) ENGINE = InnoDB AUTO_INCREMENT = 5 CHARACTER SET = utf8mb4 COLLATE = utf8mb4_general_ci COMMENT = '岗位信息表' ROW_FORMAT = Dynamic;

-- ----------------------------
-- Records of sys_post
-- ----------------------------
INSERT INTO `sys_post` VALUES (1, 'ceo', '董事长', 1, '0', 'admin', '2026-05-25 10:29:04', '', NULL, '');
INSERT INTO `sys_post` VALUES (2, 'se', '项目经理', 2, '0', 'admin', '2026-05-25 10:29:04', '', NULL, '');
INSERT INTO `sys_post` VALUES (3, 'hr', '人力资源', 3, '0', 'admin', '2026-05-25 10:29:04', '', NULL, '');
INSERT INTO `sys_post` VALUES (4, 'user', '普通员工', 4, '0', 'admin', '2026-05-25 10:29:04', '', NULL, '');

-- ----------------------------
-- Table structure for sys_role
-- ----------------------------
DROP TABLE IF EXISTS `sys_role`;
CREATE TABLE `sys_role`  (
  `role_id` bigint NOT NULL AUTO_INCREMENT COMMENT '角色ID',
  `role_name` varchar(30) CHARACTER SET utf8mb4 COLLATE utf8mb4_general_ci NOT NULL COMMENT '角色名称',
  `role_key` varchar(100) CHARACTER SET utf8mb4 COLLATE utf8mb4_general_ci NOT NULL COMMENT '角色权限字符串',
  `role_sort` int NOT NULL COMMENT '显示顺序',
  `data_scope` char(1) CHARACTER SET utf8mb4 COLLATE utf8mb4_general_ci NULL DEFAULT '1' COMMENT '数据范围（1：全部数据权限 2：自定数据权限 3：本部门数据权限 4：本部门及以下数据权限）',
  `menu_check_strictly` tinyint(1) NULL DEFAULT 1 COMMENT '菜单树选择项是否关联显示',
  `dept_check_strictly` tinyint(1) NULL DEFAULT 1 COMMENT '部门树选择项是否关联显示',
  `status` char(1) CHARACTER SET utf8mb4 COLLATE utf8mb4_general_ci NOT NULL COMMENT '角色状态（0正常 1停用）',
  `del_flag` char(1) CHARACTER SET utf8mb4 COLLATE utf8mb4_general_ci NULL DEFAULT '0' COMMENT '删除标志（0代表存在 2代表删除）',
  `create_by` varchar(64) CHARACTER SET utf8mb4 COLLATE utf8mb4_general_ci NULL DEFAULT '' COMMENT '创建者',
  `create_time` datetime NULL DEFAULT NULL COMMENT '创建时间',
  `update_by` varchar(64) CHARACTER SET utf8mb4 COLLATE utf8mb4_general_ci NULL DEFAULT '' COMMENT '更新者',
  `update_time` datetime NULL DEFAULT NULL COMMENT '更新时间',
  `remark` varchar(500) CHARACTER SET utf8mb4 COLLATE utf8mb4_general_ci NULL DEFAULT NULL COMMENT '备注',
  PRIMARY KEY (`role_id`) USING BTREE
) ENGINE = InnoDB AUTO_INCREMENT = 100 CHARACTER SET = utf8mb4 COLLATE = utf8mb4_general_ci COMMENT = '角色信息表' ROW_FORMAT = Dynamic;

-- ----------------------------
-- Records of sys_role
-- ----------------------------
INSERT INTO `sys_role` VALUES (1, '超级管理员', 'admin', 1, '1', 1, 1, '0', '0', 'admin', '2026-05-25 10:29:04', '', NULL, '超级管理员');
INSERT INTO `sys_role` VALUES (2, '普通角色', 'common', 2, '2', 1, 1, '0', '0', 'admin', '2026-05-25 10:29:04', '', NULL, '普通角色');

-- ----------------------------
-- Table structure for sys_role_dept
-- ----------------------------
DROP TABLE IF EXISTS `sys_role_dept`;
CREATE TABLE `sys_role_dept`  (
  `role_id` bigint NOT NULL COMMENT '角色ID',
  `dept_id` bigint NOT NULL COMMENT '部门ID',
  PRIMARY KEY (`role_id`, `dept_id`) USING BTREE
) ENGINE = InnoDB CHARACTER SET = utf8mb4 COLLATE = utf8mb4_general_ci COMMENT = '角色和部门关联表' ROW_FORMAT = Dynamic;

-- ----------------------------
-- Records of sys_role_dept
-- ----------------------------
INSERT INTO `sys_role_dept` VALUES (2, 100);
INSERT INTO `sys_role_dept` VALUES (2, 101);
INSERT INTO `sys_role_dept` VALUES (2, 105);

-- ----------------------------
-- Table structure for sys_role_menu
-- ----------------------------
DROP TABLE IF EXISTS `sys_role_menu`;
CREATE TABLE `sys_role_menu`  (
  `role_id` bigint NOT NULL COMMENT '角色ID',
  `menu_id` bigint NOT NULL COMMENT '菜单ID',
  PRIMARY KEY (`role_id`, `menu_id`) USING BTREE
) ENGINE = InnoDB CHARACTER SET = utf8mb4 COLLATE = utf8mb4_general_ci COMMENT = '角色和菜单关联表' ROW_FORMAT = Dynamic;

-- ----------------------------
-- Records of sys_role_menu
-- ----------------------------
INSERT INTO `sys_role_menu` VALUES (2, 1);
INSERT INTO `sys_role_menu` VALUES (2, 2);
INSERT INTO `sys_role_menu` VALUES (2, 3);
INSERT INTO `sys_role_menu` VALUES (2, 4);
INSERT INTO `sys_role_menu` VALUES (2, 100);
INSERT INTO `sys_role_menu` VALUES (2, 101);
INSERT INTO `sys_role_menu` VALUES (2, 102);
INSERT INTO `sys_role_menu` VALUES (2, 103);
INSERT INTO `sys_role_menu` VALUES (2, 104);
INSERT INTO `sys_role_menu` VALUES (2, 105);
INSERT INTO `sys_role_menu` VALUES (2, 106);
INSERT INTO `sys_role_menu` VALUES (2, 107);
INSERT INTO `sys_role_menu` VALUES (2, 108);
INSERT INTO `sys_role_menu` VALUES (2, 109);
INSERT INTO `sys_role_menu` VALUES (2, 110);
INSERT INTO `sys_role_menu` VALUES (2, 111);
INSERT INTO `sys_role_menu` VALUES (2, 112);
INSERT INTO `sys_role_menu` VALUES (2, 113);
INSERT INTO `sys_role_menu` VALUES (2, 114);
INSERT INTO `sys_role_menu` VALUES (2, 115);
INSERT INTO `sys_role_menu` VALUES (2, 116);
INSERT INTO `sys_role_menu` VALUES (2, 117);
INSERT INTO `sys_role_menu` VALUES (2, 500);
INSERT INTO `sys_role_menu` VALUES (2, 501);
INSERT INTO `sys_role_menu` VALUES (2, 1000);
INSERT INTO `sys_role_menu` VALUES (2, 1001);
INSERT INTO `sys_role_menu` VALUES (2, 1002);
INSERT INTO `sys_role_menu` VALUES (2, 1003);
INSERT INTO `sys_role_menu` VALUES (2, 1004);
INSERT INTO `sys_role_menu` VALUES (2, 1005);
INSERT INTO `sys_role_menu` VALUES (2, 1006);
INSERT INTO `sys_role_menu` VALUES (2, 1007);
INSERT INTO `sys_role_menu` VALUES (2, 1008);
INSERT INTO `sys_role_menu` VALUES (2, 1009);
INSERT INTO `sys_role_menu` VALUES (2, 1010);
INSERT INTO `sys_role_menu` VALUES (2, 1011);
INSERT INTO `sys_role_menu` VALUES (2, 1012);
INSERT INTO `sys_role_menu` VALUES (2, 1013);
INSERT INTO `sys_role_menu` VALUES (2, 1014);
INSERT INTO `sys_role_menu` VALUES (2, 1015);
INSERT INTO `sys_role_menu` VALUES (2, 1016);
INSERT INTO `sys_role_menu` VALUES (2, 1017);
INSERT INTO `sys_role_menu` VALUES (2, 1018);
INSERT INTO `sys_role_menu` VALUES (2, 1019);
INSERT INTO `sys_role_menu` VALUES (2, 1020);
INSERT INTO `sys_role_menu` VALUES (2, 1021);
INSERT INTO `sys_role_menu` VALUES (2, 1022);
INSERT INTO `sys_role_menu` VALUES (2, 1023);
INSERT INTO `sys_role_menu` VALUES (2, 1024);
INSERT INTO `sys_role_menu` VALUES (2, 1025);
INSERT INTO `sys_role_menu` VALUES (2, 1026);
INSERT INTO `sys_role_menu` VALUES (2, 1027);
INSERT INTO `sys_role_menu` VALUES (2, 1028);
INSERT INTO `sys_role_menu` VALUES (2, 1029);
INSERT INTO `sys_role_menu` VALUES (2, 1030);
INSERT INTO `sys_role_menu` VALUES (2, 1031);
INSERT INTO `sys_role_menu` VALUES (2, 1032);
INSERT INTO `sys_role_menu` VALUES (2, 1033);
INSERT INTO `sys_role_menu` VALUES (2, 1034);
INSERT INTO `sys_role_menu` VALUES (2, 1035);
INSERT INTO `sys_role_menu` VALUES (2, 1036);
INSERT INTO `sys_role_menu` VALUES (2, 1037);
INSERT INTO `sys_role_menu` VALUES (2, 1038);
INSERT INTO `sys_role_menu` VALUES (2, 1039);
INSERT INTO `sys_role_menu` VALUES (2, 1040);
INSERT INTO `sys_role_menu` VALUES (2, 1041);
INSERT INTO `sys_role_menu` VALUES (2, 1042);
INSERT INTO `sys_role_menu` VALUES (2, 1043);
INSERT INTO `sys_role_menu` VALUES (2, 1044);
INSERT INTO `sys_role_menu` VALUES (2, 1045);
INSERT INTO `sys_role_menu` VALUES (2, 1046);
INSERT INTO `sys_role_menu` VALUES (2, 1047);
INSERT INTO `sys_role_menu` VALUES (2, 1048);
INSERT INTO `sys_role_menu` VALUES (2, 1049);
INSERT INTO `sys_role_menu` VALUES (2, 1050);
INSERT INTO `sys_role_menu` VALUES (2, 1051);
INSERT INTO `sys_role_menu` VALUES (2, 1052);
INSERT INTO `sys_role_menu` VALUES (2, 1053);
INSERT INTO `sys_role_menu` VALUES (2, 1054);
INSERT INTO `sys_role_menu` VALUES (2, 1055);
INSERT INTO `sys_role_menu` VALUES (2, 1056);
INSERT INTO `sys_role_menu` VALUES (2, 1057);
INSERT INTO `sys_role_menu` VALUES (2, 1058);
INSERT INTO `sys_role_menu` VALUES (2, 1059);
INSERT INTO `sys_role_menu` VALUES (2, 1060);

-- ----------------------------
-- Table structure for sys_user
-- ----------------------------
DROP TABLE IF EXISTS `sys_user`;
CREATE TABLE `sys_user`  (
  `user_id` bigint NOT NULL AUTO_INCREMENT COMMENT '用户ID',
  `dept_id` bigint NULL DEFAULT NULL COMMENT '部门ID',
  `user_name` varchar(30) CHARACTER SET utf8mb4 COLLATE utf8mb4_general_ci NOT NULL COMMENT '用户账号',
  `nick_name` varchar(30) CHARACTER SET utf8mb4 COLLATE utf8mb4_general_ci NOT NULL COMMENT '用户昵称',
  `user_type` varchar(2) CHARACTER SET utf8mb4 COLLATE utf8mb4_general_ci NULL DEFAULT '00' COMMENT '用户类型（00系统用户）',
  `email` varchar(50) CHARACTER SET utf8mb4 COLLATE utf8mb4_general_ci NULL DEFAULT '' COMMENT '用户邮箱',
  `phonenumber` varchar(11) CHARACTER SET utf8mb4 COLLATE utf8mb4_general_ci NULL DEFAULT '' COMMENT '手机号码',
  `sex` char(1) CHARACTER SET utf8mb4 COLLATE utf8mb4_general_ci NULL DEFAULT '0' COMMENT '用户性别（0男 1女 2未知）',
  `avatar` varchar(100) CHARACTER SET utf8mb4 COLLATE utf8mb4_general_ci NULL DEFAULT '' COMMENT '头像地址',
  `password` varchar(100) CHARACTER SET utf8mb4 COLLATE utf8mb4_general_ci NULL DEFAULT '' COMMENT '密码',
  `status` char(1) CHARACTER SET utf8mb4 COLLATE utf8mb4_general_ci NULL DEFAULT '0' COMMENT '账号状态（0正常 1停用）',
  `del_flag` char(1) CHARACTER SET utf8mb4 COLLATE utf8mb4_general_ci NULL DEFAULT '0' COMMENT '删除标志（0代表存在 2代表删除）',
  `login_ip` varchar(128) CHARACTER SET utf8mb4 COLLATE utf8mb4_general_ci NULL DEFAULT '' COMMENT '最后登录IP',
  `login_date` datetime NULL DEFAULT NULL COMMENT '最后登录时间',
  `pwd_update_date` datetime NULL DEFAULT NULL COMMENT '密码最后更新时间',
  `create_by` varchar(64) CHARACTER SET utf8mb4 COLLATE utf8mb4_general_ci NULL DEFAULT '' COMMENT '创建者',
  `create_time` datetime NULL DEFAULT NULL COMMENT '创建时间',
  `update_by` varchar(64) CHARACTER SET utf8mb4 COLLATE utf8mb4_general_ci NULL DEFAULT '' COMMENT '更新者',
  `update_time` datetime NULL DEFAULT NULL COMMENT '更新时间',
  `remark` varchar(500) CHARACTER SET utf8mb4 COLLATE utf8mb4_general_ci NULL DEFAULT NULL COMMENT '备注',
  PRIMARY KEY (`user_id`) USING BTREE
) ENGINE = InnoDB AUTO_INCREMENT = 100 CHARACTER SET = utf8mb4 COLLATE = utf8mb4_general_ci COMMENT = '用户信息表' ROW_FORMAT = Dynamic;

-- ----------------------------
-- Records of sys_user
-- ----------------------------
INSERT INTO `sys_user` VALUES (1, 103, 'admin', '管理员', '00', 'ry@163.com', '15888888888', '1', '/profile/avatar/2026/05/26/f4b07b4feb6b458da7450a7cbc9f7332.png', '$2a$10$7JB720yubVSZvUI0rEqK/.VqGOZTH.ulu33dHOiBE8ByOhJIrdAu2', '0', '0', '127.0.0.1', '2026-06-18 15:54:56', '2026-05-25 10:29:04', 'admin', '2026-05-25 10:29:04', '', '2026-05-26 10:52:09', '管理员');
INSERT INTO `sys_user` VALUES (2, 105, 'ry', '若依', '00', 'ry@qq.com', '15666666666', '1', '', '$2a$10$7JB720yubVSZvUI0rEqK/.VqGOZTH.ulu33dHOiBE8ByOhJIrdAu2', '0', '0', '127.0.0.1', '2026-05-25 10:29:04', '2026-05-25 10:29:04', 'admin', '2026-05-25 10:29:04', '', NULL, '测试员');

-- ----------------------------
-- Table structure for sys_user_post
-- ----------------------------
DROP TABLE IF EXISTS `sys_user_post`;
CREATE TABLE `sys_user_post`  (
  `user_id` bigint NOT NULL COMMENT '用户ID',
  `post_id` bigint NOT NULL COMMENT '岗位ID',
  PRIMARY KEY (`user_id`, `post_id`) USING BTREE
) ENGINE = InnoDB CHARACTER SET = utf8mb4 COLLATE = utf8mb4_general_ci COMMENT = '用户与岗位关联表' ROW_FORMAT = Dynamic;

-- ----------------------------
-- Records of sys_user_post
-- ----------------------------
INSERT INTO `sys_user_post` VALUES (1, 1);
INSERT INTO `sys_user_post` VALUES (2, 2);

-- ----------------------------
-- Table structure for sys_user_role
-- ----------------------------
DROP TABLE IF EXISTS `sys_user_role`;
CREATE TABLE `sys_user_role`  (
  `user_id` bigint NOT NULL COMMENT '用户ID',
  `role_id` bigint NOT NULL COMMENT '角色ID',
  PRIMARY KEY (`user_id`, `role_id`) USING BTREE
) ENGINE = InnoDB CHARACTER SET = utf8mb4 COLLATE = utf8mb4_general_ci COMMENT = '用户和角色关联表' ROW_FORMAT = Dynamic;

-- ----------------------------
-- Records of sys_user_role
-- ----------------------------
INSERT INTO `sys_user_role` VALUES (1, 1);
INSERT INTO `sys_user_role` VALUES (2, 2);

SET FOREIGN_KEY_CHECKS = 1;
